Timestamp,Proizvodnja_normirano
2020-01-01 00:11:00,0.0
2020-01-01 01:11:00,0.0
2020-01-01 02:11:00,0.0
2020-01-01 03:11:00,0.0
2020-01-01 04:11:00,0.0
2020-01-01 05:11:00,0.0
2020-01-01 06:11:00,0.0
2020-01-01 07:11:00,0.0
2020-01-01 08:11:00,0.13788
2020-01-01 09:11:00,0.19912
2020-01-01 10:11:00,0.48017000000000004
2020-01-01 11:11:00,0.17246
2020-01-01 12:11:00,0.31236
2020-01-01 13:11:00,0.35055000000000003
2020-01-01 14:11:00,0.13406
2020-01-01 15:11:00,0.0
2020-01-01 16:11:00,0.0
2020-01-01 17:11:00,0.0
2020-01-01 18:11:00,0.0
2020-01-01 19:11:00,0.0
2020-01-01 20:11:00,0.0
2020-01-01 21:11:00,0.0
2020-01-01 22:11:00,0.0
2020-01-01 23:11:00,0.0
2020-01-02 00:11:00,0.0
2020-01-02 01:11:00,0.0
2020-01-02 02:11:00,0.0
2020-01-02 03:11:00,0.0
2020-01-02 04:11:00,0.0
2020-01-02 05:11:00,0.0
2020-01-02 06:11:00,0.0
2020-01-02 07:11:00,0.0
2020-01-02 08:11:00,0.22871
2020-01-02 09:11:00,0.46836
2020-01-02 10:11:00,0.62
2020-01-02 11:11:00,0.63814
2020-01-02 12:11:00,0.58301
2020-01-02 13:11:00,0.42414999999999997
2020-01-02 14:11:00,0.15047
2020-01-02 15:11:00,0.0
2020-01-02 16:11:00,0.0
2020-01-02 17:11:00,0.0
2020-01-02 18:11:00,0.0
2020-01-02 19:11:00,0.0
2020-01-02 20:11:00,0.0
2020-01-02 21:11:00,0.0
2020-01-02 22:11:00,0.0
2020-01-02 23:11:00,0.0
2020-01-03 00:11:00,0.0
2020-01-03 01:11:00,0.0
2020-01-03 02:11:00,0.0
2020-01-03 03:11:00,0.0
2020-01-03 04:11:00,0.0
2020-01-03 05:11:00,0.0
2020-01-03 06:11:00,0.0
2020-01-03 07:11:00,0.0
2020-01-03 08:11:00,0.00442
2020-01-03 09:11:00,0.01279
2020-01-03 10:11:00,0.00661
2020-01-03 11:11:00,0.04395
2020-01-03 12:11:00,0.01864
2020-01-03 13:11:00,0.12222
2020-01-03 14:11:00,0.008320000000000001
2020-01-03 15:11:00,0.0
2020-01-03 16:11:00,0.0
2020-01-03 17:11:00,0.0
2020-01-03 18:11:00,0.0
2020-01-03 19:11:00,0.0
2020-01-03 20:11:00,0.0
2020-01-03 21:11:00,0.0
2020-01-03 22:11:00,0.0
2020-01-03 23:11:00,0.0
2020-01-04 00:11:00,0.0
2020-01-04 01:11:00,0.0
2020-01-04 02:11:00,0.0
2020-01-04 03:11:00,0.0
2020-01-04 04:11:00,0.0
2020-01-04 05:11:00,0.0
2020-01-04 06:11:00,0.0
2020-01-04 07:11:00,0.0
2020-01-04 08:11:00,0.05662
2020-01-04 09:11:00,0.10337
2020-01-04 10:11:00,0.03156
2020-01-04 11:11:00,0.02014
2020-01-04 12:11:00,0.32631
2020-01-04 13:11:00,0.01151
2020-01-04 14:11:00,0.00779
2020-01-04 15:11:00,0.0
2020-01-04 16:11:00,0.0
2020-01-04 17:11:00,0.0
2020-01-04 18:11:00,0.0
2020-01-04 19:11:00,0.0
2020-01-04 20:11:00,0.0
2020-01-04 21:11:00,0.0
2020-01-04 22:11:00,0.0
2020-01-04 23:11:00,0.0
2020-01-05 00:11:00,0.0
2020-01-05 01:11:00,0.0
2020-01-05 02:11:00,0.0
2020-01-05 03:11:00,0.0
2020-01-05 04:11:00,0.0
2020-01-05 05:11:00,0.0
2020-01-05 06:11:00,0.0
2020-01-05 07:11:00,0.0
2020-01-05 08:11:00,0.26061
2020-01-05 09:11:00,0.47843
2020-01-05 10:11:00,0.10503
2020-01-05 11:11:00,0.22216
2020-01-05 12:11:00,0.08795
2020-01-05 13:11:00,0.17212
2020-01-05 14:11:00,0.053329999999999995
2020-01-05 15:11:00,0.0
2020-01-05 16:11:00,0.0
2020-01-05 17:11:00,0.0
2020-01-05 18:11:00,0.0
2020-01-05 19:11:00,0.0
2020-01-05 20:11:00,0.0
2020-01-05 21:11:00,0.0
2020-01-05 22:11:00,0.0
2020-01-05 23:11:00,0.0
2020-01-06 00:11:00,0.0
2020-01-06 01:11:00,0.0
2020-01-06 02:11:00,0.0
2020-01-06 03:11:00,0.0
2020-01-06 04:11:00,0.0
2020-01-06 05:11:00,0.0
2020-01-06 06:11:00,0.0
2020-01-06 07:11:00,0.0
2020-01-06 08:11:00,0.04846
2020-01-06 09:11:00,0.13011
2020-01-06 10:11:00,0.5002300000000001
2020-01-06 11:11:00,0.59708
2020-01-06 12:11:00,0.46875
2020-01-06 13:11:00,0.22623
2020-01-06 14:11:00,0.05847
2020-01-06 15:11:00,0.0
2020-01-06 16:11:00,0.0
2020-01-06 17:11:00,0.0
2020-01-06 18:11:00,0.0
2020-01-06 19:11:00,0.0
2020-01-06 20:11:00,0.0
2020-01-06 21:11:00,0.0
2020-01-06 22:11:00,0.0
2020-01-06 23:11:00,0.0
2020-01-07 00:11:00,0.0
2020-01-07 01:11:00,0.0
2020-01-07 02:11:00,0.0
2020-01-07 03:11:00,0.0
2020-01-07 04:11:00,0.0
2020-01-07 05:11:00,0.0
2020-01-07 06:11:00,0.0
2020-01-07 07:11:00,0.0
2020-01-07 08:11:00,0.00563
2020-01-07 09:11:00,0.03615
2020-01-07 10:11:00,0.043
2020-01-07 11:11:00,0.037649999999999996
2020-01-07 12:11:00,0.05968
2020-01-07 13:11:00,0.02509
2020-01-07 14:11:00,0.008400000000000001
2020-01-07 15:11:00,0.0
2020-01-07 16:11:00,0.0
2020-01-07 17:11:00,0.0
2020-01-07 18:11:00,0.0
2020-01-07 19:11:00,0.0
2020-01-07 20:11:00,0.0
2020-01-07 21:11:00,0.0
2020-01-07 22:11:00,0.0
2020-01-07 23:11:00,0.0
2020-01-08 00:11:00,0.0
2020-01-08 01:11:00,0.0
2020-01-08 02:11:00,0.0
2020-01-08 03:11:00,0.0
2020-01-08 04:11:00,0.0
2020-01-08 05:11:00,0.0
2020-01-08 06:11:00,0.0
2020-01-08 07:11:00,0.0
2020-01-08 08:11:00,0.12847999999999998
2020-01-08 09:11:00,0.01342
2020-01-08 10:11:00,0.009609999999999999
2020-01-08 11:11:00,0.03807
2020-01-08 12:11:00,0.00717
2020-01-08 13:11:00,0.012039999999999999
2020-01-08 14:11:00,0.0
2020-01-08 15:11:00,0.0
2020-01-08 16:11:00,0.0
2020-01-08 17:11:00,0.0
2020-01-08 18:11:00,0.0
2020-01-08 19:11:00,0.0
2020-01-08 20:11:00,0.0
2020-01-08 21:11:00,0.0
2020-01-08 22:11:00,0.0
2020-01-08 23:11:00,0.0
2020-01-09 00:11:00,0.0
2020-01-09 01:11:00,0.0
2020-01-09 02:11:00,0.0
2020-01-09 03:11:00,0.0
2020-01-09 04:11:00,0.0
2020-01-09 05:11:00,0.0
2020-01-09 06:11:00,0.0
2020-01-09 07:11:00,0.0
2020-01-09 08:11:00,0.13218000000000002
2020-01-09 09:11:00,0.02828
2020-01-09 10:11:00,0.04208
2020-01-09 11:11:00,0.0879
2020-01-09 12:11:00,0.05978
2020-01-09 13:11:00,0.06655
2020-01-09 14:11:00,0.00183
2020-01-09 15:11:00,0.0
2020-01-09 16:11:00,0.0
2020-01-09 17:11:00,0.0
2020-01-09 18:11:00,0.0
2020-01-09 19:11:00,0.0
2020-01-09 20:11:00,0.0
2020-01-09 21:11:00,0.0
2020-01-09 22:11:00,0.0
2020-01-09 23:11:00,0.0
2020-01-10 00:11:00,0.0
2020-01-10 01:11:00,0.0
2020-01-10 02:11:00,0.0
2020-01-10 03:11:00,0.0
2020-01-10 04:11:00,0.0
2020-01-10 05:11:00,0.0
2020-01-10 06:11:00,0.0
2020-01-10 07:11:00,0.0
2020-01-10 08:11:00,0.009970000000000001
2020-01-10 09:11:00,0.03618
2020-01-10 10:11:00,0.05329
2020-01-10 11:11:00,0.57071
2020-01-10 12:11:00,0.23221
2020-01-10 13:11:00,0.02225
2020-01-10 14:11:00,0.025160000000000002
2020-01-10 15:11:00,0.0
2020-01-10 16:11:00,0.0
2020-01-10 17:11:00,0.0
2020-01-10 18:11:00,0.0
2020-01-10 19:11:00,0.0
2020-01-10 20:11:00,0.0
2020-01-10 21:11:00,0.0
2020-01-10 22:11:00,0.0
2020-01-10 23:11:00,0.0
2020-01-11 00:11:00,0.0
2020-01-11 01:11:00,0.0
2020-01-11 02:11:00,0.0
2020-01-11 03:11:00,0.0
2020-01-11 04:11:00,0.0
2020-01-11 05:11:00,0.0
2020-01-11 06:11:00,0.0
2020-01-11 07:11:00,0.0
2020-01-11 08:11:00,0.00902
2020-01-11 09:11:00,0.04003
2020-01-11 10:11:00,0.23379
2020-01-11 11:11:00,0.23509
2020-01-11 12:11:00,0.38999
2020-01-11 13:11:00,0.12990000000000002
2020-01-11 14:11:00,0.08306999999999999
2020-01-11 15:11:00,0.0
2020-01-11 16:11:00,0.0
2020-01-11 17:11:00,0.0
2020-01-11 18:11:00,0.0
2020-01-11 19:11:00,0.0
2020-01-11 20:11:00,0.0
2020-01-11 21:11:00,0.0
2020-01-11 22:11:00,0.0
2020-01-11 23:11:00,0.0
2020-01-12 00:11:00,0.0
2020-01-12 01:11:00,0.0
2020-01-12 02:11:00,0.0
2020-01-12 03:11:00,0.0
2020-01-12 04:11:00,0.0
2020-01-12 05:11:00,0.0
2020-01-12 06:11:00,0.0
2020-01-12 07:11:00,0.0
2020-01-12 08:11:00,0.35595
2020-01-12 09:11:00,0.32068
2020-01-12 10:11:00,0.5101
2020-01-12 11:11:00,0.53388
2020-01-12 12:11:00,0.4658
2020-01-12 13:11:00,0.44077
2020-01-12 14:11:00,0.25364
2020-01-12 15:11:00,0.0
2020-01-12 16:11:00,0.0
2020-01-12 17:11:00,0.0
2020-01-12 18:11:00,0.0
2020-01-12 19:11:00,0.0
2020-01-12 20:11:00,0.0
2020-01-12 21:11:00,0.0
2020-01-12 22:11:00,0.0
2020-01-12 23:11:00,0.0
2020-01-13 00:11:00,0.0
2020-01-13 01:11:00,0.0
2020-01-13 02:11:00,0.0
2020-01-13 03:11:00,0.0
2020-01-13 04:11:00,0.0
2020-01-13 05:11:00,0.0
2020-01-13 06:11:00,0.0
2020-01-13 07:11:00,0.0
2020-01-13 08:11:00,0.10521
2020-01-13 09:11:00,0.15097
2020-01-13 10:11:00,0.01392
2020-01-13 11:11:00,0.21001
2020-01-13 12:11:00,0.52398
2020-01-13 13:11:00,0.4019
2020-01-13 14:11:00,0.28037
2020-01-13 15:11:00,0.0
2020-01-13 16:11:00,0.0
2020-01-13 17:11:00,0.0
2020-01-13 18:11:00,0.0
2020-01-13 19:11:00,0.0
2020-01-13 20:11:00,0.0
2020-01-13 21:11:00,0.0
2020-01-13 22:11:00,0.0
2020-01-13 23:11:00,0.0
2020-01-14 00:11:00,0.0
2020-01-14 01:11:00,0.0
2020-01-14 02:11:00,0.0
2020-01-14 03:11:00,0.0
2020-01-14 04:11:00,0.0
2020-01-14 05:11:00,0.0
2020-01-14 06:11:00,0.0
2020-01-14 07:11:00,0.0
2020-01-14 08:11:00,0.0014299999999999998
2020-01-14 09:11:00,0.29270999999999997
2020-01-14 10:11:00,0.07952
2020-01-14 11:11:00,0.21216
2020-01-14 12:11:00,0.20635
2020-01-14 13:11:00,0.29769
2020-01-14 14:11:00,0.06817000000000001
2020-01-14 15:11:00,0.0
2020-01-14 16:11:00,0.0
2020-01-14 17:11:00,0.0
2020-01-14 18:11:00,0.0
2020-01-14 19:11:00,0.0
2020-01-14 20:11:00,0.0
2020-01-14 21:11:00,0.0
2020-01-14 22:11:00,0.0
2020-01-14 23:11:00,0.0
2020-01-15 00:11:00,0.0
2020-01-15 01:11:00,0.0
2020-01-15 02:11:00,0.0
2020-01-15 03:11:00,0.0
2020-01-15 04:11:00,0.0
2020-01-15 05:11:00,0.0
2020-01-15 06:11:00,0.0
2020-01-15 07:11:00,0.0
2020-01-15 08:11:00,0.14687
2020-01-15 09:11:00,0.13881
2020-01-15 10:11:00,0.06014
2020-01-15 11:11:00,0.48102999999999996
2020-01-15 12:11:00,0.45591000000000004
2020-01-15 13:11:00,0.14176
2020-01-15 14:11:00,0.08403000000000001
2020-01-15 15:11:00,0.0
2020-01-15 16:11:00,0.0
2020-01-15 17:11:00,0.0
2020-01-15 18:11:00,0.0
2020-01-15 19:11:00,0.0
2020-01-15 20:11:00,0.0
2020-01-15 21:11:00,0.0
2020-01-15 22:11:00,0.0
2020-01-15 23:11:00,0.0
2020-01-16 00:11:00,0.0
2020-01-16 01:11:00,0.0
2020-01-16 02:11:00,0.0
2020-01-16 03:11:00,0.0
2020-01-16 04:11:00,0.0
2020-01-16 05:11:00,0.0
2020-01-16 06:11:00,0.0
2020-01-16 07:11:00,0.0
2020-01-16 08:11:00,0.34648
2020-01-16 09:11:00,0.51255
2020-01-16 10:11:00,0.58766
2020-01-16 11:11:00,0.59802
2020-01-16 12:11:00,0.5532699999999999
2020-01-16 13:11:00,0.44026
2020-01-16 14:11:00,0.25776
2020-01-16 15:11:00,0.0
2020-01-16 16:11:00,0.0
2020-01-16 17:11:00,0.0
2020-01-16 18:11:00,0.0
2020-01-16 19:11:00,0.0
2020-01-16 20:11:00,0.0
2020-01-16 21:11:00,0.0
2020-01-16 22:11:00,0.0
2020-01-16 23:11:00,0.0
2020-01-17 00:11:00,0.0
2020-01-17 01:11:00,0.0
2020-01-17 02:11:00,0.0
2020-01-17 03:11:00,0.0
2020-01-17 04:11:00,0.0
2020-01-17 05:11:00,0.0
2020-01-17 06:11:00,0.0
2020-01-17 07:11:00,0.0
2020-01-17 08:11:00,0.305
2020-01-17 09:11:00,0.51847
2020-01-17 10:11:00,0.6175499999999999
2020-01-17 11:11:00,0.63058
2020-01-17 12:11:00,0.58502
2020-01-17 13:11:00,0.45893
2020-01-17 14:11:00,0.25801999999999997
2020-01-17 15:11:00,0.0
2020-01-17 16:11:00,0.0
2020-01-17 17:11:00,0.0
2020-01-17 18:11:00,0.0
2020-01-17 19:11:00,0.0
2020-01-17 20:11:00,0.0
2020-01-17 21:11:00,0.0
2020-01-17 22:11:00,0.0
2020-01-17 23:11:00,0.0
2020-01-18 00:11:00,0.0
2020-01-18 01:11:00,0.0
2020-01-18 02:11:00,0.0
2020-01-18 03:11:00,0.0
2020-01-18 04:11:00,0.0
2020-01-18 05:11:00,0.0
2020-01-18 06:11:00,0.0
2020-01-18 07:11:00,0.0
2020-01-18 08:11:00,0.35813
2020-01-18 09:11:00,0.48094
2020-01-18 10:11:00,0.66541
2020-01-18 11:11:00,0.45086000000000004
2020-01-18 12:11:00,0.14296999999999999
2020-01-18 13:11:00,0.31997000000000003
2020-01-18 14:11:00,0.11798
2020-01-18 15:11:00,0.0
2020-01-18 16:11:00,0.0
2020-01-18 17:11:00,0.0
2020-01-18 18:11:00,0.0
2020-01-18 19:11:00,0.0
2020-01-18 20:11:00,0.0
2020-01-18 21:11:00,0.0
2020-01-18 22:11:00,0.0
2020-01-18 23:11:00,0.0
2020-01-19 00:11:00,0.0
2020-01-19 01:11:00,0.0
2020-01-19 02:11:00,0.0
2020-01-19 03:11:00,0.0
2020-01-19 04:11:00,0.0
2020-01-19 05:11:00,0.0
2020-01-19 06:11:00,0.0
2020-01-19 07:11:00,0.0
2020-01-19 08:11:00,0.0703
2020-01-19 09:11:00,0.2287
2020-01-19 10:11:00,0.09734999999999999
2020-01-19 11:11:00,0.16346
2020-01-19 12:11:00,0.10085
2020-01-19 13:11:00,0.31969
2020-01-19 14:11:00,0.13013999999999998
2020-01-19 15:11:00,0.0
2020-01-19 16:11:00,0.0
2020-01-19 17:11:00,0.0
2020-01-19 18:11:00,0.0
2020-01-19 19:11:00,0.0
2020-01-19 20:11:00,0.0
2020-01-19 21:11:00,0.0
2020-01-19 22:11:00,0.0
2020-01-19 23:11:00,0.0
2020-01-20 00:11:00,0.0
2020-01-20 01:11:00,0.0
2020-01-20 02:11:00,0.0
2020-01-20 03:11:00,0.0
2020-01-20 04:11:00,0.0
2020-01-20 05:11:00,0.0
2020-01-20 06:11:00,0.0
2020-01-20 07:11:00,0.0
2020-01-20 08:11:00,0.25895
2020-01-20 09:11:00,0.52525
2020-01-20 10:11:00,0.44071
2020-01-20 11:11:00,0.059789999999999996
2020-01-20 12:11:00,0.11773
2020-01-20 13:11:00,0.20785
2020-01-20 14:11:00,0.02598
2020-01-20 15:11:00,0.0
2020-01-20 16:11:00,0.0
2020-01-20 17:11:00,0.0
2020-01-20 18:11:00,0.0
2020-01-20 19:11:00,0.0
2020-01-20 20:11:00,0.0
2020-01-20 21:11:00,0.0
2020-01-20 22:11:00,0.0
2020-01-20 23:11:00,0.0
2020-01-21 00:11:00,0.0
2020-01-21 01:11:00,0.0
2020-01-21 02:11:00,0.0
2020-01-21 03:11:00,0.0
2020-01-21 04:11:00,0.0
2020-01-21 05:11:00,0.0
2020-01-21 06:11:00,0.0
2020-01-21 07:11:00,0.0
2020-01-21 08:11:00,0.30147
2020-01-21 09:11:00,0.55586
2020-01-21 10:11:00,0.6180599999999999
2020-01-21 11:11:00,0.65635
2020-01-21 12:11:00,0.6104299999999999
2020-01-21 13:11:00,0.5017699999999999
2020-01-21 14:11:00,0.29401
2020-01-21 15:11:00,0.0
2020-01-21 16:11:00,0.0
2020-01-21 17:11:00,0.0
2020-01-21 18:11:00,0.0
2020-01-21 19:11:00,0.0
2020-01-21 20:11:00,0.0
2020-01-21 21:11:00,0.0
2020-01-21 22:11:00,0.0
2020-01-21 23:11:00,0.0
2020-01-22 00:11:00,0.0
2020-01-22 01:11:00,0.0
2020-01-22 02:11:00,0.0
2020-01-22 03:11:00,0.0
2020-01-22 04:11:00,0.0
2020-01-22 05:11:00,0.0
2020-01-22 06:11:00,0.0
2020-01-22 07:11:00,0.0
2020-01-22 08:11:00,0.031170000000000003
2020-01-22 09:11:00,0.03554
2020-01-22 10:11:00,0.05921
2020-01-22 11:11:00,0.0259
2020-01-22 12:11:00,0.030170000000000002
2020-01-22 13:11:00,0.03739
2020-01-22 14:11:00,0.13725
2020-01-22 15:11:00,0.0
2020-01-22 16:11:00,0.0
2020-01-22 17:11:00,0.0
2020-01-22 18:11:00,0.0
2020-01-22 19:11:00,0.0
2020-01-22 20:11:00,0.0
2020-01-22 21:11:00,0.0
2020-01-22 22:11:00,0.0
2020-01-22 23:11:00,0.0
2020-01-23 00:11:00,0.0
2020-01-23 01:11:00,0.0
2020-01-23 02:11:00,0.0
2020-01-23 03:11:00,0.0
2020-01-23 04:11:00,0.0
2020-01-23 05:11:00,0.0
2020-01-23 06:11:00,0.0
2020-01-23 07:11:00,0.0
2020-01-23 08:11:00,0.032310000000000005
2020-01-23 09:11:00,0.038299999999999994
2020-01-23 10:11:00,0.04721
2020-01-23 11:11:00,0.06625
2020-01-23 12:11:00,0.15487
2020-01-23 13:11:00,0.12234
2020-01-23 14:11:00,0.028489999999999998
2020-01-23 15:11:00,0.0
2020-01-23 16:11:00,0.0
2020-01-23 17:11:00,0.0
2020-01-23 18:11:00,0.0
2020-01-23 19:11:00,0.0
2020-01-23 20:11:00,0.0
2020-01-23 21:11:00,0.0
2020-01-23 22:11:00,0.0
2020-01-23 23:11:00,0.0
2020-01-24 00:11:00,0.0
2020-01-24 01:11:00,0.0
2020-01-24 02:11:00,0.0
2020-01-24 03:11:00,0.0
2020-01-24 04:11:00,0.0
2020-01-24 05:11:00,0.0
2020-01-24 06:11:00,0.0
2020-01-24 07:11:00,0.0
2020-01-24 08:11:00,0.33658
2020-01-24 09:11:00,0.5462899999999999
2020-01-24 10:11:00,0.61242
2020-01-24 11:11:00,0.66403
2020-01-24 12:11:00,0.64149
2020-01-24 13:11:00,0.5150399999999999
2020-01-24 14:11:00,0.33636
2020-01-24 15:11:00,0.0
2020-01-24 16:11:00,0.0
2020-01-24 17:11:00,0.0
2020-01-24 18:11:00,0.0
2020-01-24 19:11:00,0.0
2020-01-24 20:11:00,0.0
2020-01-24 21:11:00,0.0
2020-01-24 22:11:00,0.0
2020-01-24 23:11:00,0.0
2020-01-25 00:11:00,0.0
2020-01-25 01:11:00,0.0
2020-01-25 02:11:00,0.0
2020-01-25 03:11:00,0.0
2020-01-25 04:11:00,0.0
2020-01-25 05:11:00,0.0
2020-01-25 06:11:00,0.0
2020-01-25 07:11:00,0.0
2020-01-25 08:11:00,0.03964
2020-01-25 09:11:00,0.036719999999999996
2020-01-25 10:11:00,0.04345
2020-01-25 11:11:00,0.036520000000000004
2020-01-25 12:11:00,0.05471
2020-01-25 13:11:00,0.029679999999999998
2020-01-25 14:11:00,0.01426
2020-01-25 15:11:00,0.0
2020-01-25 16:11:00,0.0
2020-01-25 17:11:00,0.0
2020-01-25 18:11:00,0.0
2020-01-25 19:11:00,0.0
2020-01-25 20:11:00,0.0
2020-01-25 21:11:00,0.0
2020-01-25 22:11:00,0.0
2020-01-25 23:11:00,0.0
2020-01-26 00:11:00,0.0
2020-01-26 01:11:00,0.0
2020-01-26 02:11:00,0.0
2020-01-26 03:11:00,0.0
2020-01-26 04:11:00,0.0
2020-01-26 05:11:00,0.0
2020-01-26 06:11:00,0.0
2020-01-26 07:11:00,0.0
2020-01-26 08:11:00,0.008039999999999999
2020-01-26 09:11:00,0.032920000000000005
2020-01-26 10:11:00,0.03347
2020-01-26 11:11:00,0.027469999999999998
2020-01-26 12:11:00,0.02524
2020-01-26 13:11:00,0.05343
2020-01-26 14:11:00,0.022350000000000002
2020-01-26 15:11:00,0.0
2020-01-26 16:11:00,0.0
2020-01-26 17:11:00,0.0
2020-01-26 18:11:00,0.0
2020-01-26 19:11:00,0.0
2020-01-26 20:11:00,0.0
2020-01-26 21:11:00,0.0
2020-01-26 22:11:00,0.0
2020-01-26 23:11:00,0.0
2020-01-27 00:11:00,0.0
2020-01-27 01:11:00,0.0
2020-01-27 02:11:00,0.0
2020-01-27 03:11:00,0.0
2020-01-27 04:11:00,0.0
2020-01-27 05:11:00,0.0
2020-01-27 06:11:00,0.0
2020-01-27 07:11:00,0.0
2020-01-27 08:11:00,0.22297
2020-01-27 09:11:00,0.40775
2020-01-27 10:11:00,0.55924
2020-01-27 11:11:00,0.28266
2020-01-27 12:11:00,0.18412
2020-01-27 13:11:00,0.1768
2020-01-27 14:11:00,0.07489
2020-01-27 15:11:00,0.00061
2020-01-27 16:11:00,0.0
2020-01-27 17:11:00,0.0
2020-01-27 18:11:00,0.0
2020-01-27 19:11:00,0.0
2020-01-27 20:11:00,0.0
2020-01-27 21:11:00,0.0
2020-01-27 22:11:00,0.0
2020-01-27 23:11:00,0.0
2020-01-28 00:11:00,0.0
2020-01-28 01:11:00,0.0
2020-01-28 02:11:00,0.0
2020-01-28 03:11:00,0.0
2020-01-28 04:11:00,0.0
2020-01-28 05:11:00,0.0
2020-01-28 06:11:00,0.0
2020-01-28 07:11:00,0.0
2020-01-28 08:11:00,0.19372999999999999
2020-01-28 09:11:00,0.59136
2020-01-28 10:11:00,0.63213
2020-01-28 11:11:00,0.22047999999999998
2020-01-28 12:11:00,0.01005
2020-01-28 13:11:00,0.06081
2020-01-28 14:11:00,0.00332
2020-01-28 15:11:00,0.0
2020-01-28 16:11:00,0.0
2020-01-28 17:11:00,0.0
2020-01-28 18:11:00,0.0
2020-01-28 19:11:00,0.0
2020-01-28 20:11:00,0.0
2020-01-28 21:11:00,0.0
2020-01-28 22:11:00,0.0
2020-01-28 23:11:00,0.0
2020-01-29 00:11:00,0.0
2020-01-29 01:11:00,0.0
2020-01-29 02:11:00,0.0
2020-01-29 03:11:00,0.0
2020-01-29 04:11:00,0.0
2020-01-29 05:11:00,0.0
2020-01-29 06:11:00,0.0
2020-01-29 07:11:00,0.0
2020-01-29 08:11:00,0.12440000000000001
2020-01-29 09:11:00,0.33767
2020-01-29 10:11:00,0.13338999999999998
2020-01-29 11:11:00,0.09358
2020-01-29 12:11:00,0.06494
2020-01-29 13:11:00,0.13616
2020-01-29 14:11:00,0.08627
2020-01-29 15:11:00,0.0014399999999999999
2020-01-29 16:11:00,0.0
2020-01-29 17:11:00,0.0
2020-01-29 18:11:00,0.0
2020-01-29 19:11:00,0.0
2020-01-29 20:11:00,0.0
2020-01-29 21:11:00,0.0
2020-01-29 22:11:00,0.0
2020-01-29 23:11:00,0.0
2020-01-30 00:11:00,0.0
2020-01-30 01:11:00,0.0
2020-01-30 02:11:00,0.0
2020-01-30 03:11:00,0.0
2020-01-30 04:11:00,0.0
2020-01-30 05:11:00,0.0
2020-01-30 06:11:00,0.0
2020-01-30 07:11:00,0.0
2020-01-30 08:11:00,0.07504999999999999
2020-01-30 09:11:00,0.12429000000000001
2020-01-30 10:11:00,0.06533
2020-01-30 11:11:00,0.09731999999999999
2020-01-30 12:11:00,0.31686000000000003
2020-01-30 13:11:00,0.038560000000000004
2020-01-30 14:11:00,0.027620000000000002
2020-01-30 15:11:00,0.00281
2020-01-30 16:11:00,0.0
2020-01-30 17:11:00,0.0
2020-01-30 18:11:00,0.0
2020-01-30 19:11:00,0.0
2020-01-30 20:11:00,0.0
2020-01-30 21:11:00,0.0
2020-01-30 22:11:00,0.0
2020-01-30 23:11:00,0.0
2020-01-31 00:11:00,0.0
2020-01-31 01:11:00,0.0
2020-01-31 02:11:00,0.0
2020-01-31 03:11:00,0.0
2020-01-31 04:11:00,0.0
2020-01-31 05:11:00,0.0
2020-01-31 06:11:00,0.0
2020-01-31 07:11:00,0.0
2020-01-31 08:11:00,0.14111
2020-01-31 09:11:00,0.41076
2020-01-31 10:11:00,0.5770299999999999
2020-01-31 11:11:00,0.40958
2020-01-31 12:11:00,0.06332
2020-01-31 13:11:00,0.26718000000000003
2020-01-31 14:11:00,0.03508
2020-01-31 15:11:00,0.0005899999999999999
2020-01-31 16:11:00,0.0
2020-01-31 17:11:00,0.0
2020-01-31 18:11:00,0.0
2020-01-31 19:11:00,0.0
2020-01-31 20:11:00,0.0
2020-01-31 21:11:00,0.0
2020-01-31 22:11:00,0.0
2020-01-31 23:11:00,0.0
2020-02-01 00:11:00,0.0
2020-02-01 01:11:00,0.0
2020-02-01 02:11:00,0.0
2020-02-01 03:11:00,0.0
2020-02-01 04:11:00,0.0
2020-02-01 05:11:00,0.0
2020-02-01 06:11:00,0.0
2020-02-01 07:11:00,0.0
2020-02-01 08:11:00,0.01954
2020-02-01 09:11:00,0.32552
2020-02-01 10:11:00,0.05907
2020-02-01 11:11:00,0.048659999999999995
2020-02-01 12:11:00,0.036289999999999996
2020-02-01 13:11:00,0.048
2020-02-01 14:11:00,0.02916
2020-02-01 15:11:00,0.00058
2020-02-01 16:11:00,0.0
2020-02-01 17:11:00,0.0
2020-02-01 18:11:00,0.0
2020-02-01 19:11:00,0.0
2020-02-01 20:11:00,0.0
2020-02-01 21:11:00,0.0
2020-02-01 22:11:00,0.0
2020-02-01 23:11:00,0.0
2020-02-02 00:11:00,0.0
2020-02-02 01:11:00,0.0
2020-02-02 02:11:00,0.0
2020-02-02 03:11:00,0.0
2020-02-02 04:11:00,0.0
2020-02-02 05:11:00,0.0
2020-02-02 06:11:00,0.0
2020-02-02 07:11:00,0.0
2020-02-02 08:11:00,0.023260000000000003
2020-02-02 09:11:00,0.048
2020-02-02 10:11:00,0.04654
2020-02-02 11:11:00,0.06556000000000001
2020-02-02 12:11:00,0.05407
2020-02-02 13:11:00,0.0318
2020-02-02 14:11:00,0.01587
2020-02-02 15:11:00,0.01165
2020-02-02 16:11:00,0.0
2020-02-02 17:11:00,0.0
2020-02-02 18:11:00,0.0
2020-02-02 19:11:00,0.0
2020-02-02 20:11:00,0.0
2020-02-02 21:11:00,0.0
2020-02-02 22:11:00,0.0
2020-02-02 23:11:00,0.0
2020-02-03 00:11:00,0.0
2020-02-03 01:11:00,0.0
2020-02-03 02:11:00,0.0
2020-02-03 03:11:00,0.0
2020-02-03 04:11:00,0.0
2020-02-03 05:11:00,0.0
2020-02-03 06:11:00,0.0
2020-02-03 07:11:00,0.00025
2020-02-03 08:11:00,0.10435
2020-02-03 09:11:00,0.16688999999999998
2020-02-03 10:11:00,0.20944
2020-02-03 11:11:00,0.36783
2020-02-03 12:11:00,0.15863
2020-02-03 13:11:00,0.37145999999999996
2020-02-03 14:11:00,0.0649
2020-02-03 15:11:00,0.0014
2020-02-03 16:11:00,0.0
2020-02-03 17:11:00,0.0
2020-02-03 18:11:00,0.0
2020-02-03 19:11:00,0.0
2020-02-03 20:11:00,0.0
2020-02-03 21:11:00,0.0
2020-02-03 22:11:00,0.0
2020-02-03 23:11:00,0.0
2020-02-04 00:11:00,0.0
2020-02-04 01:11:00,0.0
2020-02-04 02:11:00,0.0
2020-02-04 03:11:00,0.0
2020-02-04 04:11:00,0.0
2020-02-04 05:11:00,0.0
2020-02-04 06:11:00,0.0
2020-02-04 07:11:00,0.0
2020-02-04 08:11:00,0.17335
2020-02-04 09:11:00,0.04351
2020-02-04 10:11:00,0.11878
2020-02-04 11:11:00,0.04859
2020-02-04 12:11:00,0.06146
2020-02-04 13:11:00,0.13479
2020-02-04 14:11:00,0.08069
2020-02-04 15:11:00,0.00102
2020-02-04 16:11:00,0.0
2020-02-04 17:11:00,0.0
2020-02-04 18:11:00,0.0
2020-02-04 19:11:00,0.0
2020-02-04 20:11:00,0.0
2020-02-04 21:11:00,0.0
2020-02-04 22:11:00,0.0
2020-02-04 23:11:00,0.0
2020-02-05 00:11:00,0.0
2020-02-05 01:11:00,0.0
2020-02-05 02:11:00,0.0
2020-02-05 03:11:00,0.0
2020-02-05 04:11:00,0.0
2020-02-05 05:11:00,0.0
2020-02-05 06:11:00,0.0
2020-02-05 07:11:00,0.017070000000000002
2020-02-05 08:11:00,0.47928
2020-02-05 09:11:00,0.66642
2020-02-05 10:11:00,0.6286900000000001
2020-02-05 11:11:00,0.76189
2020-02-05 12:11:00,0.7512300000000001
2020-02-05 13:11:00,0.63651
2020-02-05 14:11:00,0.45329
2020-02-05 15:11:00,0.17089
2020-02-05 16:11:00,0.0
2020-02-05 17:11:00,0.0
2020-02-05 18:11:00,0.0
2020-02-05 19:11:00,0.0
2020-02-05 20:11:00,0.0
2020-02-05 21:11:00,0.0
2020-02-05 22:11:00,0.0
2020-02-05 23:11:00,0.0
2020-02-06 00:11:00,0.0
2020-02-06 01:11:00,0.0
2020-02-06 02:11:00,0.0
2020-02-06 03:11:00,0.0
2020-02-06 04:11:00,0.0
2020-02-06 05:11:00,0.0
2020-02-06 06:11:00,0.0
2020-02-06 07:11:00,0.0
2020-02-06 08:11:00,0.07937000000000001
2020-02-06 09:11:00,0.24641
2020-02-06 10:11:00,0.18625
2020-02-06 11:11:00,0.13697
2020-02-06 12:11:00,0.13668
2020-02-06 13:11:00,0.025
2020-02-06 14:11:00,0.01736
2020-02-06 15:11:00,0.0033399999999999997
2020-02-06 16:11:00,0.0
2020-02-06 17:11:00,0.0
2020-02-06 18:11:00,0.0
2020-02-06 19:11:00,0.0
2020-02-06 20:11:00,0.0
2020-02-06 21:11:00,0.0
2020-02-06 22:11:00,0.0
2020-02-06 23:11:00,0.0
2020-02-07 00:11:00,0.0
2020-02-07 01:11:00,0.0
2020-02-07 02:11:00,0.0
2020-02-07 03:11:00,0.0
2020-02-07 04:11:00,0.0
2020-02-07 05:11:00,0.0
2020-02-07 06:11:00,0.0
2020-02-07 07:11:00,0.0019
2020-02-07 08:11:00,0.07937999999999999
2020-02-07 09:11:00,0.06744
2020-02-07 10:11:00,0.053649999999999996
2020-02-07 11:11:00,0.06733
2020-02-07 12:11:00,0.05197
2020-02-07 13:11:00,0.03412
2020-02-07 14:11:00,0.041890000000000004
2020-02-07 15:11:00,0.02232
2020-02-07 16:11:00,0.0
2020-02-07 17:11:00,0.0
2020-02-07 18:11:00,0.0
2020-02-07 19:11:00,0.0
2020-02-07 20:11:00,0.0
2020-02-07 21:11:00,0.0
2020-02-07 22:11:00,0.0
2020-02-07 23:11:00,0.0
2020-02-08 00:11:00,0.0
2020-02-08 01:11:00,0.0
2020-02-08 02:11:00,0.0
2020-02-08 03:11:00,0.0
2020-02-08 04:11:00,0.0
2020-02-08 05:11:00,0.0
2020-02-08 06:11:00,0.0
2020-02-08 07:11:00,0.01738
2020-02-08 08:11:00,0.45415
2020-02-08 09:11:00,0.64336
2020-02-08 10:11:00,0.74875
2020-02-08 11:11:00,0.78462
2020-02-08 12:11:00,0.7404700000000001
2020-02-08 13:11:00,0.62749
2020-02-08 14:11:00,0.42788
2020-02-08 15:11:00,0.09703
2020-02-08 16:11:00,0.0
2020-02-08 17:11:00,0.0
2020-02-08 18:11:00,0.0
2020-02-08 19:11:00,0.0
2020-02-08 20:11:00,0.0
2020-02-08 21:11:00,0.0
2020-02-08 22:11:00,0.0
2020-02-08 23:11:00,0.0
2020-02-09 00:11:00,0.0
2020-02-09 01:11:00,0.0
2020-02-09 02:11:00,0.0
2020-02-09 03:11:00,0.0
2020-02-09 04:11:00,0.0
2020-02-09 05:11:00,0.0
2020-02-09 06:11:00,0.0
2020-02-09 07:11:00,0.011
2020-02-09 08:11:00,0.1517
2020-02-09 09:11:00,0.59624
2020-02-09 10:11:00,0.48854000000000003
2020-02-09 11:11:00,0.64885
2020-02-09 12:11:00,0.64273
2020-02-09 13:11:00,0.37303
2020-02-09 14:11:00,0.19725
2020-02-09 15:11:00,0.17854
2020-02-09 16:11:00,0.0
2020-02-09 17:11:00,0.0
2020-02-09 18:11:00,0.0
2020-02-09 19:11:00,0.0
2020-02-09 20:11:00,0.0
2020-02-09 21:11:00,0.0
2020-02-09 22:11:00,0.0
2020-02-09 23:11:00,0.0
2020-02-10 00:11:00,0.0
2020-02-10 01:11:00,0.0
2020-02-10 02:11:00,0.0
2020-02-10 03:11:00,0.0
2020-02-10 04:11:00,0.0
2020-02-10 05:11:00,0.0
2020-02-10 06:11:00,0.0
2020-02-10 07:11:00,0.03009
2020-02-10 08:11:00,0.00378
2020-02-10 09:11:00,0.03023
2020-02-10 10:11:00,0.04112
2020-02-10 11:11:00,0.21092
2020-02-10 12:11:00,0.02687
2020-02-10 13:11:00,0.29602
2020-02-10 14:11:00,0.08569
2020-02-10 15:11:00,0.21014
2020-02-10 16:11:00,0.0
2020-02-10 17:11:00,0.0
2020-02-10 18:11:00,0.0
2020-02-10 19:11:00,0.0
2020-02-10 20:11:00,0.0
2020-02-10 21:11:00,0.0
2020-02-10 22:11:00,0.0
2020-02-10 23:11:00,0.0
2020-02-11 00:11:00,0.0
2020-02-11 01:11:00,0.0
2020-02-11 02:11:00,0.0
2020-02-11 03:11:00,0.0
2020-02-11 04:11:00,0.0
2020-02-11 05:11:00,0.0
2020-02-11 06:11:00,0.0
2020-02-11 07:11:00,0.12685
2020-02-11 08:11:00,0.08366
2020-02-11 09:11:00,0.142
2020-02-11 10:11:00,0.03375
2020-02-11 11:11:00,0.07246999999999999
2020-02-11 12:11:00,0.06844
2020-02-11 13:11:00,0.1725
2020-02-11 14:11:00,0.04632
2020-02-11 15:11:00,0.0308
2020-02-11 16:11:00,0.0
2020-02-11 17:11:00,0.0
2020-02-11 18:11:00,0.0
2020-02-11 19:11:00,0.0
2020-02-11 20:11:00,0.0
2020-02-11 21:11:00,0.0
2020-02-11 22:11:00,0.0
2020-02-11 23:11:00,0.0
2020-02-12 00:11:00,0.0
2020-02-12 01:11:00,0.0
2020-02-12 02:11:00,0.0
2020-02-12 03:11:00,0.0
2020-02-12 04:11:00,0.0
2020-02-12 05:11:00,0.0
2020-02-12 06:11:00,0.0
2020-02-12 07:11:00,0.17733000000000002
2020-02-12 08:11:00,0.07678
2020-02-12 09:11:00,0.0559
2020-02-12 10:11:00,0.40303
2020-02-12 11:11:00,0.11796
2020-02-12 12:11:00,0.31207
2020-02-12 13:11:00,0.09756999999999999
2020-02-12 14:11:00,0.03505
2020-02-12 15:11:00,0.02135
2020-02-12 16:11:00,0.0
2020-02-12 17:11:00,0.0
2020-02-12 18:11:00,0.0
2020-02-12 19:11:00,0.0
2020-02-12 20:11:00,0.0
2020-02-12 21:11:00,0.0
2020-02-12 22:11:00,0.0
2020-02-12 23:11:00,0.0
2020-02-13 00:11:00,0.0
2020-02-13 01:11:00,0.0
2020-02-13 02:11:00,0.0
2020-02-13 03:11:00,0.0
2020-02-13 04:11:00,0.0
2020-02-13 05:11:00,0.0
2020-02-13 06:11:00,0.0
2020-02-13 07:11:00,0.21825999999999998
2020-02-13 08:11:00,0.43247
2020-02-13 09:11:00,0.49573
2020-02-13 10:11:00,0.31147
2020-02-13 11:11:00,0.2706
2020-02-13 12:11:00,0.10247
2020-02-13 13:11:00,0.08589
2020-02-13 14:11:00,0.02148
2020-02-13 15:11:00,0.0174
2020-02-13 16:11:00,0.0
2020-02-13 17:11:00,0.0
2020-02-13 18:11:00,0.0
2020-02-13 19:11:00,0.0
2020-02-13 20:11:00,0.0
2020-02-13 21:11:00,0.0
2020-02-13 22:11:00,0.0
2020-02-13 23:11:00,0.0
2020-02-14 00:11:00,0.0
2020-02-14 01:11:00,0.0
2020-02-14 02:11:00,0.0
2020-02-14 03:11:00,0.0
2020-02-14 04:11:00,0.0
2020-02-14 05:11:00,0.0
2020-02-14 06:11:00,0.0
2020-02-14 07:11:00,0.00974
2020-02-14 08:11:00,0.03315
2020-02-14 09:11:00,0.05328
2020-02-14 10:11:00,0.15197999999999998
2020-02-14 11:11:00,0.05752
2020-02-14 12:11:00,0.07673
2020-02-14 13:11:00,0.022690000000000002
2020-02-14 14:11:00,0.04518
2020-02-14 15:11:00,0.00714
2020-02-14 16:11:00,0.0
2020-02-14 17:11:00,0.0
2020-02-14 18:11:00,0.0
2020-02-14 19:11:00,0.0
2020-02-14 20:11:00,0.0
2020-02-14 21:11:00,0.0
2020-02-14 22:11:00,0.0
2020-02-14 23:11:00,0.0
2020-02-15 00:11:00,0.0
2020-02-15 01:11:00,0.0
2020-02-15 02:11:00,0.0
2020-02-15 03:11:00,0.0
2020-02-15 04:11:00,0.0
2020-02-15 05:11:00,0.0
2020-02-15 06:11:00,0.0
2020-02-15 07:11:00,0.11949
2020-02-15 08:11:00,0.20453
2020-02-15 09:11:00,0.59264
2020-02-15 10:11:00,0.55363
2020-02-15 11:11:00,0.72476
2020-02-15 12:11:00,0.7553799999999999
2020-02-15 13:11:00,0.63321
2020-02-15 14:11:00,0.40567000000000003
2020-02-15 15:11:00,0.21101
2020-02-15 16:11:00,0.0
2020-02-15 17:11:00,0.0
2020-02-15 18:11:00,0.0
2020-02-15 19:11:00,0.0
2020-02-15 20:11:00,0.0
2020-02-15 21:11:00,0.0
2020-02-15 22:11:00,0.0
2020-02-15 23:11:00,0.0
2020-02-16 00:11:00,0.0
2020-02-16 01:11:00,0.0
2020-02-16 02:11:00,0.0
2020-02-16 03:11:00,0.0
2020-02-16 04:11:00,0.0
2020-02-16 05:11:00,0.0
2020-02-16 06:11:00,0.0
2020-02-16 07:11:00,0.00181
2020-02-16 08:11:00,0.03127
2020-02-16 09:11:00,0.01047
2020-02-16 10:11:00,0.04134
2020-02-16 11:11:00,0.02985
2020-02-16 12:11:00,0.039880000000000006
2020-02-16 13:11:00,0.02974
2020-02-16 14:11:00,0.14388
2020-02-16 15:11:00,0.01213
2020-02-16 16:11:00,0.0
2020-02-16 17:11:00,0.0
2020-02-16 18:11:00,0.0
2020-02-16 19:11:00,0.0
2020-02-16 20:11:00,0.0
2020-02-16 21:11:00,0.0
2020-02-16 22:11:00,0.0
2020-02-16 23:11:00,0.0
2020-02-17 00:11:00,0.0
2020-02-17 01:11:00,0.0
2020-02-17 02:11:00,0.0
2020-02-17 03:11:00,0.0
2020-02-17 04:11:00,0.0
2020-02-17 05:11:00,0.0
2020-02-17 06:11:00,0.0
2020-02-17 07:11:00,0.1475
2020-02-17 08:11:00,0.20303
2020-02-17 09:11:00,0.22272
2020-02-17 10:11:00,0.23034000000000002
2020-02-17 11:11:00,0.37485
2020-02-17 12:11:00,0.31060000000000004
2020-02-17 13:11:00,0.46585000000000004
2020-02-17 14:11:00,0.06851
2020-02-17 15:11:00,0.04376
2020-02-17 16:11:00,0.0
2020-02-17 17:11:00,0.0
2020-02-17 18:11:00,0.0
2020-02-17 19:11:00,0.0
2020-02-17 20:11:00,0.0
2020-02-17 21:11:00,0.0
2020-02-17 22:11:00,0.0
2020-02-17 23:11:00,0.0
2020-02-18 00:11:00,0.0
2020-02-18 01:11:00,0.0
2020-02-18 02:11:00,0.0
2020-02-18 03:11:00,0.0
2020-02-18 04:11:00,0.0
2020-02-18 05:11:00,0.0
2020-02-18 06:11:00,0.0
2020-02-18 07:11:00,0.09925
2020-02-18 08:11:00,0.02207
2020-02-18 09:11:00,0.40345
2020-02-18 10:11:00,0.37166000000000005
2020-02-18 11:11:00,0.2533
2020-02-18 12:11:00,0.10219
2020-02-18 13:11:00,0.14551
2020-02-18 14:11:00,0.028829999999999998
2020-02-18 15:11:00,0.01844
2020-02-18 16:11:00,0.0
2020-02-18 17:11:00,0.0
2020-02-18 18:11:00,0.0
2020-02-18 19:11:00,0.0
2020-02-18 20:11:00,0.0
2020-02-18 21:11:00,0.0
2020-02-18 22:11:00,0.0
2020-02-18 23:11:00,0.0
2020-02-19 00:11:00,0.0
2020-02-19 01:11:00,0.0
2020-02-19 02:11:00,0.0
2020-02-19 03:11:00,0.0
2020-02-19 04:11:00,0.0
2020-02-19 05:11:00,0.0
2020-02-19 06:11:00,0.0
2020-02-19 07:11:00,0.0072
2020-02-19 08:11:00,0.0886
2020-02-19 09:11:00,0.02509
2020-02-19 10:11:00,0.06416
2020-02-19 11:11:00,0.21918
2020-02-19 12:11:00,0.31401
2020-02-19 13:11:00,0.41864
2020-02-19 14:11:00,0.45844
2020-02-19 15:11:00,0.01399
2020-02-19 16:11:00,0.0
2020-02-19 17:11:00,0.0
2020-02-19 18:11:00,0.0
2020-02-19 19:11:00,0.0
2020-02-19 20:11:00,0.0
2020-02-19 21:11:00,0.0
2020-02-19 22:11:00,0.0
2020-02-19 23:11:00,0.0
2020-02-20 00:11:00,0.0
2020-02-20 01:11:00,0.0
2020-02-20 02:11:00,0.0
2020-02-20 03:11:00,0.0
2020-02-20 04:11:00,0.0
2020-02-20 05:11:00,0.0
2020-02-20 06:11:00,0.0
2020-02-20 07:11:00,0.046270000000000006
2020-02-20 08:11:00,0.29638
2020-02-20 09:11:00,0.2656
2020-02-20 10:11:00,0.25424
2020-02-20 11:11:00,0.09097
2020-02-20 12:11:00,0.11008
2020-02-20 13:11:00,0.10417
2020-02-20 14:11:00,0.09791
2020-02-20 15:11:00,0.059789999999999996
2020-02-20 16:11:00,0.0
2020-02-20 17:11:00,0.0
2020-02-20 18:11:00,0.0
2020-02-20 19:11:00,0.0
2020-02-20 20:11:00,0.0
2020-02-20 21:11:00,0.0
2020-02-20 22:11:00,0.0
2020-02-20 23:11:00,0.0
2020-02-21 00:11:00,0.0
2020-02-21 01:11:00,0.0
2020-02-21 02:11:00,0.0
2020-02-21 03:11:00,0.0
2020-02-21 04:11:00,0.0
2020-02-21 05:11:00,0.0
2020-02-21 06:11:00,0.0
2020-02-21 07:11:00,0.27908
2020-02-21 08:11:00,0.18859
2020-02-21 09:11:00,0.28547
2020-02-21 10:11:00,0.7406699999999999
2020-02-21 11:11:00,0.12578
2020-02-21 12:11:00,0.045270000000000005
2020-02-21 13:11:00,0.08977
2020-02-21 14:11:00,0.10003000000000001
2020-02-21 15:11:00,0.12337000000000001
2020-02-21 16:11:00,0.0
2020-02-21 17:11:00,0.0
2020-02-21 18:11:00,0.0
2020-02-21 19:11:00,0.0
2020-02-21 20:11:00,0.0
2020-02-21 21:11:00,0.0
2020-02-21 22:11:00,0.0
2020-02-21 23:11:00,0.0
2020-02-22 00:11:00,0.0
2020-02-22 01:11:00,0.0
2020-02-22 02:11:00,0.0
2020-02-22 03:11:00,0.0
2020-02-22 04:11:00,0.0
2020-02-22 05:11:00,0.0
2020-02-22 06:11:00,0.0
2020-02-22 07:11:00,0.07826000000000001
2020-02-22 08:11:00,0.1729
2020-02-22 09:11:00,0.08147
2020-02-22 10:11:00,0.51037
2020-02-22 11:11:00,0.19341
2020-02-22 12:11:00,0.12289
2020-02-22 13:11:00,0.04383
2020-02-22 14:11:00,0.26086000000000004
2020-02-22 15:11:00,0.11175
2020-02-22 16:11:00,0.0
2020-02-22 17:11:00,0.0
2020-02-22 18:11:00,0.0
2020-02-22 19:11:00,0.0
2020-02-22 20:11:00,0.0
2020-02-22 21:11:00,0.0
2020-02-22 22:11:00,0.0
2020-02-22 23:11:00,0.0
2020-02-23 00:11:00,0.0
2020-02-23 01:11:00,0.0
2020-02-23 02:11:00,0.0
2020-02-23 03:11:00,0.0
2020-02-23 04:11:00,0.0
2020-02-23 05:11:00,0.0
2020-02-23 06:11:00,0.0
2020-02-23 07:11:00,0.01458
2020-02-23 08:11:00,0.04444
2020-02-23 09:11:00,0.05274
2020-02-23 10:11:00,0.10857
2020-02-23 11:11:00,0.05719
2020-02-23 12:11:00,0.04129
2020-02-23 13:11:00,0.05396
2020-02-23 14:11:00,0.04482
2020-02-23 15:11:00,0.02028
2020-02-23 16:11:00,0.0
2020-02-23 17:11:00,0.0
2020-02-23 18:11:00,0.0
2020-02-23 19:11:00,0.0
2020-02-23 20:11:00,0.0
2020-02-23 21:11:00,0.0
2020-02-23 22:11:00,0.0
2020-02-23 23:11:00,0.0
2020-02-24 00:11:00,0.0
2020-02-24 01:11:00,0.0
2020-02-24 02:11:00,0.0
2020-02-24 03:11:00,0.0
2020-02-24 04:11:00,0.0
2020-02-24 05:11:00,0.0
2020-02-24 06:11:00,0.0
2020-02-24 07:11:00,0.016079999999999997
2020-02-24 08:11:00,0.07208
2020-02-24 09:11:00,0.10669
2020-02-24 10:11:00,0.37904000000000004
2020-02-24 11:11:00,0.22072999999999998
2020-02-24 12:11:00,0.13222
2020-02-24 13:11:00,0.15312
2020-02-24 14:11:00,0.10588
2020-02-24 15:11:00,0.07357
2020-02-24 16:11:00,0.0
2020-02-24 17:11:00,0.0
2020-02-24 18:11:00,0.0
2020-02-24 19:11:00,0.0
2020-02-24 20:11:00,0.0
2020-02-24 21:11:00,0.0
2020-02-24 22:11:00,0.0
2020-02-24 23:11:00,0.0
2020-02-25 00:11:00,0.0
2020-02-25 01:11:00,0.0
2020-02-25 02:11:00,0.0
2020-02-25 03:11:00,0.0
2020-02-25 04:11:00,0.0
2020-02-25 05:11:00,0.0
2020-02-25 06:11:00,0.0
2020-02-25 07:11:00,0.04247
2020-02-25 08:11:00,0.46905
2020-02-25 09:11:00,0.14585
2020-02-25 10:11:00,0.08118
2020-02-25 11:11:00,0.09440000000000001
2020-02-25 12:11:00,0.53665
2020-02-25 13:11:00,0.22275999999999999
2020-02-25 14:11:00,0.29944
2020-02-25 15:11:00,0.2607
2020-02-25 16:11:00,0.00185
2020-02-25 17:11:00,0.0
2020-02-25 18:11:00,0.0
2020-02-25 19:11:00,0.0
2020-02-25 20:11:00,0.0
2020-02-25 21:11:00,0.0
2020-02-25 22:11:00,0.0
2020-02-25 23:11:00,0.0
2020-02-26 00:11:00,0.0
2020-02-26 01:11:00,0.0
2020-02-26 02:11:00,0.0
2020-02-26 03:11:00,0.0
2020-02-26 04:11:00,0.0
2020-02-26 05:11:00,0.0
2020-02-26 06:11:00,0.0
2020-02-26 07:11:00,0.00393
2020-02-26 08:11:00,0.02533
2020-02-26 09:11:00,0.05142
2020-02-26 10:11:00,0.05762
2020-02-26 11:11:00,0.09375
2020-02-26 12:11:00,0.05669
2020-02-26 13:11:00,0.24565
2020-02-26 14:11:00,0.11921
2020-02-26 15:11:00,0.04291
2020-02-26 16:11:00,0.00146
2020-02-26 17:11:00,0.0
2020-02-26 18:11:00,0.0
2020-02-26 19:11:00,0.0
2020-02-26 20:11:00,0.0
2020-02-26 21:11:00,0.0
2020-02-26 22:11:00,0.0
2020-02-26 23:11:00,0.0
2020-02-27 00:11:00,0.0
2020-02-27 01:11:00,0.0
2020-02-27 02:11:00,0.0
2020-02-27 03:11:00,0.0
2020-02-27 04:11:00,0.0
2020-02-27 05:11:00,0.0
2020-02-27 06:11:00,0.0
2020-02-27 07:11:00,0.09084
2020-02-27 08:11:00,0.21987
2020-02-27 09:11:00,0.22634
2020-02-27 10:11:00,0.41729
2020-02-27 11:11:00,0.40801
2020-02-27 12:11:00,0.09139
2020-02-27 13:11:00,0.2502
2020-02-27 14:11:00,0.18627000000000002
2020-02-27 15:11:00,0.09298999999999999
2020-02-27 16:11:00,0.0023599999999999997
2020-02-27 17:11:00,0.0
2020-02-27 18:11:00,0.0
2020-02-27 19:11:00,0.0
2020-02-27 20:11:00,0.0
2020-02-27 21:11:00,0.0
2020-02-27 22:11:00,0.0
2020-02-27 23:11:00,0.0
2020-02-28 00:11:00,0.0
2020-02-28 01:11:00,0.0
2020-02-28 02:11:00,0.0
2020-02-28 03:11:00,0.0
2020-02-28 04:11:00,0.0
2020-02-28 05:11:00,0.0
2020-02-28 06:11:00,0.0
2020-02-28 07:11:00,0.14377
2020-02-28 08:11:00,0.15253
2020-02-28 09:11:00,0.26015
2020-02-28 10:11:00,0.23112
2020-02-28 11:11:00,0.0773
2020-02-28 12:11:00,0.04839
2020-02-28 13:11:00,0.21609
2020-02-28 14:11:00,0.21259
2020-02-28 15:11:00,0.20116
2020-02-28 16:11:00,0.00858
2020-02-28 17:11:00,0.0
2020-02-28 18:11:00,0.0
2020-02-28 19:11:00,0.0
2020-02-28 20:11:00,0.0
2020-02-28 21:11:00,0.0
2020-02-28 22:11:00,0.0
2020-02-28 23:11:00,0.0
2020-02-29 00:11:00,0.0
2020-02-29 01:11:00,0.0
2020-02-29 02:11:00,0.0
2020-02-29 03:11:00,0.0
2020-02-29 04:11:00,0.0
2020-02-29 05:11:00,0.0
2020-02-29 06:11:00,0.0
2020-02-29 07:11:00,0.0028799999999999997
2020-02-29 08:11:00,0.042
2020-02-29 09:11:00,0.12005
2020-02-29 10:11:00,0.22063999999999998
2020-02-29 11:11:00,0.67069
2020-02-29 12:11:00,0.62754
2020-02-29 13:11:00,0.56238
2020-02-29 14:11:00,0.35442
2020-02-29 15:11:00,0.29443
2020-02-29 16:11:00,0.0017900000000000001
2020-02-29 17:11:00,0.0
2020-02-29 18:11:00,0.0
2020-02-29 19:11:00,0.0
2020-02-29 20:11:00,0.0
2020-02-29 21:11:00,0.0
2020-02-29 22:11:00,0.0
2020-02-29 23:11:00,0.0
2020-03-01 00:11:00,0.0
2020-03-01 01:11:00,0.0
2020-03-01 02:11:00,0.0
2020-03-01 03:11:00,0.0
2020-03-01 04:11:00,0.0
2020-03-01 05:11:00,0.0
2020-03-01 06:11:00,0.0
2020-03-01 07:11:00,0.3148
2020-03-01 08:11:00,0.11264
2020-03-01 09:11:00,0.37111
2020-03-01 10:11:00,0.5711499999999999
2020-03-01 11:11:00,0.38027999999999995
2020-03-01 12:11:00,0.12454000000000001
2020-03-01 13:11:00,0.03996
2020-03-01 14:11:00,0.14293
2020-03-01 15:11:00,0.27713
2020-03-01 16:11:00,0.01269
2020-03-01 17:11:00,0.0
2020-03-01 18:11:00,0.0
2020-03-01 19:11:00,0.0
2020-03-01 20:11:00,0.0
2020-03-01 21:11:00,0.0
2020-03-01 22:11:00,0.0
2020-03-01 23:11:00,0.0
2020-03-02 00:11:00,0.0
2020-03-02 01:11:00,0.0
2020-03-02 02:11:00,0.0
2020-03-02 03:11:00,0.0
2020-03-02 04:11:00,0.0
2020-03-02 05:11:00,0.0
2020-03-02 06:11:00,0.0
2020-03-02 07:11:00,0.00893
2020-03-02 08:11:00,0.1595
2020-03-02 09:11:00,0.58602
2020-03-02 10:11:00,0.07121
2020-03-02 11:11:00,0.14014
2020-03-02 12:11:00,0.06154
2020-03-02 13:11:00,0.40205
2020-03-02 14:11:00,0.36977
2020-03-02 15:11:00,0.25174
2020-03-02 16:11:00,0.011890000000000001
2020-03-02 17:11:00,0.0
2020-03-02 18:11:00,0.0
2020-03-02 19:11:00,0.0
2020-03-02 20:11:00,0.0
2020-03-02 21:11:00,0.0
2020-03-02 22:11:00,0.0
2020-03-02 23:11:00,0.0
2020-03-03 00:11:00,0.0
2020-03-03 01:11:00,0.0
2020-03-03 02:11:00,0.0
2020-03-03 03:11:00,0.0
2020-03-03 04:11:00,0.0
2020-03-03 05:11:00,0.0
2020-03-03 06:11:00,0.0
2020-03-03 07:11:00,0.07814
2020-03-03 08:11:00,0.02867
2020-03-03 09:11:00,0.06853000000000001
2020-03-03 10:11:00,0.08398
2020-03-03 11:11:00,0.09902
2020-03-03 12:11:00,0.0621
2020-03-03 13:11:00,0.02623
2020-03-03 14:11:00,0.02484
2020-03-03 15:11:00,0.07643000000000001
2020-03-03 16:11:00,0.0033399999999999997
2020-03-03 17:11:00,0.0
2020-03-03 18:11:00,0.0
2020-03-03 19:11:00,0.0
2020-03-03 20:11:00,0.0
2020-03-03 21:11:00,0.0
2020-03-03 22:11:00,0.0
2020-03-03 23:11:00,0.0
2020-03-04 00:11:00,0.0
2020-03-04 01:11:00,0.0
2020-03-04 02:11:00,0.0
2020-03-04 03:11:00,0.0
2020-03-04 04:11:00,0.0
2020-03-04 05:11:00,0.0
2020-03-04 06:11:00,0.0010500000000000002
2020-03-04 07:11:00,0.31583
2020-03-04 08:11:00,0.28804
2020-03-04 09:11:00,0.11667
2020-03-04 10:11:00,0.6405599999999999
2020-03-04 11:11:00,0.06652
2020-03-04 12:11:00,0.02257
2020-03-04 13:11:00,0.08306999999999999
2020-03-04 14:11:00,0.31672
2020-03-04 15:11:00,0.15502000000000002
2020-03-04 16:11:00,0.02826
2020-03-04 17:11:00,0.0
2020-03-04 18:11:00,0.0
2020-03-04 19:11:00,0.0
2020-03-04 20:11:00,0.0
2020-03-04 21:11:00,0.0
2020-03-04 22:11:00,0.0
2020-03-04 23:11:00,0.0
2020-03-05 00:11:00,0.0
2020-03-05 01:11:00,0.0
2020-03-05 02:11:00,0.0
2020-03-05 03:11:00,0.0
2020-03-05 04:11:00,0.0
2020-03-05 05:11:00,0.0
2020-03-05 06:11:00,0.00108
2020-03-05 07:11:00,0.15227000000000002
2020-03-05 08:11:00,0.44833
2020-03-05 09:11:00,0.72536
2020-03-05 10:11:00,0.78931
2020-03-05 11:11:00,0.8148
2020-03-05 12:11:00,0.27513
2020-03-05 13:11:00,0.46068000000000003
2020-03-05 14:11:00,0.43919
2020-03-05 15:11:00,0.27581
2020-03-05 16:11:00,0.038579999999999996
2020-03-05 17:11:00,0.0
2020-03-05 18:11:00,0.0
2020-03-05 19:11:00,0.0
2020-03-05 20:11:00,0.0
2020-03-05 21:11:00,0.0
2020-03-05 22:11:00,0.0
2020-03-05 23:11:00,0.0
2020-03-06 00:11:00,0.0
2020-03-06 01:11:00,0.0
2020-03-06 02:11:00,0.0
2020-03-06 03:11:00,0.0
2020-03-06 04:11:00,0.0
2020-03-06 05:11:00,0.0
2020-03-06 06:11:00,0.0
2020-03-06 07:11:00,0.024399999999999998
2020-03-06 08:11:00,0.12190000000000001
2020-03-06 09:11:00,0.04557
2020-03-06 10:11:00,0.062200000000000005
2020-03-06 11:11:00,0.05264
2020-03-06 12:11:00,0.0471
2020-03-06 13:11:00,0.02588
2020-03-06 14:11:00,0.0251
2020-03-06 15:11:00,0.02863
2020-03-06 16:11:00,0.03868
2020-03-06 17:11:00,0.0
2020-03-06 18:11:00,0.0
2020-03-06 19:11:00,0.0
2020-03-06 20:11:00,0.0
2020-03-06 21:11:00,0.0
2020-03-06 22:11:00,0.0
2020-03-06 23:11:00,0.0
2020-03-07 00:11:00,0.0
2020-03-07 01:11:00,0.0
2020-03-07 02:11:00,0.0
2020-03-07 03:11:00,0.0
2020-03-07 04:11:00,0.0
2020-03-07 05:11:00,0.0
2020-03-07 06:11:00,0.00147
2020-03-07 07:11:00,0.062009999999999996
2020-03-07 08:11:00,0.047380000000000005
2020-03-07 09:11:00,0.06809
2020-03-07 10:11:00,0.05086
2020-03-07 11:11:00,0.06848
2020-03-07 12:11:00,0.05443
2020-03-07 13:11:00,0.11444
2020-03-07 14:11:00,0.06573999999999999
2020-03-07 15:11:00,0.03699
2020-03-07 16:11:00,0.014369999999999999
2020-03-07 17:11:00,0.0
2020-03-07 18:11:00,0.0
2020-03-07 19:11:00,0.0
2020-03-07 20:11:00,0.0
2020-03-07 21:11:00,0.0
2020-03-07 22:11:00,0.0
2020-03-07 23:11:00,0.0
2020-03-08 00:11:00,0.0
2020-03-08 01:11:00,0.0
2020-03-08 02:11:00,0.0
2020-03-08 03:11:00,0.0
2020-03-08 04:11:00,0.0
2020-03-08 05:11:00,0.0
2020-03-08 06:11:00,0.01385
2020-03-08 07:11:00,0.15049
2020-03-08 08:11:00,0.30413999999999997
2020-03-08 09:11:00,0.20475
2020-03-08 10:11:00,0.10754000000000001
2020-03-08 11:11:00,0.09364
2020-03-08 12:11:00,0.19169999999999998
2020-03-08 13:11:00,0.37109
2020-03-08 14:11:00,0.49026
2020-03-08 15:11:00,0.19811
2020-03-08 16:11:00,0.02895
2020-03-08 17:11:00,0.0
2020-03-08 18:11:00,0.0
2020-03-08 19:11:00,0.0
2020-03-08 20:11:00,0.0
2020-03-08 21:11:00,0.0
2020-03-08 22:11:00,0.0
2020-03-08 23:11:00,0.0
2020-03-09 00:11:00,0.0
2020-03-09 01:11:00,0.0
2020-03-09 02:11:00,0.0
2020-03-09 03:11:00,0.0
2020-03-09 04:11:00,0.0
2020-03-09 05:11:00,0.0
2020-03-09 06:11:00,0.0
2020-03-09 07:11:00,0.07493000000000001
2020-03-09 08:11:00,0.2419
2020-03-09 09:11:00,0.07943
2020-03-09 10:11:00,0.15003
2020-03-09 11:11:00,0.11089
2020-03-09 12:11:00,0.06559999999999999
2020-03-09 13:11:00,0.42143
2020-03-09 14:11:00,0.12643000000000001
2020-03-09 15:11:00,0.07371
2020-03-09 16:11:00,0.061700000000000005
2020-03-09 17:11:00,0.0
2020-03-09 18:11:00,0.0
2020-03-09 19:11:00,0.0
2020-03-09 20:11:00,0.0
2020-03-09 21:11:00,0.0
2020-03-09 22:11:00,0.0
2020-03-09 23:11:00,0.0
2020-03-10 00:11:00,0.0
2020-03-10 01:11:00,0.0
2020-03-10 02:11:00,0.0
2020-03-10 03:11:00,0.0
2020-03-10 04:11:00,0.0
2020-03-10 05:11:00,0.0
2020-03-10 06:11:00,0.0
2020-03-10 07:11:00,0.04419
2020-03-10 08:11:00,0.21694999999999998
2020-03-10 09:11:00,0.12486
2020-03-10 10:11:00,0.13894
2020-03-10 11:11:00,0.09985
2020-03-10 12:11:00,0.06915
2020-03-10 13:11:00,0.03716
2020-03-10 14:11:00,0.12796
2020-03-10 15:11:00,0.03478
2020-03-10 16:11:00,0.022269999999999998
2020-03-10 17:11:00,0.0
2020-03-10 18:11:00,0.0
2020-03-10 19:11:00,0.0
2020-03-10 20:11:00,0.0
2020-03-10 21:11:00,0.0
2020-03-10 22:11:00,0.0
2020-03-10 23:11:00,0.0
2020-03-11 00:11:00,0.0
2020-03-11 01:11:00,0.0
2020-03-11 02:11:00,0.0
2020-03-11 03:11:00,0.0
2020-03-11 04:11:00,0.0
2020-03-11 05:11:00,0.0
2020-03-11 06:11:00,0.00537
2020-03-11 07:11:00,0.12040000000000001
2020-03-11 08:11:00,0.25409
2020-03-11 09:11:00,0.18362
2020-03-11 10:11:00,0.73925
2020-03-11 11:11:00,0.5012
2020-03-11 12:11:00,0.39205
2020-03-11 13:11:00,0.19585
2020-03-11 14:11:00,0.17085
2020-03-11 15:11:00,0.19253
2020-03-11 16:11:00,0.06257
2020-03-11 17:11:00,0.0
2020-03-11 18:11:00,0.0
2020-03-11 19:11:00,0.0
2020-03-11 20:11:00,0.0
2020-03-11 21:11:00,0.0
2020-03-11 22:11:00,0.0
2020-03-11 23:11:00,0.0
2020-03-12 00:11:00,0.0
2020-03-12 01:11:00,0.0
2020-03-12 02:11:00,0.0
2020-03-12 03:11:00,0.0
2020-03-12 04:11:00,0.0
2020-03-12 05:11:00,0.0
2020-03-12 06:11:00,0.00528
2020-03-12 07:11:00,0.36471
2020-03-12 08:11:00,0.03171
2020-03-12 09:11:00,0.13043000000000002
2020-03-12 10:11:00,0.03623
2020-03-12 11:11:00,0.06789
2020-03-12 12:11:00,0.07715000000000001
2020-03-12 13:11:00,0.70665
2020-03-12 14:11:00,0.52383
2020-03-12 15:11:00,0.17971
2020-03-12 16:11:00,0.07543000000000001
2020-03-12 17:11:00,0.0
2020-03-12 18:11:00,0.0
2020-03-12 19:11:00,0.0
2020-03-12 20:11:00,0.0
2020-03-12 21:11:00,0.0
2020-03-12 22:11:00,0.0
2020-03-12 23:11:00,0.0
2020-03-13 00:11:00,0.0
2020-03-13 01:11:00,0.0
2020-03-13 02:11:00,0.0
2020-03-13 03:11:00,0.0
2020-03-13 04:11:00,0.0
2020-03-13 05:11:00,0.0
2020-03-13 06:11:00,0.01253
2020-03-13 07:11:00,0.21256
2020-03-13 08:11:00,0.56559
2020-03-13 09:11:00,0.30736
2020-03-13 10:11:00,0.08897
2020-03-13 11:11:00,0.07387
2020-03-13 12:11:00,0.12219
2020-03-13 13:11:00,0.25519
2020-03-13 14:11:00,0.10044
2020-03-13 15:11:00,0.28728
2020-03-13 16:11:00,0.07407
2020-03-13 17:11:00,0.0
2020-03-13 18:11:00,0.0
2020-03-13 19:11:00,0.0
2020-03-13 20:11:00,0.0
2020-03-13 21:11:00,0.0
2020-03-13 22:11:00,0.0
2020-03-13 23:11:00,0.0
2020-03-14 00:11:00,0.0
2020-03-14 01:11:00,0.0
2020-03-14 02:11:00,0.0
2020-03-14 03:11:00,0.0
2020-03-14 04:11:00,0.0
2020-03-14 05:11:00,0.0
2020-03-14 06:11:00,0.13902
2020-03-14 07:11:00,0.38700999999999997
2020-03-14 08:11:00,0.58405
2020-03-14 09:11:00,0.71681
2020-03-14 10:11:00,0.8024600000000001
2020-03-14 11:11:00,0.82859
2020-03-14 12:11:00,0.7957799999999999
2020-03-14 13:11:00,0.6851
2020-03-14 14:11:00,0.55849
2020-03-14 15:11:00,0.33397000000000004
2020-03-14 16:11:00,0.07781
2020-03-14 17:11:00,0.0
2020-03-14 18:11:00,0.0
2020-03-14 19:11:00,0.0
2020-03-14 20:11:00,0.0
2020-03-14 21:11:00,0.0
2020-03-14 22:11:00,0.0
2020-03-14 23:11:00,0.0
2020-03-15 00:11:00,0.0
2020-03-15 01:11:00,0.0
2020-03-15 02:11:00,0.0
2020-03-15 03:11:00,0.0
2020-03-15 04:11:00,0.0
2020-03-15 05:11:00,0.0
2020-03-15 06:11:00,0.13204
2020-03-15 07:11:00,0.37403
2020-03-15 08:11:00,0.5609299999999999
2020-03-15 09:11:00,0.62354
2020-03-15 10:11:00,0.81189
2020-03-15 11:11:00,0.78922
2020-03-15 12:11:00,0.73339
2020-03-15 13:11:00,0.48591
2020-03-15 14:11:00,0.35658999999999996
2020-03-15 15:11:00,0.23147
2020-03-15 16:11:00,0.08194
2020-03-15 17:11:00,0.0
2020-03-15 18:11:00,0.0
2020-03-15 19:11:00,0.0
2020-03-15 20:11:00,0.0
2020-03-15 21:11:00,0.0
2020-03-15 22:11:00,0.0
2020-03-15 23:11:00,0.0
2020-03-16 00:11:00,0.0
2020-03-16 01:11:00,0.0
2020-03-16 02:11:00,0.0
2020-03-16 03:11:00,0.0
2020-03-16 04:11:00,0.0
2020-03-16 05:11:00,0.0
2020-03-16 06:11:00,0.08603
2020-03-16 07:11:00,0.35213
2020-03-16 08:11:00,0.5836399999999999
2020-03-16 09:11:00,0.70387
2020-03-16 10:11:00,0.78713
2020-03-16 11:11:00,0.76755
2020-03-16 12:11:00,0.7340800000000001
2020-03-16 13:11:00,0.61848
2020-03-16 14:11:00,0.49787
2020-03-16 15:11:00,0.23143
2020-03-16 16:11:00,0.07215
2020-03-16 17:11:00,0.0
2020-03-16 18:11:00,0.0
2020-03-16 19:11:00,0.0
2020-03-16 20:11:00,0.0
2020-03-16 21:11:00,0.0
2020-03-16 22:11:00,0.0
2020-03-16 23:11:00,0.0
2020-03-17 00:11:00,0.0
2020-03-17 01:11:00,0.0
2020-03-17 02:11:00,0.0
2020-03-17 03:11:00,0.0
2020-03-17 04:11:00,0.0
2020-03-17 05:11:00,0.0
2020-03-17 06:11:00,0.05267
2020-03-17 07:11:00,0.01862
2020-03-17 08:11:00,0.04913
2020-03-17 09:11:00,0.13411
2020-03-17 10:11:00,0.64352
2020-03-17 11:11:00,0.76952
2020-03-17 12:11:00,0.69311
2020-03-17 13:11:00,0.60707
2020-03-17 14:11:00,0.50806
2020-03-17 15:11:00,0.30772000000000005
2020-03-17 16:11:00,0.08155
2020-03-17 17:11:00,0.0
2020-03-17 18:11:00,0.0
2020-03-17 19:11:00,0.0
2020-03-17 20:11:00,0.0
2020-03-17 21:11:00,0.0
2020-03-17 22:11:00,0.0
2020-03-17 23:11:00,0.0
2020-03-18 00:11:00,0.0
2020-03-18 01:11:00,0.0
2020-03-18 02:11:00,0.0
2020-03-18 03:11:00,0.0
2020-03-18 04:11:00,0.0
2020-03-18 05:11:00,0.0
2020-03-18 06:11:00,0.10084
2020-03-18 07:11:00,0.08272
2020-03-18 08:11:00,0.42751
2020-03-18 09:11:00,0.5761900000000001
2020-03-18 10:11:00,0.75526
2020-03-18 11:11:00,0.75027
2020-03-18 12:11:00,0.7766799999999999
2020-03-18 13:11:00,0.65659
2020-03-18 14:11:00,0.50658
2020-03-18 15:11:00,0.30115
2020-03-18 16:11:00,0.07118000000000001
2020-03-18 17:11:00,0.0
2020-03-18 18:11:00,0.0
2020-03-18 19:11:00,0.0
2020-03-18 20:11:00,0.0
2020-03-18 21:11:00,0.0
2020-03-18 22:11:00,0.0
2020-03-18 23:11:00,0.0
2020-03-19 00:11:00,0.0
2020-03-19 01:11:00,0.0
2020-03-19 02:11:00,0.0
2020-03-19 03:11:00,0.0
2020-03-19 04:11:00,0.0
2020-03-19 05:11:00,0.0
2020-03-19 06:11:00,0.01251
2020-03-19 07:11:00,0.05536
2020-03-19 08:11:00,0.08279
2020-03-19 09:11:00,0.37607999999999997
2020-03-19 10:11:00,0.46252
2020-03-19 11:11:00,0.56949
2020-03-19 12:11:00,0.16097
2020-03-19 13:11:00,0.32147000000000003
2020-03-19 14:11:00,0.16485
2020-03-19 15:11:00,0.28619
2020-03-19 16:11:00,0.048729999999999996
2020-03-19 17:11:00,0.0
2020-03-19 18:11:00,0.0
2020-03-19 19:11:00,0.0
2020-03-19 20:11:00,0.0
2020-03-19 21:11:00,0.0
2020-03-19 22:11:00,0.0
2020-03-19 23:11:00,0.0
2020-03-20 00:11:00,0.0
2020-03-20 01:11:00,0.0
2020-03-20 02:11:00,0.0
2020-03-20 03:11:00,0.0
2020-03-20 04:11:00,0.0
2020-03-20 05:11:00,0.0
2020-03-20 06:11:00,0.00713
2020-03-20 07:11:00,0.029769999999999998
2020-03-20 08:11:00,0.060219999999999996
2020-03-20 09:11:00,0.05173
2020-03-20 10:11:00,0.04629
2020-03-20 11:11:00,0.0402
2020-03-20 12:11:00,0.03501
2020-03-20 13:11:00,0.07239
2020-03-20 14:11:00,0.07023
2020-03-20 15:11:00,0.025160000000000002
2020-03-20 16:11:00,0.00941
2020-03-20 17:11:00,0.0
2020-03-20 18:11:00,0.0
2020-03-20 19:11:00,0.0
2020-03-20 20:11:00,0.0
2020-03-20 21:11:00,0.0
2020-03-20 22:11:00,0.0
2020-03-20 23:11:00,0.0
2020-03-21 00:11:00,0.0
2020-03-21 01:11:00,0.0
2020-03-21 02:11:00,0.0
2020-03-21 03:11:00,0.0
2020-03-21 04:11:00,0.0
2020-03-21 05:11:00,0.0
2020-03-21 06:11:00,0.19008
2020-03-21 07:11:00,0.42832
2020-03-21 08:11:00,0.11506999999999999
2020-03-21 09:11:00,0.23974
2020-03-21 10:11:00,0.23585
2020-03-21 11:11:00,0.53226
2020-03-21 12:11:00,0.49856
2020-03-21 13:11:00,0.37709
2020-03-21 14:11:00,0.49669
2020-03-21 15:11:00,0.31026
2020-03-21 16:11:00,0.09320999999999999
2020-03-21 17:11:00,0.0
2020-03-21 18:11:00,0.0
2020-03-21 19:11:00,0.0
2020-03-21 20:11:00,0.0
2020-03-21 21:11:00,0.0
2020-03-21 22:11:00,0.0
2020-03-21 23:11:00,0.0
2020-03-22 00:11:00,0.0
2020-03-22 01:11:00,0.0
2020-03-22 02:11:00,0.0
2020-03-22 03:11:00,0.0
2020-03-22 04:11:00,0.0
2020-03-22 05:11:00,0.0
2020-03-22 06:11:00,0.20353
2020-03-22 07:11:00,0.45438
2020-03-22 08:11:00,0.65059
2020-03-22 09:11:00,0.7853300000000001
2020-03-22 10:11:00,0.90507
2020-03-22 11:11:00,0.83882
2020-03-22 12:11:00,0.84054
2020-03-22 13:11:00,0.7660800000000001
2020-03-22 14:11:00,0.5916699999999999
2020-03-22 15:11:00,0.35744
2020-03-22 16:11:00,0.09531
2020-03-22 17:11:00,0.0
2020-03-22 18:11:00,0.0
2020-03-22 19:11:00,0.0
2020-03-22 20:11:00,0.0
2020-03-22 21:11:00,0.0
2020-03-22 22:11:00,0.0
2020-03-22 23:11:00,0.0
2020-03-23 00:11:00,0.0
2020-03-23 01:11:00,0.0
2020-03-23 02:11:00,0.0
2020-03-23 03:11:00,0.0
2020-03-23 04:11:00,0.0
2020-03-23 05:11:00,0.0
2020-03-23 06:11:00,0.19949
2020-03-23 07:11:00,0.44633999999999996
2020-03-23 08:11:00,0.64213
2020-03-23 09:11:00,0.78654
2020-03-23 10:11:00,0.89867
2020-03-23 11:11:00,0.92083
2020-03-23 12:11:00,0.87407
2020-03-23 13:11:00,0.74854
2020-03-23 14:11:00,0.5685399999999999
2020-03-23 15:11:00,0.34475
2020-03-23 16:11:00,0.09556999999999999
2020-03-23 17:11:00,0.0
2020-03-23 18:11:00,0.0
2020-03-23 19:11:00,0.0
2020-03-23 20:11:00,0.0
2020-03-23 21:11:00,0.0
2020-03-23 22:11:00,0.0
2020-03-23 23:11:00,0.0
2020-03-24 00:11:00,0.0
2020-03-24 01:11:00,0.0
2020-03-24 02:11:00,0.0
2020-03-24 03:11:00,0.0
2020-03-24 04:11:00,0.0
2020-03-24 05:11:00,0.0
2020-03-24 06:11:00,0.20245
2020-03-24 07:11:00,0.45126
2020-03-24 08:11:00,0.64127
2020-03-24 09:11:00,0.7870900000000001
2020-03-24 10:11:00,0.8856900000000001
2020-03-24 11:11:00,0.90346
2020-03-24 12:11:00,0.85987
2020-03-24 13:11:00,0.73541
2020-03-24 14:11:00,0.55968
2020-03-24 15:11:00,0.34347000000000005
2020-03-24 16:11:00,0.09798
2020-03-24 17:11:00,0.0
2020-03-24 18:11:00,0.0
2020-03-24 19:11:00,0.0
2020-03-24 20:11:00,0.0
2020-03-24 21:11:00,0.0
2020-03-24 22:11:00,0.0
2020-03-24 23:11:00,0.0
2020-03-25 00:11:00,0.0
2020-03-25 01:11:00,0.0
2020-03-25 02:11:00,0.0
2020-03-25 03:11:00,0.0
2020-03-25 04:11:00,0.0
2020-03-25 05:11:00,0.0
2020-03-25 06:11:00,0.20477
2020-03-25 07:11:00,0.4593
2020-03-25 08:11:00,0.65516
2020-03-25 09:11:00,0.80268
2020-03-25 10:11:00,0.89728
2020-03-25 11:11:00,0.9268200000000001
2020-03-25 12:11:00,0.8805499999999999
2020-03-25 13:11:00,0.74595
2020-03-25 14:11:00,0.57285
2020-03-25 15:11:00,0.34343
2020-03-25 16:11:00,0.09839
2020-03-25 17:11:00,0.0
2020-03-25 18:11:00,0.0
2020-03-25 19:11:00,0.0
2020-03-25 20:11:00,0.0
2020-03-25 21:11:00,0.0
2020-03-25 22:11:00,0.0
2020-03-25 23:11:00,0.0
2020-03-26 00:11:00,0.0
2020-03-26 01:11:00,0.0
2020-03-26 02:11:00,0.0
2020-03-26 03:11:00,0.0
2020-03-26 04:11:00,0.0
2020-03-26 05:11:00,0.0
2020-03-26 06:11:00,0.18825
2020-03-26 07:11:00,0.43011
2020-03-26 08:11:00,0.62025
2020-03-26 09:11:00,0.76383
2020-03-26 10:11:00,0.8474400000000001
2020-03-26 11:11:00,0.87926
2020-03-26 12:11:00,0.82002
2020-03-26 13:11:00,0.71693
2020-03-26 14:11:00,0.54202
2020-03-26 15:11:00,0.32062999999999997
2020-03-26 16:11:00,0.09194
2020-03-26 17:11:00,0.0
2020-03-26 18:11:00,0.0
2020-03-26 19:11:00,0.0
2020-03-26 20:11:00,0.0
2020-03-26 21:11:00,0.0
2020-03-26 22:11:00,0.0
2020-03-26 23:11:00,0.0
2020-03-27 00:11:00,0.0
2020-03-27 01:11:00,0.0
2020-03-27 02:11:00,0.0
2020-03-27 03:11:00,0.0
2020-03-27 04:11:00,0.0
2020-03-27 05:11:00,0.0
2020-03-27 06:11:00,0.16188999999999998
2020-03-27 07:11:00,0.39603
2020-03-27 08:11:00,0.5876399999999999
2020-03-27 09:11:00,0.7284400000000001
2020-03-27 10:11:00,0.80983
2020-03-27 11:11:00,0.83509
2020-03-27 12:11:00,0.77254
2020-03-27 13:11:00,0.6722
2020-03-27 14:11:00,0.51689
2020-03-27 15:11:00,0.30998000000000003
2020-03-27 16:11:00,0.09292
2020-03-27 17:11:00,2.9999999999999997e-05
2020-03-27 18:11:00,0.0
2020-03-27 19:11:00,0.0
2020-03-27 20:11:00,0.0
2020-03-27 21:11:00,0.0
2020-03-27 22:11:00,0.0
2020-03-27 23:11:00,0.0
2020-03-28 00:11:00,0.0
2020-03-28 01:11:00,0.0
2020-03-28 02:11:00,0.0
2020-03-28 03:11:00,0.0
2020-03-28 04:11:00,0.0
2020-03-28 05:11:00,0.0
2020-03-28 06:11:00,0.16472
2020-03-28 07:11:00,0.40612
2020-03-28 08:11:00,0.59926
2020-03-28 09:11:00,0.73472
2020-03-28 10:11:00,0.81884
2020-03-28 11:11:00,0.84734
2020-03-28 12:11:00,0.80322
2020-03-28 13:11:00,0.6940299999999999
2020-03-28 14:11:00,0.5266000000000001
2020-03-28 15:11:00,0.31486000000000003
2020-03-28 16:11:00,0.09398000000000001
2020-03-28 17:11:00,0.00034
2020-03-28 18:11:00,0.0
2020-03-28 19:11:00,0.0
2020-03-28 20:11:00,0.0
2020-03-28 21:11:00,0.0
2020-03-28 22:11:00,0.0
2020-03-28 23:11:00,0.0
2020-03-29 00:11:00,0.0
2020-03-29 01:11:00,0.0
2020-03-29 02:11:00,0.0
2020-03-29 03:11:00,0.0
2020-03-29 04:11:00,0.0
2020-03-29 05:11:00,0.0
2020-03-29 06:11:00,0.10722
2020-03-29 07:11:00,0.061259999999999995
2020-03-29 08:11:00,0.0697
2020-03-29 09:11:00,0.09082
2020-03-29 10:11:00,0.06016
2020-03-29 11:11:00,0.09495
2020-03-29 12:11:00,0.11682
2020-03-29 13:11:00,0.18222
2020-03-29 14:11:00,0.16061
2020-03-29 15:11:00,0.119
2020-03-29 16:11:00,0.02309
2020-03-29 17:11:00,0.0
2020-03-29 18:11:00,0.0
2020-03-29 19:11:00,0.0
2020-03-29 20:11:00,0.0
2020-03-29 21:11:00,0.0
2020-03-29 22:11:00,0.0
2020-03-29 23:11:00,0.0
2020-03-30 00:11:00,0.0
2020-03-30 01:11:00,0.0
2020-03-30 02:11:00,0.0
2020-03-30 03:11:00,0.0
2020-03-30 04:11:00,0.0
2020-03-30 05:11:00,0.00249
2020-03-30 06:11:00,0.23379
2020-03-30 07:11:00,0.43651
2020-03-30 08:11:00,0.32118
2020-03-30 09:11:00,0.37786000000000003
2020-03-30 10:11:00,0.37371
2020-03-30 11:11:00,0.20609
2020-03-30 12:11:00,0.20131
2020-03-30 13:11:00,0.07174
2020-03-30 14:11:00,0.06462000000000001
2020-03-30 15:11:00,0.04366
2020-03-30 16:11:00,0.08206000000000001
2020-03-30 17:11:00,0.0
2020-03-30 18:11:00,0.0
2020-03-30 19:11:00,0.0
2020-03-30 20:11:00,0.0
2020-03-30 21:11:00,0.0
2020-03-30 22:11:00,0.0
2020-03-30 23:11:00,0.0
2020-03-31 00:11:00,0.0
2020-03-31 01:11:00,0.0
2020-03-31 02:11:00,0.0
2020-03-31 03:11:00,0.0
2020-03-31 04:11:00,0.0
2020-03-31 05:11:00,0.00462
2020-03-31 06:11:00,0.24175
2020-03-31 07:11:00,0.49803
2020-03-31 08:11:00,0.50366
2020-03-31 09:11:00,0.622
2020-03-31 10:11:00,0.36473
2020-03-31 11:11:00,0.33879000000000004
2020-03-31 12:11:00,0.16238999999999998
2020-03-31 13:11:00,0.14809999999999998
2020-03-31 14:11:00,0.21319
2020-03-31 15:11:00,0.17364
2020-03-31 16:11:00,0.08893000000000001
2020-03-31 17:11:00,0.00422
2020-03-31 18:11:00,0.0
2020-03-31 19:11:00,0.0
2020-03-31 20:11:00,0.0
2020-03-31 21:11:00,0.0
2020-03-31 22:11:00,0.0
2020-03-31 23:11:00,0.0
2020-04-01 00:11:00,0.0
2020-04-01 01:11:00,0.0
2020-04-01 02:11:00,0.0
2020-04-01 03:11:00,0.0
2020-04-01 04:11:00,0.0
2020-04-01 05:11:00,0.0050999999999999995
2020-04-01 06:11:00,0.22824
2020-04-01 07:11:00,0.47124
2020-04-01 08:11:00,0.6619700000000001
2020-04-01 09:11:00,0.7915599999999999
2020-04-01 10:11:00,0.87051
2020-04-01 11:11:00,0.88601
2020-04-01 12:11:00,0.8287
2020-04-01 13:11:00,0.72222
2020-04-01 14:11:00,0.53967
2020-04-01 15:11:00,0.30334
2020-04-01 16:11:00,0.09994
2020-04-01 17:11:00,0.00417
2020-04-01 18:11:00,0.0
2020-04-01 19:11:00,0.0
2020-04-01 20:11:00,0.0
2020-04-01 21:11:00,0.0
2020-04-01 22:11:00,0.0
2020-04-01 23:11:00,0.0
2020-04-02 00:11:00,0.0
2020-04-02 01:11:00,0.0
2020-04-02 02:11:00,0.0
2020-04-02 03:11:00,0.0
2020-04-02 04:11:00,0.0
2020-04-02 05:11:00,0.00066
2020-04-02 06:11:00,0.06267
2020-04-02 07:11:00,0.14682
2020-04-02 08:11:00,0.23937
2020-04-02 09:11:00,0.34443
2020-04-02 10:11:00,0.41828
2020-04-02 11:11:00,0.10545
2020-04-02 12:11:00,0.24825
2020-04-02 13:11:00,0.58212
2020-04-02 14:11:00,0.42196
2020-04-02 15:11:00,0.32609
2020-04-02 16:11:00,0.10353
2020-04-02 17:11:00,0.00508
2020-04-02 18:11:00,0.0
2020-04-02 19:11:00,0.0
2020-04-02 20:11:00,0.0
2020-04-02 21:11:00,0.0
2020-04-02 22:11:00,0.0
2020-04-02 23:11:00,0.0
2020-04-03 00:11:00,0.0
2020-04-03 01:11:00,0.0
2020-04-03 02:11:00,0.0
2020-04-03 03:11:00,0.0
2020-04-03 04:11:00,0.0
2020-04-03 05:11:00,0.00063
2020-04-03 06:11:00,0.12479000000000001
2020-04-03 07:11:00,0.45838999999999996
2020-04-03 08:11:00,0.55191
2020-04-03 09:11:00,0.47241000000000005
2020-04-03 10:11:00,0.71089
2020-04-03 11:11:00,0.6333099999999999
2020-04-03 12:11:00,0.69165
2020-04-03 13:11:00,0.29113
2020-04-03 14:11:00,0.22425
2020-04-03 15:11:00,0.29574
2020-04-03 16:11:00,0.10453
2020-04-03 17:11:00,0.0071200000000000005
2020-04-03 18:11:00,0.0
2020-04-03 19:11:00,0.0
2020-04-03 20:11:00,0.0
2020-04-03 21:11:00,0.0
2020-04-03 22:11:00,0.0
2020-04-03 23:11:00,0.0
2020-04-04 00:11:00,0.0
2020-04-04 01:11:00,0.0
2020-04-04 02:11:00,0.0
2020-04-04 03:11:00,0.0
2020-04-04 04:11:00,0.0
2020-04-04 05:11:00,0.00026000000000000003
2020-04-04 06:11:00,0.05986
2020-04-04 07:11:00,0.37761
2020-04-04 08:11:00,0.59474
2020-04-04 09:11:00,0.62121
2020-04-04 10:11:00,0.47051
2020-04-04 11:11:00,0.69525
2020-04-04 12:11:00,0.58084
2020-04-04 13:11:00,0.58861
2020-04-04 14:11:00,0.52879
2020-04-04 15:11:00,0.32724000000000003
2020-04-04 16:11:00,0.10299
2020-04-04 17:11:00,0.00758
2020-04-04 18:11:00,0.0
2020-04-04 19:11:00,0.0
2020-04-04 20:11:00,0.0
2020-04-04 21:11:00,0.0
2020-04-04 22:11:00,0.0
2020-04-04 23:11:00,0.0
2020-04-05 00:11:00,0.0
2020-04-05 01:11:00,0.0
2020-04-05 02:11:00,0.0
2020-04-05 03:11:00,0.0
2020-04-05 04:11:00,0.0
2020-04-05 05:11:00,0.01201
2020-04-05 06:11:00,0.23285
2020-04-05 07:11:00,0.43086
2020-04-05 08:11:00,0.63787
2020-04-05 09:11:00,0.76637
2020-04-05 10:11:00,0.83809
2020-04-05 11:11:00,0.85051
2020-04-05 12:11:00,0.8070900000000001
2020-04-05 13:11:00,0.69972
2020-04-05 14:11:00,0.5413600000000001
2020-04-05 15:11:00,0.32744999999999996
2020-04-05 16:11:00,0.10294
2020-04-05 17:11:00,0.00853
2020-04-05 18:11:00,0.0
2020-04-05 19:11:00,0.0
2020-04-05 20:11:00,0.0
2020-04-05 21:11:00,0.0
2020-04-05 22:11:00,0.0
2020-04-05 23:11:00,0.0
2020-04-06 00:11:00,0.0
2020-04-06 01:11:00,0.0
2020-04-06 02:11:00,0.0
2020-04-06 03:11:00,0.0
2020-04-06 04:11:00,0.0
2020-04-06 05:11:00,0.01599
2020-04-06 06:11:00,0.25103
2020-04-06 07:11:00,0.48539
2020-04-06 08:11:00,0.6629299999999999
2020-04-06 09:11:00,0.77758
2020-04-06 10:11:00,0.8476699999999999
2020-04-06 11:11:00,0.84663
2020-04-06 12:11:00,0.8048099999999999
2020-04-06 13:11:00,0.70128
2020-04-06 14:11:00,0.53885
2020-04-06 15:11:00,0.32494
2020-04-06 16:11:00,0.10298
2020-04-06 17:11:00,0.00941
2020-04-06 18:11:00,0.0
2020-04-06 19:11:00,0.0
2020-04-06 20:11:00,0.0
2020-04-06 21:11:00,0.0
2020-04-06 22:11:00,0.0
2020-04-06 23:11:00,0.0
2020-04-07 00:11:00,0.0
2020-04-07 01:11:00,0.0
2020-04-07 02:11:00,0.0
2020-04-07 03:11:00,0.0
2020-04-07 04:11:00,0.0
2020-04-07 05:11:00,0.014119999999999999
2020-04-07 06:11:00,0.21309
2020-04-07 07:11:00,0.4435
2020-04-07 08:11:00,0.61326
2020-04-07 09:11:00,0.73064
2020-04-07 10:11:00,0.8031200000000001
2020-04-07 11:11:00,0.80923
2020-04-07 12:11:00,0.76943
2020-04-07 13:11:00,0.66208
2020-04-07 14:11:00,0.51195
2020-04-07 15:11:00,0.31341
2020-04-07 16:11:00,0.10016
2020-04-07 17:11:00,0.01055
2020-04-07 18:11:00,0.0
2020-04-07 19:11:00,0.0
2020-04-07 20:11:00,0.0
2020-04-07 21:11:00,0.0
2020-04-07 22:11:00,0.0
2020-04-07 23:11:00,0.0
2020-04-08 00:11:00,0.0
2020-04-08 01:11:00,0.0
2020-04-08 02:11:00,0.0
2020-04-08 03:11:00,0.0
2020-04-08 04:11:00,0.0
2020-04-08 05:11:00,0.01636
2020-04-08 06:11:00,0.23247
2020-04-08 07:11:00,0.45926
2020-04-08 08:11:00,0.63206
2020-04-08 09:11:00,0.74464
2020-04-08 10:11:00,0.80943
2020-04-08 11:11:00,0.81135
2020-04-08 12:11:00,0.77026
2020-04-08 13:11:00,0.6674800000000001
2020-04-08 14:11:00,0.51551
2020-04-08 15:11:00,0.31494
2020-04-08 16:11:00,0.1011
2020-04-08 17:11:00,0.011460000000000001
2020-04-08 18:11:00,0.0
2020-04-08 19:11:00,0.0
2020-04-08 20:11:00,0.0
2020-04-08 21:11:00,0.0
2020-04-08 22:11:00,0.0
2020-04-08 23:11:00,0.0
2020-04-09 00:11:00,0.0
2020-04-09 01:11:00,0.0
2020-04-09 02:11:00,0.0
2020-04-09 03:11:00,0.0
2020-04-09 04:11:00,0.0
2020-04-09 05:11:00,0.016300000000000002
2020-04-09 06:11:00,0.22069
2020-04-09 07:11:00,0.45061
2020-04-09 08:11:00,0.58029
2020-04-09 09:11:00,0.45669
2020-04-09 10:11:00,0.7691
2020-04-09 11:11:00,0.83325
2020-04-09 12:11:00,0.79306
2020-04-09 13:11:00,0.6546000000000001
2020-04-09 14:11:00,0.402
2020-04-09 15:11:00,0.21824000000000002
2020-04-09 16:11:00,0.06872
2020-04-09 17:11:00,0.00688
2020-04-09 18:11:00,0.0
2020-04-09 19:11:00,0.0
2020-04-09 20:11:00,0.0
2020-04-09 21:11:00,0.0
2020-04-09 22:11:00,0.0
2020-04-09 23:11:00,0.0
2020-04-10 00:11:00,0.0
2020-04-10 01:11:00,0.0
2020-04-10 02:11:00,0.0
2020-04-10 03:11:00,0.0
2020-04-10 04:11:00,0.0
2020-04-10 05:11:00,0.04351
2020-04-10 06:11:00,0.26439999999999997
2020-04-10 07:11:00,0.41241
2020-04-10 08:11:00,0.6355599999999999
2020-04-10 09:11:00,0.74678
2020-04-10 10:11:00,0.8138500000000001
2020-04-10 11:11:00,0.8109700000000001
2020-04-10 12:11:00,0.76758
2020-04-10 13:11:00,0.68271
2020-04-10 14:11:00,0.5076499999999999
2020-04-10 15:11:00,0.30717
2020-04-10 16:11:00,0.1062
2020-04-10 17:11:00,0.014119999999999999
2020-04-10 18:11:00,0.0
2020-04-10 19:11:00,0.0
2020-04-10 20:11:00,0.0
2020-04-10 21:11:00,0.0
2020-04-10 22:11:00,0.0
2020-04-10 23:11:00,0.0
2020-04-11 00:11:00,0.0
2020-04-11 01:11:00,0.0
2020-04-11 02:11:00,0.0
2020-04-11 03:11:00,0.0
2020-04-11 04:11:00,0.0
2020-04-11 05:11:00,0.0444
2020-04-11 06:11:00,0.24205000000000002
2020-04-11 07:11:00,0.48706
2020-04-11 08:11:00,0.6287699999999999
2020-04-11 09:11:00,0.7425
2020-04-11 10:11:00,0.79632
2020-04-11 11:11:00,0.79627
2020-04-11 12:11:00,0.75217
2020-04-11 13:11:00,0.66153
2020-04-11 14:11:00,0.51555
2020-04-11 15:11:00,0.31647000000000003
2020-04-11 16:11:00,0.10589
2020-04-11 17:11:00,0.013519999999999999
2020-04-11 18:11:00,0.0
2020-04-11 19:11:00,0.0
2020-04-11 20:11:00,0.0
2020-04-11 21:11:00,0.0
2020-04-11 22:11:00,0.0
2020-04-11 23:11:00,0.0
2020-04-12 00:11:00,0.0
2020-04-12 01:11:00,0.0
2020-04-12 02:11:00,0.0
2020-04-12 03:11:00,0.0
2020-04-12 04:11:00,0.0
2020-04-12 05:11:00,0.048229999999999995
2020-04-12 06:11:00,0.26614
2020-04-12 07:11:00,0.47724
2020-04-12 08:11:00,0.6470499999999999
2020-04-12 09:11:00,0.7509199999999999
2020-04-12 10:11:00,0.81137
2020-04-12 11:11:00,0.81038
2020-04-12 12:11:00,0.7738400000000001
2020-04-12 13:11:00,0.6695800000000001
2020-04-12 14:11:00,0.51689
2020-04-12 15:11:00,0.25792000000000004
2020-04-12 16:11:00,0.07833
2020-04-12 17:11:00,0.0166
2020-04-12 18:11:00,0.0
2020-04-12 19:11:00,0.0
2020-04-12 20:11:00,0.0
2020-04-12 21:11:00,0.0
2020-04-12 22:11:00,0.0
2020-04-12 23:11:00,0.0
2020-04-13 00:11:00,0.0
2020-04-13 01:11:00,0.0
2020-04-13 02:11:00,0.0
2020-04-13 03:11:00,0.0
2020-04-13 04:11:00,0.0
2020-04-13 05:11:00,0.001
2020-04-13 06:11:00,0.02686
2020-04-13 07:11:00,0.04884
2020-04-13 08:11:00,0.11044
2020-04-13 09:11:00,0.35089
2020-04-13 10:11:00,0.6173500000000001
2020-04-13 11:11:00,0.49331
2020-04-13 12:11:00,0.3663
2020-04-13 13:11:00,0.26267
2020-04-13 14:11:00,0.30905
2020-04-13 15:11:00,0.20082
2020-04-13 16:11:00,0.11267
2020-04-13 17:11:00,0.013900000000000001
2020-04-13 18:11:00,0.0
2020-04-13 19:11:00,0.0
2020-04-13 20:11:00,0.0
2020-04-13 21:11:00,0.0
2020-04-13 22:11:00,0.0
2020-04-13 23:11:00,0.0
2020-04-14 00:11:00,0.0
2020-04-14 01:11:00,0.0
2020-04-14 02:11:00,0.0
2020-04-14 03:11:00,0.0
2020-04-14 04:11:00,0.0
2020-04-14 05:11:00,0.055369999999999996
2020-04-14 06:11:00,0.28905000000000003
2020-04-14 07:11:00,0.52123
2020-04-14 08:11:00,0.6771
2020-04-14 09:11:00,0.71082
2020-04-14 10:11:00,0.6032799999999999
2020-04-14 11:11:00,0.767
2020-04-14 12:11:00,0.84882
2020-04-14 13:11:00,0.72568
2020-04-14 14:11:00,0.5726
2020-04-14 15:11:00,0.35281
2020-04-14 16:11:00,0.11137000000000001
2020-04-14 17:11:00,0.01444
2020-04-14 18:11:00,0.0
2020-04-14 19:11:00,0.0
2020-04-14 20:11:00,0.0
2020-04-14 21:11:00,0.0
2020-04-14 22:11:00,0.0
2020-04-14 23:11:00,0.0
2020-04-15 00:11:00,0.0
2020-04-15 01:11:00,0.0
2020-04-15 02:11:00,0.0
2020-04-15 03:11:00,0.0
2020-04-15 04:11:00,0.0
2020-04-15 05:11:00,0.02789
2020-04-15 06:11:00,0.11392000000000001
2020-04-15 07:11:00,0.22361
2020-04-15 08:11:00,0.36618
2020-04-15 09:11:00,0.7446499999999999
2020-04-15 10:11:00,0.83398
2020-04-15 11:11:00,0.7434700000000001
2020-04-15 12:11:00,0.73057
2020-04-15 13:11:00,0.72054
2020-04-15 14:11:00,0.5288099999999999
2020-04-15 15:11:00,0.3318
2020-04-15 16:11:00,0.10815000000000001
2020-04-15 17:11:00,0.015269999999999999
2020-04-15 18:11:00,0.0
2020-04-15 19:11:00,0.0
2020-04-15 20:11:00,0.0
2020-04-15 21:11:00,0.0
2020-04-15 22:11:00,0.0
2020-04-15 23:11:00,0.0
2020-04-16 00:11:00,0.0
2020-04-16 01:11:00,0.0
2020-04-16 02:11:00,0.0
2020-04-16 03:11:00,0.0
2020-04-16 04:11:00,0.0
2020-04-16 05:11:00,0.05553
2020-04-16 06:11:00,0.27222
2020-04-16 07:11:00,0.48485
2020-04-16 08:11:00,0.66095
2020-04-16 09:11:00,0.7472799999999999
2020-04-16 10:11:00,0.8376399999999999
2020-04-16 11:11:00,0.81021
2020-04-16 12:11:00,0.7515
2020-04-16 13:11:00,0.6306499999999999
2020-04-16 14:11:00,0.4385
2020-04-16 15:11:00,0.28108
2020-04-16 16:11:00,0.10611
2020-04-16 17:11:00,0.019829999999999997
2020-04-16 18:11:00,0.0
2020-04-16 19:11:00,0.0
2020-04-16 20:11:00,0.0
2020-04-16 21:11:00,0.0
2020-04-16 22:11:00,0.0
2020-04-16 23:11:00,0.0
2020-04-17 00:11:00,0.0
2020-04-17 01:11:00,0.0
2020-04-17 02:11:00,0.0
2020-04-17 03:11:00,0.0
2020-04-17 04:11:00,0.0
2020-04-17 05:11:00,0.047060000000000005
2020-04-17 06:11:00,0.14465
2020-04-17 07:11:00,0.28537
2020-04-17 08:11:00,0.6049800000000001
2020-04-17 09:11:00,0.71031
2020-04-17 10:11:00,0.76334
2020-04-17 11:11:00,0.8045399999999999
2020-04-17 12:11:00,0.7748700000000001
2020-04-17 13:11:00,0.55063
2020-04-17 14:11:00,0.4769
2020-04-17 15:11:00,0.30212
2020-04-17 16:11:00,0.11014
2020-04-17 17:11:00,0.02175
2020-04-17 18:11:00,0.0
2020-04-17 19:11:00,0.0
2020-04-17 20:11:00,0.0
2020-04-17 21:11:00,0.0
2020-04-17 22:11:00,0.0
2020-04-17 23:11:00,0.0
2020-04-18 00:11:00,0.0
2020-04-18 01:11:00,0.0
2020-04-18 02:11:00,0.0
2020-04-18 03:11:00,0.0
2020-04-18 04:11:00,0.0
2020-04-18 05:11:00,0.06364
2020-04-18 06:11:00,0.2924
2020-04-18 07:11:00,0.50182
2020-04-18 08:11:00,0.6694500000000001
2020-04-18 09:11:00,0.78228
2020-04-18 10:11:00,0.83459
2020-04-18 11:11:00,0.83208
2020-04-18 12:11:00,0.7865800000000001
2020-04-18 13:11:00,0.69313
2020-04-18 14:11:00,0.53976
2020-04-18 15:11:00,0.33505
2020-04-18 16:11:00,0.10856
2020-04-18 17:11:00,0.01875
2020-04-18 18:11:00,0.0
2020-04-18 19:11:00,0.0
2020-04-18 20:11:00,0.0
2020-04-18 21:11:00,0.0
2020-04-18 22:11:00,0.0
2020-04-18 23:11:00,0.0
2020-04-19 00:11:00,0.0
2020-04-19 01:11:00,0.0
2020-04-19 02:11:00,0.0
2020-04-19 03:11:00,0.0
2020-04-19 04:11:00,0.0
2020-04-19 05:11:00,0.055920000000000004
2020-04-19 06:11:00,0.21746000000000001
2020-04-19 07:11:00,0.51515
2020-04-19 08:11:00,0.70302
2020-04-19 09:11:00,0.8257899999999999
2020-04-19 10:11:00,0.8936000000000001
2020-04-19 11:11:00,0.8911399999999999
2020-04-19 12:11:00,0.84105
2020-04-19 13:11:00,0.72989
2020-04-19 14:11:00,0.56586
2020-04-19 15:11:00,0.34795
2020-04-19 16:11:00,0.11081999999999999
2020-04-19 17:11:00,0.01782
2020-04-19 18:11:00,0.0
2020-04-19 19:11:00,0.0
2020-04-19 20:11:00,0.0
2020-04-19 21:11:00,0.0
2020-04-19 22:11:00,0.0
2020-04-19 23:11:00,0.0
2020-04-20 00:11:00,0.0
2020-04-20 01:11:00,0.0
2020-04-20 02:11:00,0.0
2020-04-20 03:11:00,0.0
2020-04-20 04:11:00,0.0
2020-04-20 05:11:00,0.06952
2020-04-20 06:11:00,0.30157999999999996
2020-04-20 07:11:00,0.51916
2020-04-20 08:11:00,0.70168
2020-04-20 09:11:00,0.81602
2020-04-20 10:11:00,0.8856799999999999
2020-04-20 11:11:00,0.88986
2020-04-20 12:11:00,0.8389800000000001
2020-04-20 13:11:00,0.73023
2020-04-20 14:11:00,0.5629700000000001
2020-04-20 15:11:00,0.34606
2020-04-20 16:11:00,0.11045999999999999
2020-04-20 17:11:00,0.01886
2020-04-20 18:11:00,0.0
2020-04-20 19:11:00,0.0
2020-04-20 20:11:00,0.0
2020-04-20 21:11:00,0.0
2020-04-20 22:11:00,0.0
2020-04-20 23:11:00,0.0
2020-04-21 00:11:00,0.0
2020-04-21 01:11:00,0.0
2020-04-21 02:11:00,0.0
2020-04-21 03:11:00,0.0
2020-04-21 04:11:00,0.0
2020-04-21 05:11:00,0.06998
2020-04-21 06:11:00,0.29337
2020-04-21 07:11:00,0.51264
2020-04-21 08:11:00,0.68845
2020-04-21 09:11:00,0.8020499999999999
2020-04-21 10:11:00,0.86524
2020-04-21 11:11:00,0.86774
2020-04-21 12:11:00,0.81741
2020-04-21 13:11:00,0.7064
2020-04-21 14:11:00,0.54599
2020-04-21 15:11:00,0.33636
2020-04-21 16:11:00,0.11037000000000001
2020-04-21 17:11:00,0.02111
2020-04-21 18:11:00,0.0
2020-04-21 19:11:00,0.0
2020-04-21 20:11:00,0.0
2020-04-21 21:11:00,0.0
2020-04-21 22:11:00,0.0
2020-04-21 23:11:00,0.0
2020-04-22 00:11:00,0.0
2020-04-22 01:11:00,0.0
2020-04-22 02:11:00,0.0
2020-04-22 03:11:00,0.0
2020-04-22 04:11:00,0.0
2020-04-22 05:11:00,0.07203
2020-04-22 06:11:00,0.29120999999999997
2020-04-22 07:11:00,0.50424
2020-04-22 08:11:00,0.6738999999999999
2020-04-22 09:11:00,0.7848200000000001
2020-04-22 10:11:00,0.8439800000000001
2020-04-22 11:11:00,0.8506
2020-04-22 12:11:00,0.8041900000000001
2020-04-22 13:11:00,0.6985399999999999
2020-04-22 14:11:00,0.54185
2020-04-22 15:11:00,0.33504
2020-04-22 16:11:00,0.10926999999999999
2020-04-22 17:11:00,0.02089
2020-04-22 18:11:00,0.0
2020-04-22 19:11:00,0.0
2020-04-22 20:11:00,0.0
2020-04-22 21:11:00,0.0
2020-04-22 22:11:00,0.0
2020-04-22 23:11:00,0.0
2020-04-23 00:11:00,0.0
2020-04-23 01:11:00,0.0
2020-04-23 02:11:00,0.0
2020-04-23 03:11:00,0.0
2020-04-23 04:11:00,0.0
2020-04-23 05:11:00,0.07323
2020-04-23 06:11:00,0.28482
2020-04-23 07:11:00,0.49367
2020-04-23 08:11:00,0.64642
2020-04-23 09:11:00,0.7529600000000001
2020-04-23 10:11:00,0.8135399999999999
2020-04-23 11:11:00,0.81916
2020-04-23 12:11:00,0.76659
2020-04-23 13:11:00,0.6685800000000001
2020-04-23 14:11:00,0.5206000000000001
2020-04-23 15:11:00,0.32352
2020-04-23 16:11:00,0.10995
2020-04-23 17:11:00,0.02554
2020-04-23 18:11:00,0.0
2020-04-23 19:11:00,0.0
2020-04-23 20:11:00,0.0
2020-04-23 21:11:00,0.0
2020-04-23 22:11:00,0.0
2020-04-23 23:11:00,0.0
2020-04-24 00:11:00,0.0
2020-04-24 01:11:00,0.0
2020-04-24 02:11:00,0.0
2020-04-24 03:11:00,0.0
2020-04-24 04:11:00,0.0
2020-04-24 05:11:00,0.02045
2020-04-24 06:11:00,0.0577
2020-04-24 07:11:00,0.09777
2020-04-24 08:11:00,0.62119
2020-04-24 09:11:00,0.74939
2020-04-24 10:11:00,0.8168200000000001
2020-04-24 11:11:00,0.82685
2020-04-24 12:11:00,0.7802
2020-04-24 13:11:00,0.41345
2020-04-24 14:11:00,0.44377
2020-04-24 15:11:00,0.27814
2020-04-24 16:11:00,0.11144
2020-04-24 17:11:00,0.024390000000000002
2020-04-24 18:11:00,0.0
2020-04-24 19:11:00,0.0
2020-04-24 20:11:00,0.0
2020-04-24 21:11:00,0.0
2020-04-24 22:11:00,0.0
2020-04-24 23:11:00,0.0
2020-04-25 00:11:00,0.0
2020-04-25 01:11:00,0.0
2020-04-25 02:11:00,0.0
2020-04-25 03:11:00,0.0
2020-04-25 04:11:00,0.0
2020-04-25 05:11:00,0.00431
2020-04-25 06:11:00,0.03095
2020-04-25 07:11:00,0.26664
2020-04-25 08:11:00,0.30404000000000003
2020-04-25 09:11:00,0.46558
2020-04-25 10:11:00,0.60441
2020-04-25 11:11:00,0.6565599999999999
2020-04-25 12:11:00,0.37198000000000003
2020-04-25 13:11:00,0.38608
2020-04-25 14:11:00,0.16319999999999998
2020-04-25 15:11:00,0.17861000000000002
2020-04-25 16:11:00,0.09511
2020-04-25 17:11:00,0.03009
2020-04-25 18:11:00,0.0
2020-04-25 19:11:00,0.0
2020-04-25 20:11:00,0.0
2020-04-25 21:11:00,0.0
2020-04-25 22:11:00,0.0
2020-04-25 23:11:00,0.0
2020-04-26 00:11:00,0.0
2020-04-26 01:11:00,0.0
2020-04-26 02:11:00,0.0
2020-04-26 03:11:00,0.0
2020-04-26 04:11:00,5e-05
2020-04-26 05:11:00,0.07887999999999999
2020-04-26 06:11:00,0.2885
2020-04-26 07:11:00,0.48965
2020-04-26 08:11:00,0.65324
2020-04-26 09:11:00,0.42131
2020-04-26 10:11:00,0.49051
2020-04-26 11:11:00,0.5210499999999999
2020-04-26 12:11:00,0.6880700000000001
2020-04-26 13:11:00,0.47032
2020-04-26 14:11:00,0.46979000000000004
2020-04-26 15:11:00,0.32580000000000003
2020-04-26 16:11:00,0.1187
2020-04-26 17:11:00,0.031010000000000003
2020-04-26 18:11:00,0.0
2020-04-26 19:11:00,0.0
2020-04-26 20:11:00,0.0
2020-04-26 21:11:00,0.0
2020-04-26 22:11:00,0.0
2020-04-26 23:11:00,0.0
2020-04-27 00:11:00,0.0
2020-04-27 01:11:00,0.0
2020-04-27 02:11:00,0.0
2020-04-27 03:11:00,0.0
2020-04-27 04:11:00,5e-05
2020-04-27 05:11:00,0.08092
2020-04-27 06:11:00,0.28914
2020-04-27 07:11:00,0.49008999999999997
2020-04-27 08:11:00,0.64088
2020-04-27 09:11:00,0.74379
2020-04-27 10:11:00,0.8028
2020-04-27 11:11:00,0.8066599999999999
2020-04-27 12:11:00,0.74385
2020-04-27 13:11:00,0.66361
2020-04-27 14:11:00,0.5184500000000001
2020-04-27 15:11:00,0.29547
2020-04-27 16:11:00,0.11344
2020-04-27 17:11:00,0.02605
2020-04-27 18:11:00,0.0
2020-04-27 19:11:00,0.0
2020-04-27 20:11:00,0.0
2020-04-27 21:11:00,0.0
2020-04-27 22:11:00,0.0
2020-04-27 23:11:00,0.0
2020-04-28 00:11:00,0.0
2020-04-28 01:11:00,0.0
2020-04-28 02:11:00,0.0
2020-04-28 03:11:00,0.0
2020-04-28 04:11:00,0.0
2020-04-28 05:11:00,0.07834
2020-04-28 06:11:00,0.26496
2020-04-28 07:11:00,0.46658999999999995
2020-04-28 08:11:00,0.54114
2020-04-28 09:11:00,0.71597
2020-04-28 10:11:00,0.7512000000000001
2020-04-28 11:11:00,0.7320099999999999
2020-04-28 12:11:00,0.60249
2020-04-28 13:11:00,0.33165
2020-04-28 14:11:00,0.24634
2020-04-28 15:11:00,0.13727
2020-04-28 16:11:00,0.03986
2020-04-28 17:11:00,0.013560000000000001
2020-04-28 18:11:00,0.0
2020-04-28 19:11:00,0.0
2020-04-28 20:11:00,0.0
2020-04-28 21:11:00,0.0
2020-04-28 22:11:00,0.0
2020-04-28 23:11:00,0.0
2020-04-29 00:11:00,0.0
2020-04-29 01:11:00,0.0
2020-04-29 02:11:00,0.0
2020-04-29 03:11:00,0.0
2020-04-29 04:11:00,0.0
2020-04-29 05:11:00,0.02017
2020-04-29 06:11:00,0.06282
2020-04-29 07:11:00,0.04555
2020-04-29 08:11:00,0.50185
2020-04-29 09:11:00,0.44838
2020-04-29 10:11:00,0.19332
2020-04-29 11:11:00,0.13595
2020-04-29 12:11:00,0.31905
2020-04-29 13:11:00,0.51463
2020-04-29 14:11:00,0.09849
2020-04-29 15:11:00,0.13851
2020-04-29 16:11:00,0.11031999999999999
2020-04-29 17:11:00,0.02398
2020-04-29 18:11:00,0.0
2020-04-29 19:11:00,0.0
2020-04-29 20:11:00,0.0
2020-04-29 21:11:00,0.0
2020-04-29 22:11:00,0.0
2020-04-29 23:11:00,0.0
2020-04-30 00:11:00,0.0
2020-04-30 01:11:00,0.0
2020-04-30 02:11:00,0.0
2020-04-30 03:11:00,0.0
2020-04-30 04:11:00,0.00035
2020-04-30 05:11:00,0.00373
2020-04-30 06:11:00,0.12966
2020-04-30 07:11:00,0.09195
2020-04-30 08:11:00,0.27614999999999995
2020-04-30 09:11:00,0.41126
2020-04-30 10:11:00,0.46367
2020-04-30 11:11:00,0.20713
2020-04-30 12:11:00,0.10459
2020-04-30 13:11:00,0.12737
2020-04-30 14:11:00,0.45544999999999997
2020-04-30 15:11:00,0.21062999999999998
2020-04-30 16:11:00,0.09262999999999999
2020-04-30 17:11:00,0.03653
2020-04-30 18:11:00,0.0
2020-04-30 19:11:00,0.0
2020-04-30 20:11:00,0.0
2020-04-30 21:11:00,0.0
2020-04-30 22:11:00,0.0
2020-04-30 23:11:00,0.0
2020-05-01 00:11:00,0.0
2020-05-01 01:11:00,0.0
2020-05-01 02:11:00,0.0
2020-05-01 03:11:00,0.0
2020-05-01 04:11:00,0.00034
2020-05-01 05:11:00,0.06405
2020-05-01 06:11:00,0.30721
2020-05-01 07:11:00,0.47458999999999996
2020-05-01 08:11:00,0.25362
2020-05-01 09:11:00,0.45648
2020-05-01 10:11:00,0.08272
2020-05-01 11:11:00,0.77934
2020-05-01 12:11:00,0.2897
2020-05-01 13:11:00,0.5721799999999999
2020-05-01 14:11:00,0.44518
2020-05-01 15:11:00,0.21630000000000002
2020-05-01 16:11:00,0.01028
2020-05-01 17:11:00,0.01059
2020-05-01 18:11:00,0.0
2020-05-01 19:11:00,0.0
2020-05-01 20:11:00,0.0
2020-05-01 21:11:00,0.0
2020-05-01 22:11:00,0.0
2020-05-01 23:11:00,0.0
2020-05-02 00:11:00,0.0
2020-05-02 01:11:00,0.0
2020-05-02 02:11:00,0.0
2020-05-02 03:11:00,0.0
2020-05-02 04:11:00,4e-05
2020-05-02 05:11:00,0.02939
2020-05-02 06:11:00,0.19044999999999998
2020-05-02 07:11:00,0.47198
2020-05-02 08:11:00,0.21243
2020-05-02 09:11:00,0.17234
2020-05-02 10:11:00,0.44764
2020-05-02 11:11:00,0.76451
2020-05-02 12:11:00,0.06918
2020-05-02 13:11:00,0.04845
2020-05-02 14:11:00,0.09459000000000001
2020-05-02 15:11:00,0.24202
2020-05-02 16:11:00,0.10744
2020-05-02 17:11:00,0.040670000000000005
2020-05-02 18:11:00,0.0
2020-05-02 19:11:00,0.0
2020-05-02 20:11:00,0.0
2020-05-02 21:11:00,0.0
2020-05-02 22:11:00,0.0
2020-05-02 23:11:00,0.0
2020-05-03 00:11:00,0.0
2020-05-03 01:11:00,0.0
2020-05-03 02:11:00,0.0
2020-05-03 03:11:00,0.0
2020-05-03 04:11:00,0.00273
2020-05-03 05:11:00,0.06179
2020-05-03 06:11:00,0.13593
2020-05-03 07:11:00,0.27732999999999997
2020-05-03 08:11:00,0.10451
2020-05-03 09:11:00,0.38509
2020-05-03 10:11:00,0.53638
2020-05-03 11:11:00,0.20566
2020-05-03 12:11:00,0.33744999999999997
2020-05-03 13:11:00,0.11551
2020-05-03 14:11:00,0.1753
2020-05-03 15:11:00,0.32630000000000003
2020-05-03 16:11:00,0.12467
2020-05-03 17:11:00,0.039659999999999994
2020-05-03 18:11:00,0.00101
2020-05-03 19:11:00,0.0
2020-05-03 20:11:00,0.0
2020-05-03 21:11:00,0.0
2020-05-03 22:11:00,0.0
2020-05-03 23:11:00,0.0
2020-05-04 00:11:00,0.0
2020-05-04 01:11:00,0.0
2020-05-04 02:11:00,0.0
2020-05-04 03:11:00,0.0
2020-05-04 04:11:00,0.0
2020-05-04 05:11:00,0.0125
2020-05-04 06:11:00,0.022920000000000003
2020-05-04 07:11:00,0.05504
2020-05-04 08:11:00,0.11635
2020-05-04 09:11:00,0.1794
2020-05-04 10:11:00,0.12792
2020-05-04 11:11:00,0.14472
2020-05-04 12:11:00,0.09208
2020-05-04 13:11:00,0.08020000000000001
2020-05-04 14:11:00,0.09806000000000001
2020-05-04 15:11:00,0.1866
2020-05-04 16:11:00,0.09834
2020-05-04 17:11:00,0.00916
2020-05-04 18:11:00,0.0
2020-05-04 19:11:00,0.0
2020-05-04 20:11:00,0.0
2020-05-04 21:11:00,0.0
2020-05-04 22:11:00,0.0
2020-05-04 23:11:00,0.0
2020-05-05 00:11:00,0.0
2020-05-05 01:11:00,0.0
2020-05-05 02:11:00,0.0
2020-05-05 03:11:00,0.0
2020-05-05 04:11:00,0.008369999999999999
2020-05-05 05:11:00,0.09559999999999999
2020-05-05 06:11:00,0.32205
2020-05-05 07:11:00,0.53561
2020-05-05 08:11:00,0.6088899999999999
2020-05-05 09:11:00,0.58075
2020-05-05 10:11:00,0.78514
2020-05-05 11:11:00,0.63991
2020-05-05 12:11:00,0.79763
2020-05-05 13:11:00,0.53806
2020-05-05 14:11:00,0.04992
2020-05-05 15:11:00,0.33217
2020-05-05 16:11:00,0.12699
2020-05-05 17:11:00,0.04186
2020-05-05 18:11:00,0.00183
2020-05-05 19:11:00,0.0
2020-05-05 20:11:00,0.0
2020-05-05 21:11:00,0.0
2020-05-05 22:11:00,0.0
2020-05-05 23:11:00,0.0
2020-05-06 00:11:00,0.0
2020-05-06 01:11:00,0.0
2020-05-06 02:11:00,0.0
2020-05-06 03:11:00,0.0
2020-05-06 04:11:00,0.009460000000000001
2020-05-06 05:11:00,0.09620999999999999
2020-05-06 06:11:00,0.32055
2020-05-06 07:11:00,0.51062
2020-05-06 08:11:00,0.68978
2020-05-06 09:11:00,0.79741
2020-05-06 10:11:00,0.86552
2020-05-06 11:11:00,0.8643200000000001
2020-05-06 12:11:00,0.81838
2020-05-06 13:11:00,0.7109
2020-05-06 14:11:00,0.54514
2020-05-06 15:11:00,0.34262
2020-05-06 16:11:00,0.11546
2020-05-06 17:11:00,0.026719999999999997
2020-05-06 18:11:00,0.00218
2020-05-06 19:11:00,0.0
2020-05-06 20:11:00,0.0
2020-05-06 21:11:00,0.0
2020-05-06 22:11:00,0.0
2020-05-06 23:11:00,0.0
2020-05-07 00:11:00,0.0
2020-05-07 01:11:00,0.0
2020-05-07 02:11:00,0.0
2020-05-07 03:11:00,0.0
2020-05-07 04:11:00,0.0018700000000000001
2020-05-07 05:11:00,0.018510000000000002
2020-05-07 06:11:00,0.06239
2020-05-07 07:11:00,0.12234
2020-05-07 08:11:00,0.15014
2020-05-07 09:11:00,0.16638
2020-05-07 10:11:00,0.16418000000000002
2020-05-07 11:11:00,0.49587
2020-05-07 12:11:00,0.76588
2020-05-07 13:11:00,0.6801900000000001
2020-05-07 14:11:00,0.53565
2020-05-07 15:11:00,0.3364
2020-05-07 16:11:00,0.11711
2020-05-07 17:11:00,0.0272
2020-05-07 18:11:00,0.00346
2020-05-07 19:11:00,0.0
2020-05-07 20:11:00,0.0
2020-05-07 21:11:00,0.0
2020-05-07 22:11:00,0.0
2020-05-07 23:11:00,0.0
2020-05-08 00:11:00,0.0
2020-05-08 01:11:00,0.0
2020-05-08 02:11:00,0.0
2020-05-08 03:11:00,0.0
2020-05-08 04:11:00,0.015189999999999999
2020-05-08 05:11:00,0.0979
2020-05-08 06:11:00,0.30175
2020-05-08 07:11:00,0.48704000000000003
2020-05-08 08:11:00,0.63122
2020-05-08 09:11:00,0.7071000000000001
2020-05-08 10:11:00,0.8063400000000001
2020-05-08 11:11:00,0.8213400000000001
2020-05-08 12:11:00,0.77843
2020-05-08 13:11:00,0.64055
2020-05-08 14:11:00,0.5224
2020-05-08 15:11:00,0.32935000000000003
2020-05-08 16:11:00,0.12243000000000001
2020-05-08 17:11:00,0.02988
2020-05-08 18:11:00,0.00297
2020-05-08 19:11:00,0.0
2020-05-08 20:11:00,0.0
2020-05-08 21:11:00,0.0
2020-05-08 22:11:00,0.0
2020-05-08 23:11:00,0.0
2020-05-09 00:11:00,0.0
2020-05-09 01:11:00,0.0
2020-05-09 02:11:00,0.0
2020-05-09 03:11:00,0.0
2020-05-09 04:11:00,0.012150000000000001
2020-05-09 05:11:00,0.07706
2020-05-09 06:11:00,0.29728
2020-05-09 07:11:00,0.49031
2020-05-09 08:11:00,0.6395599999999999
2020-05-09 09:11:00,0.72496
2020-05-09 10:11:00,0.78218
2020-05-09 11:11:00,0.77725
2020-05-09 12:11:00,0.74412
2020-05-09 13:11:00,0.63859
2020-05-09 14:11:00,0.488
2020-05-09 15:11:00,0.29918
2020-05-09 16:11:00,0.12547
2020-05-09 17:11:00,0.04547
2020-05-09 18:11:00,0.00061
2020-05-09 19:11:00,0.0
2020-05-09 20:11:00,0.0
2020-05-09 21:11:00,0.0
2020-05-09 22:11:00,0.0
2020-05-09 23:11:00,0.0
2020-05-10 00:11:00,0.0
2020-05-10 01:11:00,0.0
2020-05-10 02:11:00,0.0
2020-05-10 03:11:00,0.0
2020-05-10 04:11:00,0.01537
2020-05-10 05:11:00,0.09161
2020-05-10 06:11:00,0.24908000000000002
2020-05-10 07:11:00,0.38217
2020-05-10 08:11:00,0.33276999999999995
2020-05-10 09:11:00,0.54638
2020-05-10 10:11:00,0.4153
2020-05-10 11:11:00,0.6171599999999999
2020-05-10 12:11:00,0.27701
2020-05-10 13:11:00,0.10162
2020-05-10 14:11:00,0.25466
2020-05-10 15:11:00,0.05442
2020-05-10 16:11:00,0.06481
2020-05-10 17:11:00,0.04639
2020-05-10 18:11:00,0.0016799999999999999
2020-05-10 19:11:00,0.0
2020-05-10 20:11:00,0.0
2020-05-10 21:11:00,0.0
2020-05-10 22:11:00,0.0
2020-05-10 23:11:00,0.0
2020-05-11 00:11:00,0.0
2020-05-11 01:11:00,0.0
2020-05-11 02:11:00,0.0
2020-05-11 03:11:00,0.0
2020-05-11 04:11:00,0.0
2020-05-11 05:11:00,0.00758
2020-05-11 06:11:00,0.02102
2020-05-11 07:11:00,0.04263
2020-05-11 08:11:00,0.04118
2020-05-11 09:11:00,0.07235
2020-05-11 10:11:00,0.1139
2020-05-11 11:11:00,0.07861
2020-05-11 12:11:00,0.06784
2020-05-11 13:11:00,0.07342
2020-05-11 14:11:00,0.06268
2020-05-11 15:11:00,0.037079999999999995
2020-05-11 16:11:00,0.01794
2020-05-11 17:11:00,0.00514
2020-05-11 18:11:00,0.0
2020-05-11 19:11:00,0.0
2020-05-11 20:11:00,0.0
2020-05-11 21:11:00,0.0
2020-05-11 22:11:00,0.0
2020-05-11 23:11:00,0.0
2020-05-12 00:11:00,0.0
2020-05-12 01:11:00,0.0
2020-05-12 02:11:00,0.0
2020-05-12 03:11:00,0.0
2020-05-12 04:11:00,0.01739
2020-05-12 05:11:00,0.10421
2020-05-12 06:11:00,0.32743
2020-05-12 07:11:00,0.5372100000000001
2020-05-12 08:11:00,0.6843400000000001
2020-05-12 09:11:00,0.6852699999999999
2020-05-12 10:11:00,0.19856000000000001
2020-05-12 11:11:00,0.20326
2020-05-12 12:11:00,0.213
2020-05-12 13:11:00,0.2948
2020-05-12 14:11:00,0.39897000000000005
2020-05-12 15:11:00,0.27667
2020-05-12 16:11:00,0.12524
2020-05-12 17:11:00,0.05328
2020-05-12 18:11:00,0.00704
2020-05-12 19:11:00,0.0
2020-05-12 20:11:00,0.0
2020-05-12 21:11:00,0.0
2020-05-12 22:11:00,0.0
2020-05-12 23:11:00,0.0
2020-05-13 00:11:00,0.0
2020-05-13 01:11:00,0.0
2020-05-13 02:11:00,0.0
2020-05-13 03:11:00,0.0
2020-05-13 04:11:00,5.9999999999999995e-05
2020-05-13 05:11:00,0.01797
2020-05-13 06:11:00,0.09018000000000001
2020-05-13 07:11:00,0.21072
2020-05-13 08:11:00,0.5375800000000001
2020-05-13 09:11:00,0.66352
2020-05-13 10:11:00,0.18963
2020-05-13 11:11:00,0.37401999999999996
2020-05-13 12:11:00,0.47683
2020-05-13 13:11:00,0.44635
2020-05-13 14:11:00,0.27613
2020-05-13 15:11:00,0.17690999999999998
2020-05-13 16:11:00,0.11807
2020-05-13 17:11:00,0.0484
2020-05-13 18:11:00,0.00852
2020-05-13 19:11:00,0.0
2020-05-13 20:11:00,0.0
2020-05-13 21:11:00,0.0
2020-05-13 22:11:00,0.0
2020-05-13 23:11:00,0.0
2020-05-14 00:11:00,0.0
2020-05-14 01:11:00,0.0
2020-05-14 02:11:00,0.0
2020-05-14 03:11:00,0.0
2020-05-14 04:11:00,0.02025
2020-05-14 05:11:00,0.10732
2020-05-14 06:11:00,0.31115
2020-05-14 07:11:00,0.19059
2020-05-14 08:11:00,0.36377
2020-05-14 09:11:00,0.23575
2020-05-14 10:11:00,0.46044
2020-05-14 11:11:00,0.8330700000000001
2020-05-14 12:11:00,0.35481
2020-05-14 13:11:00,0.27474
2020-05-14 14:11:00,0.42796
2020-05-14 15:11:00,0.24875999999999998
2020-05-14 16:11:00,0.13687
2020-05-14 17:11:00,0.05486
2020-05-14 18:11:00,0.008039999999999999
2020-05-14 19:11:00,0.0
2020-05-14 20:11:00,0.0
2020-05-14 21:11:00,0.0
2020-05-14 22:11:00,0.0
2020-05-14 23:11:00,0.0
2020-05-15 00:11:00,0.0
2020-05-15 01:11:00,0.0
2020-05-15 02:11:00,0.0
2020-05-15 03:11:00,0.0
2020-05-15 04:11:00,0.01859
2020-05-15 05:11:00,0.10618999999999999
2020-05-15 06:11:00,0.32088
2020-05-15 07:11:00,0.51811
2020-05-15 08:11:00,0.67369
2020-05-15 09:11:00,0.7814099999999999
2020-05-15 10:11:00,0.80948
2020-05-15 11:11:00,0.7677200000000001
2020-05-15 12:11:00,0.79098
2020-05-15 13:11:00,0.68752
2020-05-15 14:11:00,0.51686
2020-05-15 15:11:00,0.31827
2020-05-15 16:11:00,0.12062
2020-05-15 17:11:00,0.04771
2020-05-15 18:11:00,0.008490000000000001
2020-05-15 19:11:00,0.0
2020-05-15 20:11:00,0.0
2020-05-15 21:11:00,0.0
2020-05-15 22:11:00,0.0
2020-05-15 23:11:00,0.0
2020-05-16 00:11:00,0.0
2020-05-16 01:11:00,0.0
2020-05-16 02:11:00,0.0
2020-05-16 03:11:00,0.0
2020-05-16 04:11:00,0.01642
2020-05-16 05:11:00,0.10515000000000001
2020-05-16 06:11:00,0.31901999999999997
2020-05-16 07:11:00,0.50499
2020-05-16 08:11:00,0.6153
2020-05-16 09:11:00,0.66749
2020-05-16 10:11:00,0.35239
2020-05-16 11:11:00,0.14221999999999999
2020-05-16 12:11:00,0.44589999999999996
2020-05-16 13:11:00,0.21319
2020-05-16 14:11:00,0.12624
2020-05-16 15:11:00,0.21785
2020-05-16 16:11:00,0.1262
2020-05-16 17:11:00,0.02994
2020-05-16 18:11:00,0.007940000000000001
2020-05-16 19:11:00,0.0
2020-05-16 20:11:00,0.0
2020-05-16 21:11:00,0.0
2020-05-16 22:11:00,0.0
2020-05-16 23:11:00,0.0
2020-05-17 00:11:00,0.0
2020-05-17 01:11:00,0.0
2020-05-17 02:11:00,0.0
2020-05-17 03:11:00,0.0
2020-05-17 04:11:00,0.00035
2020-05-17 05:11:00,0.023710000000000002
2020-05-17 06:11:00,0.27146
2020-05-17 07:11:00,0.51783
2020-05-17 08:11:00,0.6767000000000001
2020-05-17 09:11:00,0.77266
2020-05-17 10:11:00,0.7376
2020-05-17 11:11:00,0.77179
2020-05-17 12:11:00,0.75513
2020-05-17 13:11:00,0.55235
2020-05-17 14:11:00,0.44156
2020-05-17 15:11:00,0.30871
2020-05-17 16:11:00,0.14058
2020-05-17 17:11:00,0.04843
2020-05-17 18:11:00,0.01053
2020-05-17 19:11:00,0.0
2020-05-17 20:11:00,0.0
2020-05-17 21:11:00,0.0
2020-05-17 22:11:00,0.0
2020-05-17 23:11:00,0.0
2020-05-18 00:11:00,0.0
2020-05-18 01:11:00,0.0
2020-05-18 02:11:00,0.0
2020-05-18 03:11:00,0.0
2020-05-18 04:11:00,0.02152
2020-05-18 05:11:00,0.08281000000000001
2020-05-18 06:11:00,0.21051
2020-05-18 07:11:00,0.39222
2020-05-18 08:11:00,0.56656
2020-05-18 09:11:00,0.54372
2020-05-18 10:11:00,0.63206
2020-05-18 11:11:00,0.60517
2020-05-18 12:11:00,0.63897
2020-05-18 13:11:00,0.55737
2020-05-18 14:11:00,0.49065
2020-05-18 15:11:00,0.20774
2020-05-18 16:11:00,0.1258
2020-05-18 17:11:00,0.0489
2020-05-18 18:11:00,0.01252
2020-05-18 19:11:00,0.0
2020-05-18 20:11:00,0.0
2020-05-18 21:11:00,0.0
2020-05-18 22:11:00,0.0
2020-05-18 23:11:00,0.0
2020-05-19 00:11:00,0.0
2020-05-19 01:11:00,0.0
2020-05-19 02:11:00,0.0
2020-05-19 03:11:00,0.0
2020-05-19 04:11:00,0.00222
2020-05-19 05:11:00,0.04685
2020-05-19 06:11:00,0.10678
2020-05-19 07:11:00,0.27282
2020-05-19 08:11:00,0.35871
2020-05-19 09:11:00,0.455
2020-05-19 10:11:00,0.40657
2020-05-19 11:11:00,0.13781000000000002
2020-05-19 12:11:00,0.24397
2020-05-19 13:11:00,0.26032
2020-05-19 14:11:00,0.47336
2020-05-19 15:11:00,0.13511
2020-05-19 16:11:00,0.12492
2020-05-19 17:11:00,0.05686
2020-05-19 18:11:00,0.01269
2020-05-19 19:11:00,0.0
2020-05-19 20:11:00,0.0
2020-05-19 21:11:00,0.0
2020-05-19 22:11:00,0.0
2020-05-19 23:11:00,0.0
2020-05-20 00:11:00,0.0
2020-05-20 01:11:00,0.0
2020-05-20 02:11:00,0.0
2020-05-20 03:11:00,0.0
2020-05-20 04:11:00,0.00314
2020-05-20 05:11:00,0.03049
2020-05-20 06:11:00,0.05926
2020-05-20 07:11:00,0.32987
2020-05-20 08:11:00,0.6436000000000001
2020-05-20 09:11:00,0.7511599999999999
2020-05-20 10:11:00,0.80448
2020-05-20 11:11:00,0.80613
2020-05-20 12:11:00,0.7181000000000001
2020-05-20 13:11:00,0.6303300000000001
2020-05-20 14:11:00,0.48851999999999995
2020-05-20 15:11:00,0.32441000000000003
2020-05-20 16:11:00,0.12368000000000001
2020-05-20 17:11:00,0.03569
2020-05-20 18:11:00,0.01209
2020-05-20 19:11:00,0.0
2020-05-20 20:11:00,0.0
2020-05-20 21:11:00,0.0
2020-05-20 22:11:00,0.0
2020-05-20 23:11:00,0.0
2020-05-21 00:11:00,0.0
2020-05-21 01:11:00,0.0
2020-05-21 02:11:00,0.0
2020-05-21 03:11:00,0.0
2020-05-21 04:11:00,0.02571
2020-05-21 05:11:00,0.10590999999999999
2020-05-21 06:11:00,0.30034
2020-05-21 07:11:00,0.46914999999999996
2020-05-21 08:11:00,0.63424
2020-05-21 09:11:00,0.70355
2020-05-21 10:11:00,0.78119
2020-05-21 11:11:00,0.78154
2020-05-21 12:11:00,0.7493099999999999
2020-05-21 13:11:00,0.65392
2020-05-21 14:11:00,0.50461
2020-05-21 15:11:00,0.32275
2020-05-21 16:11:00,0.13641999999999999
2020-05-21 17:11:00,0.05854
2020-05-21 18:11:00,0.01196
2020-05-21 19:11:00,0.0
2020-05-21 20:11:00,0.0
2020-05-21 21:11:00,0.0
2020-05-21 22:11:00,0.0
2020-05-21 23:11:00,0.0
2020-05-22 00:11:00,0.0
2020-05-22 01:11:00,0.0
2020-05-22 02:11:00,0.0
2020-05-22 03:11:00,0.0
2020-05-22 04:11:00,0.00141
2020-05-22 05:11:00,0.0135
2020-05-22 06:11:00,0.07167
2020-05-22 07:11:00,0.26259
2020-05-22 08:11:00,0.55352
2020-05-22 09:11:00,0.6798099999999999
2020-05-22 10:11:00,0.6357
2020-05-22 11:11:00,0.28702
2020-05-22 12:11:00,0.40431
2020-05-22 13:11:00,0.21783000000000002
2020-05-22 14:11:00,0.2505
2020-05-22 15:11:00,0.055810000000000005
2020-05-22 16:11:00,0.06597
2020-05-22 17:11:00,0.016300000000000002
2020-05-22 18:11:00,0.00207
2020-05-22 19:11:00,0.0
2020-05-22 20:11:00,0.0
2020-05-22 21:11:00,0.0
2020-05-22 22:11:00,0.0
2020-05-22 23:11:00,0.0
2020-05-23 00:11:00,0.0
2020-05-23 01:11:00,0.0
2020-05-23 02:11:00,0.0
2020-05-23 03:11:00,0.0
2020-05-23 04:11:00,0.00216
2020-05-23 05:11:00,0.04771
2020-05-23 06:11:00,0.07415000000000001
2020-05-23 07:11:00,0.19652
2020-05-23 08:11:00,0.22178
2020-05-23 09:11:00,0.38018
2020-05-23 10:11:00,0.29388
2020-05-23 11:11:00,0.38548000000000004
2020-05-23 12:11:00,0.19872
2020-05-23 13:11:00,0.13876
2020-05-23 14:11:00,0.06504
2020-05-23 15:11:00,0.07425
2020-05-23 16:11:00,0.09298000000000001
2020-05-23 17:11:00,0.01684
2020-05-23 18:11:00,0.00175
2020-05-23 19:11:00,0.0
2020-05-23 20:11:00,0.0
2020-05-23 21:11:00,0.0
2020-05-23 22:11:00,0.0
2020-05-23 23:11:00,0.0
2020-05-24 00:11:00,0.0
2020-05-24 01:11:00,0.0
2020-05-24 02:11:00,0.0
2020-05-24 03:11:00,0.0
2020-05-24 04:11:00,0.02284
2020-05-24 05:11:00,0.10754000000000001
2020-05-24 06:11:00,0.26327
2020-05-24 07:11:00,0.49633999999999995
2020-05-24 08:11:00,0.37657
2020-05-24 09:11:00,0.6078
2020-05-24 10:11:00,0.59872
2020-05-24 11:11:00,0.12747
2020-05-24 12:11:00,0.17903
2020-05-24 13:11:00,0.30215
2020-05-24 14:11:00,0.1437
2020-05-24 15:11:00,0.17637
2020-05-24 16:11:00,0.14451
2020-05-24 17:11:00,0.06368
2020-05-24 18:11:00,0.01242
2020-05-24 19:11:00,0.0
2020-05-24 20:11:00,0.0
2020-05-24 21:11:00,0.0
2020-05-24 22:11:00,0.0
2020-05-24 23:11:00,0.0
2020-05-25 00:11:00,0.0
2020-05-25 01:11:00,0.0
2020-05-25 02:11:00,0.0
2020-05-25 03:11:00,0.0
2020-05-25 04:11:00,0.00357
2020-05-25 05:11:00,0.025
2020-05-25 06:11:00,0.08992
2020-05-25 07:11:00,0.21187
2020-05-25 08:11:00,0.32736000000000004
2020-05-25 09:11:00,0.18408000000000002
2020-05-25 10:11:00,0.19628
2020-05-25 11:11:00,0.3693
2020-05-25 12:11:00,0.10243000000000001
2020-05-25 13:11:00,0.18743
2020-05-25 14:11:00,0.06789
2020-05-25 15:11:00,0.29518
2020-05-25 16:11:00,0.04205
2020-05-25 17:11:00,0.02239
2020-05-25 18:11:00,0.01636
2020-05-25 19:11:00,0.0
2020-05-25 20:11:00,0.0
2020-05-25 21:11:00,0.0
2020-05-25 22:11:00,0.0
2020-05-25 23:11:00,0.0
2020-05-26 00:11:00,0.0
2020-05-26 01:11:00,0.0
2020-05-26 02:11:00,0.0
2020-05-26 03:11:00,0.0
2020-05-26 04:11:00,0.02435
2020-05-26 05:11:00,0.11026999999999999
2020-05-26 06:11:00,0.31712
2020-05-26 07:11:00,0.51298
2020-05-26 08:11:00,0.56784
2020-05-26 09:11:00,0.6134700000000001
2020-05-26 10:11:00,0.6779299999999999
2020-05-26 11:11:00,0.49145999999999995
2020-05-26 12:11:00,0.44806
2020-05-26 13:11:00,0.60939
2020-05-26 14:11:00,0.40929000000000004
2020-05-26 15:11:00,0.31111
2020-05-26 16:11:00,0.14599
2020-05-26 17:11:00,0.03822
2020-05-26 18:11:00,0.01666
2020-05-26 19:11:00,0.0
2020-05-26 20:11:00,0.0
2020-05-26 21:11:00,0.0
2020-05-26 22:11:00,0.0
2020-05-26 23:11:00,0.0
2020-05-27 00:11:00,0.0
2020-05-27 01:11:00,0.0
2020-05-27 02:11:00,0.0
2020-05-27 03:11:00,0.0
2020-05-27 04:11:00,0.02103
2020-05-27 05:11:00,0.10862000000000001
2020-05-27 06:11:00,0.30168
2020-05-27 07:11:00,0.49065
2020-05-27 08:11:00,0.62573
2020-05-27 09:11:00,0.72248
2020-05-27 10:11:00,0.69459
2020-05-27 11:11:00,0.66449
2020-05-27 12:11:00,0.68399
2020-05-27 13:11:00,0.56957
2020-05-27 14:11:00,0.39799
2020-05-27 15:11:00,0.24021
2020-05-27 16:11:00,0.14002
2020-05-27 17:11:00,0.06337
2020-05-27 18:11:00,0.0029300000000000003
2020-05-27 19:11:00,0.0
2020-05-27 20:11:00,0.0
2020-05-27 21:11:00,0.0
2020-05-27 22:11:00,0.0
2020-05-27 23:11:00,0.0
2020-05-28 00:11:00,0.0
2020-05-28 01:11:00,0.0
2020-05-28 02:11:00,0.0
2020-05-28 03:11:00,0.0
2020-05-28 04:11:00,0.02224
2020-05-28 05:11:00,0.10984000000000001
2020-05-28 06:11:00,0.31709
2020-05-28 07:11:00,0.49393
2020-05-28 08:11:00,0.61918
2020-05-28 09:11:00,0.6547799999999999
2020-05-28 10:11:00,0.634
2020-05-28 11:11:00,0.1694
2020-05-28 12:11:00,0.56872
2020-05-28 13:11:00,0.61403
2020-05-28 14:11:00,0.49595999999999996
2020-05-28 15:11:00,0.25822
2020-05-28 16:11:00,0.14875
2020-05-28 17:11:00,0.04236
2020-05-28 18:11:00,0.01676
2020-05-28 19:11:00,0.0
2020-05-28 20:11:00,0.0
2020-05-28 21:11:00,0.0
2020-05-28 22:11:00,0.0
2020-05-28 23:11:00,0.0
2020-05-29 00:11:00,0.0
2020-05-29 01:11:00,0.0
2020-05-29 02:11:00,0.0
2020-05-29 03:11:00,0.0
2020-05-29 04:11:00,0.02431
2020-05-29 05:11:00,0.10818000000000001
2020-05-29 06:11:00,0.31395999999999996
2020-05-29 07:11:00,0.505
2020-05-29 08:11:00,0.64504
2020-05-29 09:11:00,0.74781
2020-05-29 10:11:00,0.79187
2020-05-29 11:11:00,0.64688
2020-05-29 12:11:00,0.5850599999999999
2020-05-29 13:11:00,0.47169
2020-05-29 14:11:00,0.24315
2020-05-29 15:11:00,0.05976
2020-05-29 16:11:00,0.07309
2020-05-29 17:11:00,0.02752
2020-05-29 18:11:00,0.01964
2020-05-29 19:11:00,0.0
2020-05-29 20:11:00,0.0
2020-05-29 21:11:00,0.0
2020-05-29 22:11:00,0.0
2020-05-29 23:11:00,0.0
2020-05-30 00:11:00,0.0
2020-05-30 01:11:00,0.0
2020-05-30 02:11:00,0.0
2020-05-30 03:11:00,0.0
2020-05-30 04:11:00,0.03195
2020-05-30 05:11:00,0.10734
2020-05-30 06:11:00,0.24402000000000001
2020-05-30 07:11:00,0.50522
2020-05-30 08:11:00,0.65243
2020-05-30 09:11:00,0.58294
2020-05-30 10:11:00,0.40194
2020-05-30 11:11:00,0.24159999999999998
2020-05-30 12:11:00,0.10870999999999999
2020-05-30 13:11:00,0.44479
2020-05-30 14:11:00,0.5274
2020-05-30 15:11:00,0.33335000000000004
2020-05-30 16:11:00,0.14906
2020-05-30 17:11:00,0.061590000000000006
2020-05-30 18:11:00,0.02112
2020-05-30 19:11:00,0.0
2020-05-30 20:11:00,0.0
2020-05-30 21:11:00,0.0
2020-05-30 22:11:00,0.0
2020-05-30 23:11:00,0.0
2020-05-31 00:11:00,0.0
2020-05-31 01:11:00,0.0
2020-05-31 02:11:00,0.0
2020-05-31 03:11:00,0.0
2020-05-31 04:11:00,0.019149999999999997
2020-05-31 05:11:00,0.09915
2020-05-31 06:11:00,0.08539
2020-05-31 07:11:00,0.12208
2020-05-31 08:11:00,0.25305
2020-05-31 09:11:00,0.43176
2020-05-31 10:11:00,0.67923
2020-05-31 11:11:00,0.80067
2020-05-31 12:11:00,0.77178
2020-05-31 13:11:00,0.67252
2020-05-31 14:11:00,0.53796
2020-05-31 15:11:00,0.34104
2020-05-31 16:11:00,0.13216
2020-05-31 17:11:00,0.04437
2020-05-31 18:11:00,0.01831
2020-05-31 19:11:00,0.0
2020-05-31 20:11:00,0.0
2020-05-31 21:11:00,0.0
2020-05-31 22:11:00,0.0
2020-05-31 23:11:00,0.0
2020-06-01 00:11:00,0.0
2020-06-01 01:11:00,0.0
2020-06-01 02:11:00,0.0
2020-06-01 03:11:00,0.0
2020-06-01 04:11:00,0.02103
2020-06-01 05:11:00,0.10815000000000001
2020-06-01 06:11:00,0.31601999999999997
2020-06-01 07:11:00,0.50683
2020-06-01 08:11:00,0.6486900000000001
2020-06-01 09:11:00,0.74666
2020-06-01 10:11:00,0.80513
2020-06-01 11:11:00,0.81277
2020-06-01 12:11:00,0.77918
2020-06-01 13:11:00,0.67231
2020-06-01 14:11:00,0.5327000000000001
2020-06-01 15:11:00,0.33948
2020-06-01 16:11:00,0.13129
2020-06-01 17:11:00,0.05164
2020-06-01 18:11:00,0.01811
2020-06-01 19:11:00,0.0
2020-06-01 20:11:00,0.0
2020-06-01 21:11:00,0.0
2020-06-01 22:11:00,0.0
2020-06-01 23:11:00,0.0
2020-06-02 00:11:00,0.0
2020-06-02 01:11:00,0.0
2020-06-02 02:11:00,0.0
2020-06-02 03:11:00,0.0
2020-06-02 04:11:00,0.024640000000000002
2020-06-02 05:11:00,0.10608
2020-06-02 06:11:00,0.30181
2020-06-02 07:11:00,0.47907
2020-06-02 08:11:00,0.61701
2020-06-02 09:11:00,0.7185
2020-06-02 10:11:00,0.7715299999999999
2020-06-02 11:11:00,0.78176
2020-06-02 12:11:00,0.66611
2020-06-02 13:11:00,0.55147
2020-06-02 14:11:00,0.4497
2020-06-02 15:11:00,0.27546
2020-06-02 16:11:00,0.14336000000000002
2020-06-02 17:11:00,0.0431
2020-06-02 18:11:00,0.018539999999999997
2020-06-02 19:11:00,0.0
2020-06-02 20:11:00,0.0
2020-06-02 21:11:00,0.0
2020-06-02 22:11:00,0.0
2020-06-02 23:11:00,0.0
2020-06-03 00:11:00,0.0
2020-06-03 01:11:00,0.0
2020-06-03 02:11:00,0.0
2020-06-03 03:11:00,0.0
2020-06-03 04:11:00,0.023190000000000002
2020-06-03 05:11:00,0.10626999999999999
2020-06-03 06:11:00,0.30152999999999996
2020-06-03 07:11:00,0.47
2020-06-03 08:11:00,0.61523
2020-06-03 09:11:00,0.71249
2020-06-03 10:11:00,0.7652599999999999
2020-06-03 11:11:00,0.75836
2020-06-03 12:11:00,0.73134
2020-06-03 13:11:00,0.6383
2020-06-03 14:11:00,0.50732
2020-06-03 15:11:00,0.32783999999999996
2020-06-03 16:11:00,0.14213
2020-06-03 17:11:00,0.03725
2020-06-03 18:11:00,0.012289999999999999
2020-06-03 19:11:00,0.0
2020-06-03 20:11:00,0.0
2020-06-03 21:11:00,0.0
2020-06-03 22:11:00,0.0
2020-06-03 23:11:00,0.0
2020-06-04 00:11:00,0.0
2020-06-04 01:11:00,0.0
2020-06-04 02:11:00,0.0
2020-06-04 03:11:00,0.0
2020-06-04 04:11:00,0.03177
2020-06-04 05:11:00,0.0504
2020-06-04 06:11:00,0.17252
2020-06-04 07:11:00,0.17755
2020-06-04 08:11:00,0.56816
2020-06-04 09:11:00,0.58877
2020-06-04 10:11:00,0.43417
2020-06-04 11:11:00,0.53792
2020-06-04 12:11:00,0.35925999999999997
2020-06-04 13:11:00,0.09914
2020-06-04 14:11:00,0.08672
2020-06-04 15:11:00,0.14035
2020-06-04 16:11:00,0.04751
2020-06-04 17:11:00,0.01311
2020-06-04 18:11:00,0.00095
2020-06-04 19:11:00,0.0
2020-06-04 20:11:00,0.0
2020-06-04 21:11:00,0.0
2020-06-04 22:11:00,0.0
2020-06-04 23:11:00,0.0
2020-06-05 00:11:00,0.0
2020-06-05 01:11:00,0.0
2020-06-05 02:11:00,0.0
2020-06-05 03:11:00,0.0
2020-06-05 04:11:00,0.01475
2020-06-05 05:11:00,0.00861
2020-06-05 06:11:00,0.04159
2020-06-05 07:11:00,0.11277
2020-06-05 08:11:00,0.18246
2020-06-05 09:11:00,0.34201
2020-06-05 10:11:00,0.5488200000000001
2020-06-05 11:11:00,0.14147
2020-06-05 12:11:00,0.10307
2020-06-05 13:11:00,0.55433
2020-06-05 14:11:00,0.35588
2020-06-05 15:11:00,0.32938999999999996
2020-06-05 16:11:00,0.15325
2020-06-05 17:11:00,0.06874
2020-06-05 18:11:00,0.02506
2020-06-05 19:11:00,0.0
2020-06-05 20:11:00,0.0
2020-06-05 21:11:00,0.0
2020-06-05 22:11:00,0.0
2020-06-05 23:11:00,0.0
2020-06-06 00:11:00,0.0
2020-06-06 01:11:00,0.0
2020-06-06 02:11:00,0.0
2020-06-06 03:11:00,0.0
2020-06-06 04:11:00,0.027370000000000002
2020-06-06 05:11:00,0.10989
2020-06-06 06:11:00,0.21102
2020-06-06 07:11:00,0.38662
2020-06-06 08:11:00,0.64926
2020-06-06 09:11:00,0.70702
2020-06-06 10:11:00,0.51103
2020-06-06 11:11:00,0.7487699999999999
2020-06-06 12:11:00,0.59864
2020-06-06 13:11:00,0.67888
2020-06-06 14:11:00,0.40932999999999997
2020-06-06 15:11:00,0.30737000000000003
2020-06-06 16:11:00,0.10016
2020-06-06 17:11:00,0.06498000000000001
2020-06-06 18:11:00,0.01909
2020-06-06 19:11:00,0.0
2020-06-06 20:11:00,0.0
2020-06-06 21:11:00,0.0
2020-06-06 22:11:00,0.0
2020-06-06 23:11:00,0.0
2020-06-07 00:11:00,0.0
2020-06-07 01:11:00,0.0
2020-06-07 02:11:00,0.0
2020-06-07 03:11:00,0.0
2020-06-07 04:11:00,0.0014
2020-06-07 05:11:00,0.05261
2020-06-07 06:11:00,0.18252000000000002
2020-06-07 07:11:00,0.0815
2020-06-07 08:11:00,0.09158
2020-06-07 09:11:00,0.17286
2020-06-07 10:11:00,0.60882
2020-06-07 11:11:00,0.63867
2020-06-07 12:11:00,0.14468999999999999
2020-06-07 13:11:00,0.26829000000000003
2020-06-07 14:11:00,0.07128
2020-06-07 15:11:00,0.09267
2020-06-07 16:11:00,0.03757
2020-06-07 17:11:00,0.01656
2020-06-07 18:11:00,0.015470000000000001
2020-06-07 19:11:00,0.0
2020-06-07 20:11:00,0.0
2020-06-07 21:11:00,0.0
2020-06-07 22:11:00,0.0
2020-06-07 23:11:00,0.0
2020-06-08 00:11:00,0.0
2020-06-08 01:11:00,0.0
2020-06-08 02:11:00,0.0
2020-06-08 03:11:00,0.0
2020-06-08 04:11:00,0.02278
2020-06-08 05:11:00,0.10969
2020-06-08 06:11:00,0.30389
2020-06-08 07:11:00,0.48641
2020-06-08 08:11:00,0.6130399999999999
2020-06-08 09:11:00,0.57028
2020-06-08 10:11:00,0.52734
2020-06-08 11:11:00,0.48981
2020-06-08 12:11:00,0.17292
2020-06-08 13:11:00,0.36857999999999996
2020-06-08 14:11:00,0.38555
2020-06-08 15:11:00,0.22333
2020-06-08 16:11:00,0.09552
2020-06-08 17:11:00,0.0687
2020-06-08 18:11:00,0.02122
2020-06-08 19:11:00,0.0
2020-06-08 20:11:00,0.0
2020-06-08 21:11:00,0.0
2020-06-08 22:11:00,0.0
2020-06-08 23:11:00,0.0
2020-06-09 00:11:00,0.0
2020-06-09 01:11:00,0.0
2020-06-09 02:11:00,0.0
2020-06-09 03:11:00,0.0
2020-06-09 04:11:00,0.0014
2020-06-09 05:11:00,0.01094
2020-06-09 06:11:00,0.03464
2020-06-09 07:11:00,0.06656999999999999
2020-06-09 08:11:00,0.10301
2020-06-09 09:11:00,0.18092
2020-06-09 10:11:00,0.17511000000000002
2020-06-09 11:11:00,0.1298
2020-06-09 12:11:00,0.13555
2020-06-09 13:11:00,0.09408
2020-06-09 14:11:00,0.09121
2020-06-09 15:11:00,0.10008
2020-06-09 16:11:00,0.07806
2020-06-09 17:11:00,0.0217
2020-06-09 18:11:00,0.0016799999999999999
2020-06-09 19:11:00,0.0
2020-06-09 20:11:00,0.0
2020-06-09 21:11:00,0.0
2020-06-09 22:11:00,0.0
2020-06-09 23:11:00,0.0
2020-06-10 00:11:00,0.0
2020-06-10 01:11:00,0.0
2020-06-10 02:11:00,0.0
2020-06-10 03:11:00,0.0
2020-06-10 04:11:00,0.023219999999999998
2020-06-10 05:11:00,0.11009999999999999
2020-06-10 06:11:00,0.25512
2020-06-10 07:11:00,0.31272000000000005
2020-06-10 08:11:00,0.29225
2020-06-10 09:11:00,0.31294
2020-06-10 10:11:00,0.53798
2020-06-10 11:11:00,0.73254
2020-06-10 12:11:00,0.63551
2020-06-10 13:11:00,0.38166
2020-06-10 14:11:00,0.24534
2020-06-10 15:11:00,0.26133999999999996
2020-06-10 16:11:00,0.14686000000000002
2020-06-10 17:11:00,0.06702
2020-06-10 18:11:00,0.02618
2020-06-10 19:11:00,0.0
2020-06-10 20:11:00,0.0
2020-06-10 21:11:00,0.0
2020-06-10 22:11:00,0.0
2020-06-10 23:11:00,0.0
2020-06-11 00:11:00,0.0
2020-06-11 01:11:00,0.0
2020-06-11 02:11:00,0.0
2020-06-11 03:11:00,0.0
2020-06-11 04:11:00,0.00392
2020-06-11 05:11:00,0.01268
2020-06-11 06:11:00,0.03823
2020-06-11 07:11:00,0.10407
2020-06-11 08:11:00,0.12602
2020-06-11 09:11:00,0.10282
2020-06-11 10:11:00,0.08528
2020-06-11 11:11:00,0.12965000000000002
2020-06-11 12:11:00,0.10593000000000001
2020-06-11 13:11:00,0.35461000000000004
2020-06-11 14:11:00,0.24825999999999998
2020-06-11 15:11:00,0.23263999999999999
2020-06-11 16:11:00,0.14956999999999998
2020-06-11 17:11:00,0.07154
2020-06-11 18:11:00,0.020649999999999998
2020-06-11 19:11:00,0.0
2020-06-11 20:11:00,0.0
2020-06-11 21:11:00,0.0
2020-06-11 22:11:00,0.0
2020-06-11 23:11:00,0.0
2020-06-12 00:11:00,0.0
2020-06-12 01:11:00,0.0
2020-06-12 02:11:00,0.0
2020-06-12 03:11:00,0.0
2020-06-12 04:11:00,0.00136
2020-06-12 05:11:00,0.025589999999999998
2020-06-12 06:11:00,0.10699
2020-06-12 07:11:00,0.23315
2020-06-12 08:11:00,0.2809
2020-06-12 09:11:00,0.57655
2020-06-12 10:11:00,0.7273999999999999
2020-06-12 11:11:00,0.5638200000000001
2020-06-12 12:11:00,0.1052
2020-06-12 13:11:00,0.59345
2020-06-12 14:11:00,0.27969
2020-06-12 15:11:00,0.24962
2020-06-12 16:11:00,0.14654
2020-06-12 17:11:00,0.06906999999999999
2020-06-12 18:11:00,0.02603
2020-06-12 19:11:00,0.0
2020-06-12 20:11:00,0.0
2020-06-12 21:11:00,0.0
2020-06-12 22:11:00,0.0
2020-06-12 23:11:00,0.0
2020-06-13 00:11:00,0.0
2020-06-13 01:11:00,0.0
2020-06-13 02:11:00,0.0
2020-06-13 03:11:00,0.0
2020-06-13 04:11:00,0.01143
2020-06-13 05:11:00,0.10271
2020-06-13 06:11:00,0.14154
2020-06-13 07:11:00,0.28266
2020-06-13 08:11:00,0.5688500000000001
2020-06-13 09:11:00,0.66449
2020-06-13 10:11:00,0.70853
2020-06-13 11:11:00,0.63117
2020-06-13 12:11:00,0.04036
2020-06-13 13:11:00,0.08776
2020-06-13 14:11:00,0.20162
2020-06-13 15:11:00,0.022510000000000002
2020-06-13 16:11:00,0.01443
2020-06-13 17:11:00,0.0055
2020-06-13 18:11:00,0.0032400000000000003
2020-06-13 19:11:00,0.0
2020-06-13 20:11:00,0.0
2020-06-13 21:11:00,0.0
2020-06-13 22:11:00,0.0
2020-06-13 23:11:00,0.0
2020-06-14 00:11:00,0.0
2020-06-14 01:11:00,0.0
2020-06-14 02:11:00,0.0
2020-06-14 03:11:00,0.0
2020-06-14 04:11:00,0.00131
2020-06-14 05:11:00,0.08205
2020-06-14 06:11:00,0.08047
2020-06-14 07:11:00,0.10529000000000001
2020-06-14 08:11:00,0.15871000000000002
2020-06-14 09:11:00,0.18072
2020-06-14 10:11:00,0.50216
2020-06-14 11:11:00,0.15313
2020-06-14 12:11:00,0.17501
2020-06-14 13:11:00,0.46212000000000003
2020-06-14 14:11:00,0.29025
2020-06-14 15:11:00,0.31016000000000005
2020-06-14 16:11:00,0.13874
2020-06-14 17:11:00,0.04924
2020-06-14 18:11:00,0.02257
2020-06-14 19:11:00,0.0
2020-06-14 20:11:00,0.0
2020-06-14 21:11:00,0.0
2020-06-14 22:11:00,0.0
2020-06-14 23:11:00,0.0
2020-06-15 00:11:00,0.0
2020-06-15 01:11:00,0.0
2020-06-15 02:11:00,0.0
2020-06-15 03:11:00,0.0
2020-06-15 04:11:00,0.02594
2020-06-15 05:11:00,0.10128
2020-06-15 06:11:00,0.26507
2020-06-15 07:11:00,0.47304
2020-06-15 08:11:00,0.6188899999999999
2020-06-15 09:11:00,0.7156699999999999
2020-06-15 10:11:00,0.74166
2020-06-15 11:11:00,0.64888
2020-06-15 12:11:00,0.43127
2020-06-15 13:11:00,0.60352
2020-06-15 14:11:00,0.50295
2020-06-15 15:11:00,0.32981
2020-06-15 16:11:00,0.15391
2020-06-15 17:11:00,0.05971
2020-06-15 18:11:00,0.01622
2020-06-15 19:11:00,0.0
2020-06-15 20:11:00,0.0
2020-06-15 21:11:00,0.0
2020-06-15 22:11:00,0.0
2020-06-15 23:11:00,0.0
2020-06-16 00:11:00,0.0
2020-06-16 01:11:00,0.0
2020-06-16 02:11:00,0.0
2020-06-16 03:11:00,0.0
2020-06-16 04:11:00,0.03116
2020-06-16 05:11:00,0.10197
2020-06-16 06:11:00,0.26644
2020-06-16 07:11:00,0.45652
2020-06-16 08:11:00,0.5625800000000001
2020-06-16 09:11:00,0.66498
2020-06-16 10:11:00,0.67179
2020-06-16 11:11:00,0.62186
2020-06-16 12:11:00,0.60827
2020-06-16 13:11:00,0.55325
2020-06-16 14:11:00,0.48432
2020-06-16 15:11:00,0.31089
2020-06-16 16:11:00,0.14739
2020-06-16 17:11:00,0.07031
2020-06-16 18:11:00,0.02603
2020-06-16 19:11:00,0.0
2020-06-16 20:11:00,0.0
2020-06-16 21:11:00,0.0
2020-06-16 22:11:00,0.0
2020-06-16 23:11:00,0.0
2020-06-17 00:11:00,0.0
2020-06-17 01:11:00,0.0
2020-06-17 02:11:00,0.0
2020-06-17 03:11:00,0.0
2020-06-17 04:11:00,0.02973
2020-06-17 05:11:00,0.061829999999999996
2020-06-17 06:11:00,0.27057
2020-06-17 07:11:00,0.43095
2020-06-17 08:11:00,0.56528
2020-06-17 09:11:00,0.54091
2020-06-17 10:11:00,0.5210499999999999
2020-06-17 11:11:00,0.6066900000000001
2020-06-17 12:11:00,0.6089
2020-06-17 13:11:00,0.62483
2020-06-17 14:11:00,0.45250999999999997
2020-06-17 15:11:00,0.29246
2020-06-17 16:11:00,0.15165
2020-06-17 17:11:00,0.06998
2020-06-17 18:11:00,0.02768
2020-06-17 19:11:00,0.0
2020-06-17 20:11:00,0.0
2020-06-17 21:11:00,0.0
2020-06-17 22:11:00,0.0
2020-06-17 23:11:00,0.0
2020-06-18 00:11:00,0.0
2020-06-18 01:11:00,0.0
2020-06-18 02:11:00,0.0
2020-06-18 03:11:00,0.0
2020-06-18 04:11:00,0.0013
2020-06-18 05:11:00,0.02169
2020-06-18 06:11:00,0.02819
2020-06-18 07:11:00,0.09991
2020-06-18 08:11:00,0.11739
2020-06-18 09:11:00,0.16469
2020-06-18 10:11:00,0.14112
2020-06-18 11:11:00,0.16493
2020-06-18 12:11:00,0.40905
2020-06-18 13:11:00,0.08913
2020-06-18 14:11:00,0.09605
2020-06-18 15:11:00,0.16711
2020-06-18 16:11:00,0.14286000000000001
2020-06-18 17:11:00,0.047310000000000005
2020-06-18 18:11:00,0.02683
2020-06-18 19:11:00,0.0
2020-06-18 20:11:00,0.0
2020-06-18 21:11:00,0.0
2020-06-18 22:11:00,0.0
2020-06-18 23:11:00,0.0
2020-06-19 00:11:00,0.0
2020-06-19 01:11:00,0.0
2020-06-19 02:11:00,0.0
2020-06-19 03:11:00,0.0
2020-06-19 04:11:00,0.00133
2020-06-19 05:11:00,0.0078
2020-06-19 06:11:00,0.03225
2020-06-19 07:11:00,0.05784
2020-06-19 08:11:00,0.06283
2020-06-19 09:11:00,0.09959
2020-06-19 10:11:00,0.2773
2020-06-19 11:11:00,0.23663
2020-06-19 12:11:00,0.10579999999999999
2020-06-19 13:11:00,0.08726
2020-06-19 14:11:00,0.06747
2020-06-19 15:11:00,0.16799
2020-06-19 16:11:00,0.044539999999999996
2020-06-19 17:11:00,0.06844
2020-06-19 18:11:00,0.02309
2020-06-19 19:11:00,0.0
2020-06-19 20:11:00,0.0
2020-06-19 21:11:00,0.0
2020-06-19 22:11:00,0.0
2020-06-19 23:11:00,0.0
2020-06-20 00:11:00,0.0
2020-06-20 01:11:00,0.0
2020-06-20 02:11:00,0.0
2020-06-20 03:11:00,0.0
2020-06-20 04:11:00,0.00135
2020-06-20 05:11:00,0.08875
2020-06-20 06:11:00,0.25977999999999996
2020-06-20 07:11:00,0.28782
2020-06-20 08:11:00,0.42452
2020-06-20 09:11:00,0.57988
2020-06-20 10:11:00,0.16963999999999999
2020-06-20 11:11:00,0.19633
2020-06-20 12:11:00,0.12032
2020-06-20 13:11:00,0.10661
2020-06-20 14:11:00,0.07062
2020-06-20 15:11:00,0.13863
2020-06-20 16:11:00,0.04574
2020-06-20 17:11:00,0.02513
2020-06-20 18:11:00,0.0009699999999999999
2020-06-20 19:11:00,0.0
2020-06-20 20:11:00,0.0
2020-06-20 21:11:00,0.0
2020-06-20 22:11:00,0.0
2020-06-20 23:11:00,0.0
2020-06-21 00:11:00,0.0
2020-06-21 01:11:00,0.0
2020-06-21 02:11:00,0.0
2020-06-21 03:11:00,0.0
2020-06-21 04:11:00,0.00136
2020-06-21 05:11:00,0.0079
2020-06-21 06:11:00,0.03681
2020-06-21 07:11:00,0.11736
2020-06-21 08:11:00,0.14507
2020-06-21 09:11:00,0.41764
2020-06-21 10:11:00,0.334
2020-06-21 11:11:00,0.42293000000000003
2020-06-21 12:11:00,0.44862
2020-06-21 13:11:00,0.5721799999999999
2020-06-21 14:11:00,0.49919
2020-06-21 15:11:00,0.33423
2020-06-21 16:11:00,0.14401
2020-06-21 17:11:00,0.048670000000000005
2020-06-21 18:11:00,0.004690000000000001
2020-06-21 19:11:00,0.0
2020-06-21 20:11:00,0.0
2020-06-21 21:11:00,0.0
2020-06-21 22:11:00,0.0
2020-06-21 23:11:00,0.0
2020-06-22 00:11:00,0.0
2020-06-22 01:11:00,0.0
2020-06-22 02:11:00,0.0
2020-06-22 03:11:00,0.0
2020-06-22 04:11:00,0.02613
2020-06-22 05:11:00,0.10083
2020-06-22 06:11:00,0.22912000000000002
2020-06-22 07:11:00,0.432
2020-06-22 08:11:00,0.60588
2020-06-22 09:11:00,0.70969
2020-06-22 10:11:00,0.77631
2020-06-22 11:11:00,0.76427
2020-06-22 12:11:00,0.6423
2020-06-22 13:11:00,0.6256
2020-06-22 14:11:00,0.49175
2020-06-22 15:11:00,0.30810000000000004
2020-06-22 16:11:00,0.12212999999999999
2020-06-22 17:11:00,0.06459999999999999
2020-06-22 18:11:00,0.02574
2020-06-22 19:11:00,0.0
2020-06-22 20:11:00,0.0
2020-06-22 21:11:00,0.0
2020-06-22 22:11:00,0.0
2020-06-22 23:11:00,0.0
2020-06-23 00:11:00,0.0
2020-06-23 01:11:00,0.0
2020-06-23 02:11:00,0.0
2020-06-23 03:11:00,0.0
2020-06-23 04:11:00,0.03369
2020-06-23 05:11:00,0.09983
2020-06-23 06:11:00,0.29102999999999996
2020-06-23 07:11:00,0.48352999999999996
2020-06-23 08:11:00,0.63219
2020-06-23 09:11:00,0.73334
2020-06-23 10:11:00,0.79167
2020-06-23 11:11:00,0.7991900000000001
2020-06-23 12:11:00,0.75617
2020-06-23 13:11:00,0.6742400000000001
2020-06-23 14:11:00,0.5287000000000001
2020-06-23 15:11:00,0.34922000000000003
2020-06-23 16:11:00,0.14822
2020-06-23 17:11:00,0.03866
2020-06-23 18:11:00,0.01973
2020-06-23 19:11:00,0.0
2020-06-23 20:11:00,0.0
2020-06-23 21:11:00,0.0
2020-06-23 22:11:00,0.0
2020-06-23 23:11:00,0.0
2020-06-24 00:11:00,0.0
2020-06-24 01:11:00,0.0
2020-06-24 02:11:00,0.0
2020-06-24 03:11:00,0.0
2020-06-24 04:11:00,0.02619
2020-06-24 05:11:00,0.09476000000000001
2020-06-24 06:11:00,0.27891000000000005
2020-06-24 07:11:00,0.4612
2020-06-24 08:11:00,0.55474
2020-06-24 09:11:00,0.6463
2020-06-24 10:11:00,0.6119199999999999
2020-06-24 11:11:00,0.37856
2020-06-24 12:11:00,0.14225
2020-06-24 13:11:00,0.15869
2020-06-24 14:11:00,0.15217
2020-06-24 15:11:00,0.26976
2020-06-24 16:11:00,0.15635
2020-06-24 17:11:00,0.07347
2020-06-24 18:11:00,0.02618
2020-06-24 19:11:00,0.0
2020-06-24 20:11:00,0.0
2020-06-24 21:11:00,0.0
2020-06-24 22:11:00,0.0
2020-06-24 23:11:00,0.0
2020-06-25 00:11:00,0.0
2020-06-25 01:11:00,0.0
2020-06-25 02:11:00,0.0
2020-06-25 03:11:00,0.0
2020-06-25 04:11:00,0.03195
2020-06-25 05:11:00,0.0207
2020-06-25 06:11:00,0.09523000000000001
2020-06-25 07:11:00,0.20432
2020-06-25 08:11:00,0.16891
2020-06-25 09:11:00,0.51709
2020-06-25 10:11:00,0.61162
2020-06-25 11:11:00,0.56214
2020-06-25 12:11:00,0.59508
2020-06-25 13:11:00,0.54971
2020-06-25 14:11:00,0.47249
2020-06-25 15:11:00,0.32852
2020-06-25 16:11:00,0.15616
2020-06-25 17:11:00,0.06619
2020-06-25 18:11:00,0.02952
2020-06-25 19:11:00,0.0
2020-06-25 20:11:00,0.0
2020-06-25 21:11:00,0.0
2020-06-25 22:11:00,0.0
2020-06-25 23:11:00,0.0
2020-06-26 00:11:00,0.0
2020-06-26 01:11:00,0.0
2020-06-26 02:11:00,0.0
2020-06-26 03:11:00,0.0
2020-06-26 04:11:00,0.03127
2020-06-26 05:11:00,0.09744
2020-06-26 06:11:00,0.26492
2020-06-26 07:11:00,0.43576
2020-06-26 08:11:00,0.56872
2020-06-26 09:11:00,0.50199
2020-06-26 10:11:00,0.5913200000000001
2020-06-26 11:11:00,0.05174
2020-06-26 12:11:00,0.05788
2020-06-26 13:11:00,0.06702
2020-06-26 14:11:00,0.32513
2020-06-26 15:11:00,0.32342000000000004
2020-06-26 16:11:00,0.15812
2020-06-26 17:11:00,0.06969
2020-06-26 18:11:00,0.01506
2020-06-26 19:11:00,0.0
2020-06-26 20:11:00,0.0
2020-06-26 21:11:00,0.0
2020-06-26 22:11:00,0.0
2020-06-26 23:11:00,0.0
2020-06-27 00:11:00,0.0
2020-06-27 01:11:00,0.0
2020-06-27 02:11:00,0.0
2020-06-27 03:11:00,0.0
2020-06-27 04:11:00,0.03145
2020-06-27 05:11:00,0.09584999999999999
2020-06-27 06:11:00,0.26963
2020-06-27 07:11:00,0.44166000000000005
2020-06-27 08:11:00,0.57545
2020-06-27 09:11:00,0.66059
2020-06-27 10:11:00,0.7109800000000001
2020-06-27 11:11:00,0.6251
2020-06-27 12:11:00,0.65159
2020-06-27 13:11:00,0.52995
2020-06-27 14:11:00,0.29869
2020-06-27 15:11:00,0.07472
2020-06-27 16:11:00,0.14576
2020-06-27 17:11:00,0.00886
2020-06-27 18:11:00,0.02166
2020-06-27 19:11:00,0.0
2020-06-27 20:11:00,0.0
2020-06-27 21:11:00,0.0
2020-06-27 22:11:00,0.0
2020-06-27 23:11:00,0.0
2020-06-28 00:11:00,0.0
2020-06-28 01:11:00,0.0
2020-06-28 02:11:00,0.0
2020-06-28 03:11:00,0.0
2020-06-28 04:11:00,0.021670000000000002
2020-06-28 05:11:00,0.09554
2020-06-28 06:11:00,0.1766
2020-06-28 07:11:00,0.38448000000000004
2020-06-28 08:11:00,0.50048
2020-06-28 09:11:00,0.35198
2020-06-28 10:11:00,0.23448
2020-06-28 11:11:00,0.1456
2020-06-28 12:11:00,0.05686
2020-06-28 13:11:00,0.37755
2020-06-28 14:11:00,0.10640000000000001
2020-06-28 15:11:00,0.13588
2020-06-28 16:11:00,0.10002
2020-06-28 17:11:00,0.05966
2020-06-28 18:11:00,0.0268
2020-06-28 19:11:00,0.0
2020-06-28 20:11:00,0.0
2020-06-28 21:11:00,0.0
2020-06-28 22:11:00,0.0
2020-06-28 23:11:00,0.0
2020-06-29 00:11:00,0.0
2020-06-29 01:11:00,0.0
2020-06-29 02:11:00,0.0
2020-06-29 03:11:00,0.0
2020-06-29 04:11:00,0.03132
2020-06-29 05:11:00,0.08866
2020-06-29 06:11:00,0.23401
2020-06-29 07:11:00,0.25303
2020-06-29 08:11:00,0.41043999999999997
2020-06-29 09:11:00,0.5149900000000001
2020-06-29 10:11:00,0.51342
2020-06-29 11:11:00,0.4203
2020-06-29 12:11:00,0.04234
2020-06-29 13:11:00,0.09237999999999999
2020-06-29 14:11:00,0.50526
2020-06-29 15:11:00,0.32982999999999996
2020-06-29 16:11:00,0.15916
2020-06-29 17:11:00,0.07489
2020-06-29 18:11:00,0.02948
2020-06-29 19:11:00,0.0
2020-06-29 20:11:00,0.0
2020-06-29 21:11:00,0.0
2020-06-29 22:11:00,0.0
2020-06-29 23:11:00,0.0
2020-06-30 00:11:00,0.0
2020-06-30 01:11:00,0.0
2020-06-30 02:11:00,0.0
2020-06-30 03:11:00,0.0
2020-06-30 04:11:00,0.02708
2020-06-30 05:11:00,0.09537000000000001
2020-06-30 06:11:00,0.28212
2020-06-30 07:11:00,0.47004
2020-06-30 08:11:00,0.6334500000000001
2020-06-30 09:11:00,0.61212
2020-06-30 10:11:00,0.69566
2020-06-30 11:11:00,0.5184099999999999
2020-06-30 12:11:00,0.52307
2020-06-30 13:11:00,0.6342899999999999
2020-06-30 14:11:00,0.44316
2020-06-30 15:11:00,0.24328999999999998
2020-06-30 16:11:00,0.10595
2020-06-30 17:11:00,0.07488
2020-06-30 18:11:00,0.011300000000000001
2020-06-30 19:11:00,0.0
2020-06-30 20:11:00,0.0
2020-06-30 21:11:00,0.0
2020-06-30 22:11:00,0.0
2020-06-30 23:11:00,0.0
2020-07-01 00:11:00,0.0
2020-07-01 01:11:00,0.0
2020-07-01 02:11:00,0.0
2020-07-01 03:11:00,0.0
2020-07-01 04:11:00,0.00132
2020-07-01 05:11:00,0.08667
2020-07-01 06:11:00,0.22484
2020-07-01 07:11:00,0.25912999999999997
2020-07-01 08:11:00,0.13613999999999998
2020-07-01 09:11:00,0.07173
2020-07-01 10:11:00,0.15378999999999998
2020-07-01 11:11:00,0.07725
2020-07-01 12:11:00,0.06609000000000001
2020-07-01 13:11:00,0.08471
2020-07-01 14:11:00,0.20972
2020-07-01 15:11:00,0.26058
2020-07-01 16:11:00,0.08856
2020-07-01 17:11:00,0.06963
2020-07-01 18:11:00,0.02891
2020-07-01 19:11:00,0.0
2020-07-01 20:11:00,0.0
2020-07-01 21:11:00,0.0
2020-07-01 22:11:00,0.0
2020-07-01 23:11:00,0.0
2020-07-02 00:11:00,0.0
2020-07-02 01:11:00,0.0
2020-07-02 02:11:00,0.0
2020-07-02 03:11:00,0.0
2020-07-02 04:11:00,0.0009699999999999999
2020-07-02 05:11:00,0.09190000000000001
2020-07-02 06:11:00,0.20686000000000002
2020-07-02 07:11:00,0.38727999999999996
2020-07-02 08:11:00,0.35112
2020-07-02 09:11:00,0.45524000000000003
2020-07-02 10:11:00,0.18306999999999998
2020-07-02 11:11:00,0.10237
2020-07-02 12:11:00,0.32267
2020-07-02 13:11:00,0.22555
2020-07-02 14:11:00,0.28274
2020-07-02 15:11:00,0.26053
2020-07-02 16:11:00,0.15447
2020-07-02 17:11:00,0.0703
2020-07-02 18:11:00,0.00754
2020-07-02 19:11:00,0.0
2020-07-02 20:11:00,0.0
2020-07-02 21:11:00,0.0
2020-07-02 22:11:00,0.0
2020-07-02 23:11:00,0.0
2020-07-03 00:11:00,0.0
2020-07-03 01:11:00,0.0
2020-07-03 02:11:00,0.0
2020-07-03 03:11:00,0.0
2020-07-03 04:11:00,0.01001
2020-07-03 05:11:00,0.08632
2020-07-03 06:11:00,0.27646
2020-07-03 07:11:00,0.36105000000000004
2020-07-03 08:11:00,0.5843200000000001
2020-07-03 09:11:00,0.43417
2020-07-03 10:11:00,0.16766
2020-07-03 11:11:00,0.45629000000000003
2020-07-03 12:11:00,0.43321
2020-07-03 13:11:00,0.4225
2020-07-03 14:11:00,0.17522
2020-07-03 15:11:00,0.31933
2020-07-03 16:11:00,0.15073
2020-07-03 17:11:00,0.07488
2020-07-03 18:11:00,0.02949
2020-07-03 19:11:00,0.0
2020-07-03 20:11:00,0.0
2020-07-03 21:11:00,0.0
2020-07-03 22:11:00,0.0
2020-07-03 23:11:00,0.0
2020-07-04 00:11:00,0.0
2020-07-04 01:11:00,0.0
2020-07-04 02:11:00,0.0
2020-07-04 03:11:00,0.0
2020-07-04 04:11:00,0.02583
2020-07-04 05:11:00,0.08927
2020-07-04 06:11:00,0.27055
2020-07-04 07:11:00,0.44903
2020-07-04 08:11:00,0.60366
2020-07-04 09:11:00,0.64411
2020-07-04 10:11:00,0.57445
2020-07-04 11:11:00,0.6078
2020-07-04 12:11:00,0.71175
2020-07-04 13:11:00,0.38786000000000004
2020-07-04 14:11:00,0.25392
2020-07-04 15:11:00,0.25199
2020-07-04 16:11:00,0.13440000000000002
2020-07-04 17:11:00,0.06998
2020-07-04 18:11:00,0.02489
2020-07-04 19:11:00,0.0
2020-07-04 20:11:00,0.0
2020-07-04 21:11:00,0.0
2020-07-04 22:11:00,0.0
2020-07-04 23:11:00,0.0
2020-07-05 00:11:00,0.0
2020-07-05 01:11:00,0.0
2020-07-05 02:11:00,0.0
2020-07-05 03:11:00,0.0
2020-07-05 04:11:00,0.00061
2020-07-05 05:11:00,0.039049999999999994
2020-07-05 06:11:00,0.08615
2020-07-05 07:11:00,0.31847000000000003
2020-07-05 08:11:00,0.22857
2020-07-05 09:11:00,0.21446
2020-07-05 10:11:00,0.17033
2020-07-05 11:11:00,0.1365
2020-07-05 12:11:00,0.33974
2020-07-05 13:11:00,0.5845
2020-07-05 14:11:00,0.30989999999999995
2020-07-05 15:11:00,0.12159
2020-07-05 16:11:00,0.05011
2020-07-05 17:11:00,0.03024
2020-07-05 18:11:00,0.01448
2020-07-05 19:11:00,0.0
2020-07-05 20:11:00,0.0
2020-07-05 21:11:00,0.0
2020-07-05 22:11:00,0.0
2020-07-05 23:11:00,0.0
2020-07-06 00:11:00,0.0
2020-07-06 01:11:00,0.0
2020-07-06 02:11:00,0.0
2020-07-06 03:11:00,0.0
2020-07-06 04:11:00,0.009869999999999999
2020-07-06 05:11:00,0.09054999999999999
2020-07-06 06:11:00,0.27443
2020-07-06 07:11:00,0.38545999999999997
2020-07-06 08:11:00,0.6086900000000001
2020-07-06 09:11:00,0.62234
2020-07-06 10:11:00,0.57171
2020-07-06 11:11:00,0.66153
2020-07-06 12:11:00,0.40345
2020-07-06 13:11:00,0.28312
2020-07-06 14:11:00,0.14677
2020-07-06 15:11:00,0.22736
2020-07-06 16:11:00,0.16893
2020-07-06 17:11:00,0.07268000000000001
2020-07-06 18:11:00,0.02157
2020-07-06 19:11:00,0.0
2020-07-06 20:11:00,0.0
2020-07-06 21:11:00,0.0
2020-07-06 22:11:00,0.0
2020-07-06 23:11:00,0.0
2020-07-07 00:11:00,0.0
2020-07-07 01:11:00,0.0
2020-07-07 02:11:00,0.0
2020-07-07 03:11:00,0.0
2020-07-07 04:11:00,0.027579999999999997
2020-07-07 05:11:00,0.09661
2020-07-07 06:11:00,0.27756000000000003
2020-07-07 07:11:00,0.33649
2020-07-07 08:11:00,0.41029000000000004
2020-07-07 09:11:00,0.48361000000000004
2020-07-07 10:11:00,0.44345
2020-07-07 11:11:00,0.2324
2020-07-07 12:11:00,0.36468
2020-07-07 13:11:00,0.56477
2020-07-07 14:11:00,0.4013
2020-07-07 15:11:00,0.30022000000000004
2020-07-07 16:11:00,0.16181
2020-07-07 17:11:00,0.07459
2020-07-07 18:11:00,0.00382
2020-07-07 19:11:00,0.0
2020-07-07 20:11:00,0.0
2020-07-07 21:11:00,0.0
2020-07-07 22:11:00,0.0
2020-07-07 23:11:00,0.0
2020-07-08 00:11:00,0.0
2020-07-08 01:11:00,0.0
2020-07-08 02:11:00,0.0
2020-07-08 03:11:00,0.0
2020-07-08 04:11:00,0.02445
2020-07-08 05:11:00,0.053520000000000005
2020-07-08 06:11:00,0.0386
2020-07-08 07:11:00,0.06852
2020-07-08 08:11:00,0.25795
2020-07-08 09:11:00,0.22294
2020-07-08 10:11:00,0.1983
2020-07-08 11:11:00,0.08829000000000001
2020-07-08 12:11:00,0.12747
2020-07-08 13:11:00,0.19119
2020-07-08 14:11:00,0.4133
2020-07-08 15:11:00,0.26727
2020-07-08 16:11:00,0.15375999999999998
2020-07-08 17:11:00,0.06767000000000001
2020-07-08 18:11:00,0.02147
2020-07-08 19:11:00,0.0
2020-07-08 20:11:00,0.0
2020-07-08 21:11:00,0.0
2020-07-08 22:11:00,0.0
2020-07-08 23:11:00,0.0
2020-07-09 00:11:00,0.0
2020-07-09 01:11:00,0.0
2020-07-09 02:11:00,0.0
2020-07-09 03:11:00,0.0
2020-07-09 04:11:00,0.00064
2020-07-09 05:11:00,0.0426
2020-07-09 06:11:00,0.10415
2020-07-09 07:11:00,0.10401
2020-07-09 08:11:00,0.24684999999999999
2020-07-09 09:11:00,0.26613
2020-07-09 10:11:00,0.1976
2020-07-09 11:11:00,0.05993
2020-07-09 12:11:00,0.12358
2020-07-09 13:11:00,0.22268000000000002
2020-07-09 14:11:00,0.14815
2020-07-09 15:11:00,0.10445
2020-07-09 16:11:00,0.13653
2020-07-09 17:11:00,0.07057
2020-07-09 18:11:00,0.00475
2020-07-09 19:11:00,0.0
2020-07-09 20:11:00,0.0
2020-07-09 21:11:00,0.0
2020-07-09 22:11:00,0.0
2020-07-09 23:11:00,0.0
2020-07-10 00:11:00,0.0
2020-07-10 01:11:00,0.0
2020-07-10 02:11:00,0.0
2020-07-10 03:11:00,0.0
2020-07-10 04:11:00,0.0003
2020-07-10 05:11:00,0.01374
2020-07-10 06:11:00,0.03766
2020-07-10 07:11:00,0.14553
2020-07-10 08:11:00,0.35931
2020-07-10 09:11:00,0.41673000000000004
2020-07-10 10:11:00,0.39261
2020-07-10 11:11:00,0.28989
2020-07-10 12:11:00,0.32202
2020-07-10 13:11:00,0.37429
2020-07-10 14:11:00,0.25192
2020-07-10 15:11:00,0.16626
2020-07-10 16:11:00,0.07517
2020-07-10 17:11:00,0.00819
2020-07-10 18:11:00,0.02752
2020-07-10 19:11:00,0.0
2020-07-10 20:11:00,0.0
2020-07-10 21:11:00,0.0
2020-07-10 22:11:00,0.0
2020-07-10 23:11:00,0.0
2020-07-11 00:11:00,0.0
2020-07-11 01:11:00,0.0
2020-07-11 02:11:00,0.0
2020-07-11 03:11:00,0.0
2020-07-11 04:11:00,0.018359999999999998
2020-07-11 05:11:00,0.08784
2020-07-11 06:11:00,0.28543999999999997
2020-07-11 07:11:00,0.46102
2020-07-11 08:11:00,0.55923
2020-07-11 09:11:00,0.63346
2020-07-11 10:11:00,0.6305499999999999
2020-07-11 11:11:00,0.21427000000000002
2020-07-11 12:11:00,0.55431
2020-07-11 13:11:00,0.5782999999999999
2020-07-11 14:11:00,0.53122
2020-07-11 15:11:00,0.22993
2020-07-11 16:11:00,0.16221000000000002
2020-07-11 17:11:00,0.07116
2020-07-11 18:11:00,0.02373
2020-07-11 19:11:00,0.0
2020-07-11 20:11:00,0.0
2020-07-11 21:11:00,0.0
2020-07-11 22:11:00,0.0
2020-07-11 23:11:00,0.0
2020-07-12 00:11:00,0.0
2020-07-12 01:11:00,0.0
2020-07-12 02:11:00,0.0
2020-07-12 03:11:00,0.0
2020-07-12 04:11:00,0.02268
2020-07-12 05:11:00,0.087
2020-07-12 06:11:00,0.28278
2020-07-12 07:11:00,0.46957
2020-07-12 08:11:00,0.55295
2020-07-12 09:11:00,0.5953200000000001
2020-07-12 10:11:00,0.58999
2020-07-12 11:11:00,0.70794
2020-07-12 12:11:00,0.69584
2020-07-12 13:11:00,0.56544
2020-07-12 14:11:00,0.5149
2020-07-12 15:11:00,0.21747999999999998
2020-07-12 16:11:00,0.13698
2020-07-12 17:11:00,0.07311
2020-07-12 18:11:00,0.02493
2020-07-12 19:11:00,0.0
2020-07-12 20:11:00,0.0
2020-07-12 21:11:00,0.0
2020-07-12 22:11:00,0.0
2020-07-12 23:11:00,0.0
2020-07-13 00:11:00,0.0
2020-07-13 01:11:00,0.0
2020-07-13 02:11:00,0.0
2020-07-13 03:11:00,0.0
2020-07-13 04:11:00,0.02194
2020-07-13 05:11:00,0.08483
2020-07-13 06:11:00,0.26996
2020-07-13 07:11:00,0.45003
2020-07-13 08:11:00,0.60503
2020-07-13 09:11:00,0.5995199999999999
2020-07-13 10:11:00,0.49163
2020-07-13 11:11:00,0.58805
2020-07-13 12:11:00,0.70505
2020-07-13 13:11:00,0.62534
2020-07-13 14:11:00,0.50759
2020-07-13 15:11:00,0.34596
2020-07-13 16:11:00,0.15464
2020-07-13 17:11:00,0.04377
2020-07-13 18:11:00,0.02157
2020-07-13 19:11:00,0.0
2020-07-13 20:11:00,0.0
2020-07-13 21:11:00,0.0
2020-07-13 22:11:00,0.0
2020-07-13 23:11:00,0.0
2020-07-14 00:11:00,0.0
2020-07-14 01:11:00,0.0
2020-07-14 02:11:00,0.0
2020-07-14 03:11:00,0.0
2020-07-14 04:11:00,0.022269999999999998
2020-07-14 05:11:00,0.08438
2020-07-14 06:11:00,0.26747000000000004
2020-07-14 07:11:00,0.44797000000000003
2020-07-14 08:11:00,0.59824
2020-07-14 09:11:00,0.68925
2020-07-14 10:11:00,0.6847000000000001
2020-07-14 11:11:00,0.63406
2020-07-14 12:11:00,0.6741
2020-07-14 13:11:00,0.54246
2020-07-14 14:11:00,0.41999000000000003
2020-07-14 15:11:00,0.26699
2020-07-14 16:11:00,0.15502000000000002
2020-07-14 17:11:00,0.06837
2020-07-14 18:11:00,0.02425
2020-07-14 19:11:00,0.0
2020-07-14 20:11:00,0.0
2020-07-14 21:11:00,0.0
2020-07-14 22:11:00,0.0
2020-07-14 23:11:00,0.0
2020-07-15 00:11:00,0.0
2020-07-15 01:11:00,0.0
2020-07-15 02:11:00,0.0
2020-07-15 03:11:00,0.0
2020-07-15 04:11:00,0.0003
2020-07-15 05:11:00,0.019579999999999997
2020-07-15 06:11:00,0.05235
2020-07-15 07:11:00,0.16547
2020-07-15 08:11:00,0.07809
2020-07-15 09:11:00,0.07944
2020-07-15 10:11:00,0.10251
2020-07-15 11:11:00,0.12057999999999999
2020-07-15 12:11:00,0.07147
2020-07-15 13:11:00,0.049460000000000004
2020-07-15 14:11:00,0.13369999999999999
2020-07-15 15:11:00,0.14094
2020-07-15 16:11:00,0.12747
2020-07-15 17:11:00,0.07107
2020-07-15 18:11:00,0.01438
2020-07-15 19:11:00,0.0
2020-07-15 20:11:00,0.0
2020-07-15 21:11:00,0.0
2020-07-15 22:11:00,0.0
2020-07-15 23:11:00,0.0
2020-07-16 00:11:00,0.0
2020-07-16 01:11:00,0.0
2020-07-16 02:11:00,0.0
2020-07-16 03:11:00,0.0
2020-07-16 04:11:00,0.00033
2020-07-16 05:11:00,0.01218
2020-07-16 06:11:00,0.04492
2020-07-16 07:11:00,0.22440000000000002
2020-07-16 08:11:00,0.406
2020-07-16 09:11:00,0.6481
2020-07-16 10:11:00,0.53888
2020-07-16 11:11:00,0.77265
2020-07-16 12:11:00,0.48401
2020-07-16 13:11:00,0.43510000000000004
2020-07-16 14:11:00,0.39057
2020-07-16 15:11:00,0.34435000000000004
2020-07-16 16:11:00,0.16050999999999999
2020-07-16 17:11:00,0.06515
2020-07-16 18:11:00,0.0214
2020-07-16 19:11:00,0.0
2020-07-16 20:11:00,0.0
2020-07-16 21:11:00,0.0
2020-07-16 22:11:00,0.0
2020-07-16 23:11:00,0.0
2020-07-17 00:11:00,0.0
2020-07-17 01:11:00,0.0
2020-07-17 02:11:00,0.0
2020-07-17 03:11:00,0.0
2020-07-17 04:11:00,0.02084
2020-07-17 05:11:00,0.08193
2020-07-17 06:11:00,0.26466
2020-07-17 07:11:00,0.39122
2020-07-17 08:11:00,0.29291
2020-07-17 09:11:00,0.39619
2020-07-17 10:11:00,0.08317000000000001
2020-07-17 11:11:00,0.07816
2020-07-17 12:11:00,0.71149
2020-07-17 13:11:00,0.12142
2020-07-17 14:11:00,0.16488
2020-07-17 15:11:00,0.03189
2020-07-17 16:11:00,0.03879
2020-07-17 17:11:00,0.06487000000000001
2020-07-17 18:11:00,0.019440000000000002
2020-07-17 19:11:00,0.0
2020-07-17 20:11:00,0.0
2020-07-17 21:11:00,0.0
2020-07-17 22:11:00,0.0
2020-07-17 23:11:00,0.0
2020-07-18 00:11:00,0.0
2020-07-18 01:11:00,0.0
2020-07-18 02:11:00,0.0
2020-07-18 03:11:00,0.0
2020-07-18 04:11:00,0.01712
2020-07-18 05:11:00,0.0834
2020-07-18 06:11:00,0.18112
2020-07-18 07:11:00,0.37509
2020-07-18 08:11:00,0.57827
2020-07-18 09:11:00,0.67111
2020-07-18 10:11:00,0.62637
2020-07-18 11:11:00,0.61102
2020-07-18 12:11:00,0.64407
2020-07-18 13:11:00,0.5986699999999999
2020-07-18 14:11:00,0.45287
2020-07-18 15:11:00,0.28111
2020-07-18 16:11:00,0.15339
2020-07-18 17:11:00,0.04199
2020-07-18 18:11:00,0.02189
2020-07-18 19:11:00,0.0
2020-07-18 20:11:00,0.0
2020-07-18 21:11:00,0.0
2020-07-18 22:11:00,0.0
2020-07-18 23:11:00,0.0
2020-07-19 00:11:00,0.0
2020-07-19 01:11:00,0.0
2020-07-19 02:11:00,0.0
2020-07-19 03:11:00,0.0
2020-07-19 04:11:00,0.017329999999999998
2020-07-19 05:11:00,0.08222
2020-07-19 06:11:00,0.24136000000000002
2020-07-19 07:11:00,0.40851
2020-07-19 08:11:00,0.54732
2020-07-19 09:11:00,0.6322300000000001
2020-07-19 10:11:00,0.53087
2020-07-19 11:11:00,0.50557
2020-07-19 12:11:00,0.49502999999999997
2020-07-19 13:11:00,0.50416
2020-07-19 14:11:00,0.46387
2020-07-19 15:11:00,0.24761000000000002
2020-07-19 16:11:00,0.14062
2020-07-19 17:11:00,0.04507
2020-07-19 18:11:00,0.00026000000000000003
2020-07-19 19:11:00,0.0
2020-07-19 20:11:00,0.0
2020-07-19 21:11:00,0.0
2020-07-19 22:11:00,0.0
2020-07-19 23:11:00,0.0
2020-07-20 00:11:00,0.0
2020-07-20 01:11:00,0.0
2020-07-20 02:11:00,0.0
2020-07-20 03:11:00,0.0
2020-07-20 04:11:00,0.01713
2020-07-20 05:11:00,0.06961
2020-07-20 06:11:00,0.16891
2020-07-20 07:11:00,0.25179
2020-07-20 08:11:00,0.26896
2020-07-20 09:11:00,0.6432
2020-07-20 10:11:00,0.5767899999999999
2020-07-20 11:11:00,0.65228
2020-07-20 12:11:00,0.3034
2020-07-20 13:11:00,0.32047000000000003
2020-07-20 14:11:00,0.30973
2020-07-20 15:11:00,0.29928
2020-07-20 16:11:00,0.15619
2020-07-20 17:11:00,0.041210000000000004
2020-07-20 18:11:00,0.022420000000000002
2020-07-20 19:11:00,0.0
2020-07-20 20:11:00,0.0
2020-07-20 21:11:00,0.0
2020-07-20 22:11:00,0.0
2020-07-20 23:11:00,0.0
2020-07-21 00:11:00,0.0
2020-07-21 01:11:00,0.0
2020-07-21 02:11:00,0.0
2020-07-21 03:11:00,0.0
2020-07-21 04:11:00,0.01802
2020-07-21 05:11:00,0.07895999999999999
2020-07-21 06:11:00,0.21199
2020-07-21 07:11:00,0.44176
2020-07-21 08:11:00,0.61713
2020-07-21 09:11:00,0.71763
2020-07-21 10:11:00,0.75358
2020-07-21 11:11:00,0.7296
2020-07-21 12:11:00,0.6675399999999999
2020-07-21 13:11:00,0.57152
2020-07-21 14:11:00,0.40613
2020-07-21 15:11:00,0.34591000000000005
2020-07-21 16:11:00,0.16132
2020-07-21 17:11:00,0.04307
2020-07-21 18:11:00,0.0218
2020-07-21 19:11:00,0.0
2020-07-21 20:11:00,0.0
2020-07-21 21:11:00,0.0
2020-07-21 22:11:00,0.0
2020-07-21 23:11:00,0.0
2020-07-22 00:11:00,0.0
2020-07-22 01:11:00,0.0
2020-07-22 02:11:00,0.0
2020-07-22 03:11:00,0.0
2020-07-22 04:11:00,0.01767
2020-07-22 05:11:00,0.07794
2020-07-22 06:11:00,0.26464
2020-07-22 07:11:00,0.45332
2020-07-22 08:11:00,0.5747000000000001
2020-07-22 09:11:00,0.5075
2020-07-22 10:11:00,0.5484
2020-07-22 11:11:00,0.63738
2020-07-22 12:11:00,0.67152
2020-07-22 13:11:00,0.31983
2020-07-22 14:11:00,0.48546
2020-07-22 15:11:00,0.30035
2020-07-22 16:11:00,0.15791999999999998
2020-07-22 17:11:00,0.06614
2020-07-22 18:11:00,0.01419
2020-07-22 19:11:00,0.0
2020-07-22 20:11:00,0.0
2020-07-22 21:11:00,0.0
2020-07-22 22:11:00,0.0
2020-07-22 23:11:00,0.0
2020-07-23 00:11:00,0.0
2020-07-23 01:11:00,0.0
2020-07-23 02:11:00,0.0
2020-07-23 03:11:00,0.0
2020-07-23 04:11:00,0.0
2020-07-23 05:11:00,0.00679
2020-07-23 06:11:00,0.06506999999999999
2020-07-23 07:11:00,0.33988
2020-07-23 08:11:00,0.52523
2020-07-23 09:11:00,0.59123
2020-07-23 10:11:00,0.55813
2020-07-23 11:11:00,0.49783
2020-07-23 12:11:00,0.6962999999999999
2020-07-23 13:11:00,0.63819
2020-07-23 14:11:00,0.50245
2020-07-23 15:11:00,0.35452999999999996
2020-07-23 16:11:00,0.15111000000000002
2020-07-23 17:11:00,0.04262
2020-07-23 18:11:00,0.018600000000000002
2020-07-23 19:11:00,0.0
2020-07-23 20:11:00,0.0
2020-07-23 21:11:00,0.0
2020-07-23 22:11:00,0.0
2020-07-23 23:11:00,0.0
2020-07-24 00:11:00,0.0
2020-07-24 01:11:00,0.0
2020-07-24 02:11:00,0.0
2020-07-24 03:11:00,0.0
2020-07-24 04:11:00,0.01514
2020-07-24 05:11:00,0.07831
2020-07-24 06:11:00,0.16369999999999998
2020-07-24 07:11:00,0.30851
2020-07-24 08:11:00,0.52866
2020-07-24 09:11:00,0.55603
2020-07-24 10:11:00,0.63586
2020-07-24 11:11:00,0.57162
2020-07-24 12:11:00,0.12029000000000001
2020-07-24 13:11:00,0.38971
2020-07-24 14:11:00,0.49151
2020-07-24 15:11:00,0.32539
2020-07-24 16:11:00,0.15100999999999998
2020-07-24 17:11:00,0.06316
2020-07-24 18:11:00,0.013439999999999999
2020-07-24 19:11:00,0.0
2020-07-24 20:11:00,0.0
2020-07-24 21:11:00,0.0
2020-07-24 22:11:00,0.0
2020-07-24 23:11:00,0.0
2020-07-25 00:11:00,0.0
2020-07-25 01:11:00,0.0
2020-07-25 02:11:00,0.0
2020-07-25 03:11:00,0.0
2020-07-25 04:11:00,0.0
2020-07-25 05:11:00,0.03032
2020-07-25 06:11:00,0.17882
2020-07-25 07:11:00,0.28873000000000004
2020-07-25 08:11:00,0.31366000000000005
2020-07-25 09:11:00,0.14398
2020-07-25 10:11:00,0.44885
2020-07-25 11:11:00,0.7027599999999999
2020-07-25 12:11:00,0.48601
2020-07-25 13:11:00,0.20599
2020-07-25 14:11:00,0.45469
2020-07-25 15:11:00,0.28335000000000005
2020-07-25 16:11:00,0.15127000000000002
2020-07-25 17:11:00,0.05486
2020-07-25 18:11:00,0.0178
2020-07-25 19:11:00,0.0
2020-07-25 20:11:00,0.0
2020-07-25 21:11:00,0.0
2020-07-25 22:11:00,0.0
2020-07-25 23:11:00,0.0
2020-07-26 00:11:00,0.0
2020-07-26 01:11:00,0.0
2020-07-26 02:11:00,0.0
2020-07-26 03:11:00,0.0
2020-07-26 04:11:00,0.0
2020-07-26 05:11:00,0.01298
2020-07-26 06:11:00,0.01225
2020-07-26 07:11:00,0.11170999999999999
2020-07-26 08:11:00,0.06312
2020-07-26 09:11:00,0.19349
2020-07-26 10:11:00,0.30889
2020-07-26 11:11:00,0.40554
2020-07-26 12:11:00,0.09683
2020-07-26 13:11:00,0.17323
2020-07-26 14:11:00,0.5329400000000001
2020-07-26 15:11:00,0.34632999999999997
2020-07-26 16:11:00,0.14690999999999999
2020-07-26 17:11:00,0.05932
2020-07-26 18:11:00,0.00204
2020-07-26 19:11:00,0.0
2020-07-26 20:11:00,0.0
2020-07-26 21:11:00,0.0
2020-07-26 22:11:00,0.0
2020-07-26 23:11:00,0.0
2020-07-27 00:11:00,0.0
2020-07-27 01:11:00,0.0
2020-07-27 02:11:00,0.0
2020-07-27 03:11:00,0.0
2020-07-27 04:11:00,0.00735
2020-07-27 05:11:00,0.07448
2020-07-27 06:11:00,0.24589
2020-07-27 07:11:00,0.43113999999999997
2020-07-27 08:11:00,0.57388
2020-07-27 09:11:00,0.65322
2020-07-27 10:11:00,0.58853
2020-07-27 11:11:00,0.41747
2020-07-27 12:11:00,0.42338
2020-07-27 13:11:00,0.18284999999999998
2020-07-27 14:11:00,0.09067
2020-07-27 15:11:00,0.11902
2020-07-27 16:11:00,0.02975
2020-07-27 17:11:00,0.01165
2020-07-27 18:11:00,0.00556
2020-07-27 19:11:00,0.0
2020-07-27 20:11:00,0.0
2020-07-27 21:11:00,0.0
2020-07-27 22:11:00,0.0
2020-07-27 23:11:00,0.0
2020-07-28 00:11:00,0.0
2020-07-28 01:11:00,0.0
2020-07-28 02:11:00,0.0
2020-07-28 03:11:00,0.0
2020-07-28 04:11:00,0.0092
2020-07-28 05:11:00,0.05028
2020-07-28 06:11:00,0.10515000000000001
2020-07-28 07:11:00,0.21274
2020-07-28 08:11:00,0.40475
2020-07-28 09:11:00,0.65173
2020-07-28 10:11:00,0.5384500000000001
2020-07-28 11:11:00,0.19859000000000002
2020-07-28 12:11:00,0.54934
2020-07-28 13:11:00,0.5464
2020-07-28 14:11:00,0.42285
2020-07-28 15:11:00,0.28719
2020-07-28 16:11:00,0.13288999999999998
2020-07-28 17:11:00,0.05907
2020-07-28 18:11:00,0.01506
2020-07-28 19:11:00,0.0
2020-07-28 20:11:00,0.0
2020-07-28 21:11:00,0.0
2020-07-28 22:11:00,0.0
2020-07-28 23:11:00,0.0
2020-07-29 00:11:00,0.0
2020-07-29 01:11:00,0.0
2020-07-29 02:11:00,0.0
2020-07-29 03:11:00,0.0
2020-07-29 04:11:00,0.00098
2020-07-29 05:11:00,0.06335
2020-07-29 06:11:00,0.11354
2020-07-29 07:11:00,0.45039
2020-07-29 08:11:00,0.47914999999999996
2020-07-29 09:11:00,0.35852999999999996
2020-07-29 10:11:00,0.6616799999999999
2020-07-29 11:11:00,0.32606
2020-07-29 12:11:00,0.48292
2020-07-29 13:11:00,0.59492
2020-07-29 14:11:00,0.49311
2020-07-29 15:11:00,0.31777
2020-07-29 16:11:00,0.15472999999999998
2020-07-29 17:11:00,0.04387
2020-07-29 18:11:00,0.01573
2020-07-29 19:11:00,0.0
2020-07-29 20:11:00,0.0
2020-07-29 21:11:00,0.0
2020-07-29 22:11:00,0.0
2020-07-29 23:11:00,0.0
2020-07-30 00:11:00,0.0
2020-07-30 01:11:00,0.0
2020-07-30 02:11:00,0.0
2020-07-30 03:11:00,0.0
2020-07-30 04:11:00,0.011210000000000001
2020-07-30 05:11:00,0.07404000000000001
2020-07-30 06:11:00,0.26074
2020-07-30 07:11:00,0.45762
2020-07-30 08:11:00,0.6158899999999999
2020-07-30 09:11:00,0.7277899999999999
2020-07-30 10:11:00,0.81292
2020-07-30 11:11:00,0.78884
2020-07-30 12:11:00,0.78516
2020-07-30 13:11:00,0.69233
2020-07-30 14:11:00,0.40129000000000004
2020-07-30 15:11:00,0.35058999999999996
2020-07-30 16:11:00,0.14787
2020-07-30 17:11:00,0.05949
2020-07-30 18:11:00,0.01129
2020-07-30 19:11:00,0.0
2020-07-30 20:11:00,0.0
2020-07-30 21:11:00,0.0
2020-07-30 22:11:00,0.0
2020-07-30 23:11:00,0.0
2020-07-31 00:11:00,0.0
2020-07-31 01:11:00,0.0
2020-07-31 02:11:00,0.0
2020-07-31 03:11:00,0.0
2020-07-31 04:11:00,0.01065
2020-07-31 05:11:00,0.06982
2020-07-31 06:11:00,0.24761000000000002
2020-07-31 07:11:00,0.43266000000000004
2020-07-31 08:11:00,0.5878300000000001
2020-07-31 09:11:00,0.6994400000000001
2020-07-31 10:11:00,0.75742
2020-07-31 11:11:00,0.75259
2020-07-31 12:11:00,0.7133400000000001
2020-07-31 13:11:00,0.6457200000000001
2020-07-31 14:11:00,0.51852
2020-07-31 15:11:00,0.3329
2020-07-31 16:11:00,0.14378
2020-07-31 17:11:00,0.04077
2020-07-31 18:11:00,0.01331
2020-07-31 19:11:00,0.0
2020-07-31 20:11:00,0.0
2020-07-31 21:11:00,0.0
2020-07-31 22:11:00,0.0
2020-07-31 23:11:00,0.0
2020-08-01 00:11:00,0.0
2020-08-01 01:11:00,0.0
2020-08-01 02:11:00,0.0
2020-08-01 03:11:00,0.0
2020-08-01 04:11:00,0.01055
2020-08-01 05:11:00,0.06844
2020-08-01 06:11:00,0.25581
2020-08-01 07:11:00,0.44491
2020-08-01 08:11:00,0.59842
2020-08-01 09:11:00,0.7061000000000001
2020-08-01 10:11:00,0.75518
2020-08-01 11:11:00,0.75181
2020-08-01 12:11:00,0.69126
2020-08-01 13:11:00,0.63422
2020-08-01 14:11:00,0.49885
2020-08-01 15:11:00,0.32644
2020-08-01 16:11:00,0.1447
2020-08-01 17:11:00,0.04876
2020-08-01 18:11:00,0.01252
2020-08-01 19:11:00,0.0
2020-08-01 20:11:00,0.0
2020-08-01 21:11:00,0.0
2020-08-01 22:11:00,0.0
2020-08-01 23:11:00,0.0
2020-08-02 00:11:00,0.0
2020-08-02 01:11:00,0.0
2020-08-02 02:11:00,0.0
2020-08-02 03:11:00,0.0
2020-08-02 04:11:00,0.0
2020-08-02 05:11:00,0.01933
2020-08-02 06:11:00,0.05732
2020-08-02 07:11:00,0.09806000000000001
2020-08-02 08:11:00,0.049479999999999996
2020-08-02 09:11:00,0.06548999999999999
2020-08-02 10:11:00,0.04876
2020-08-02 11:11:00,0.07567
2020-08-02 12:11:00,0.16341999999999998
2020-08-02 13:11:00,0.11489
2020-08-02 14:11:00,0.03372
2020-08-02 15:11:00,0.04478
2020-08-02 16:11:00,0.05763
2020-08-02 17:11:00,0.02382
2020-08-02 18:11:00,0.0
2020-08-02 19:11:00,0.0
2020-08-02 20:11:00,0.0
2020-08-02 21:11:00,0.0
2020-08-02 22:11:00,0.0
2020-08-02 23:11:00,0.0
2020-08-03 00:11:00,0.0
2020-08-03 01:11:00,0.0
2020-08-03 02:11:00,0.0
2020-08-03 03:11:00,0.0
2020-08-03 04:11:00,0.0003
2020-08-03 05:11:00,0.00839
2020-08-03 06:11:00,0.04365
2020-08-03 07:11:00,0.03798
2020-08-03 08:11:00,0.07715999999999999
2020-08-03 09:11:00,0.14734999999999998
2020-08-03 10:11:00,0.28520999999999996
2020-08-03 11:11:00,0.49425
2020-08-03 12:11:00,0.5864299999999999
2020-08-03 13:11:00,0.5133300000000001
2020-08-03 14:11:00,0.37429
2020-08-03 15:11:00,0.24254
2020-08-03 16:11:00,0.14618
2020-08-03 17:11:00,0.053020000000000005
2020-08-03 18:11:00,0.009689999999999999
2020-08-03 19:11:00,0.0
2020-08-03 20:11:00,0.0
2020-08-03 21:11:00,0.0
2020-08-03 22:11:00,0.0
2020-08-03 23:11:00,0.0
2020-08-04 00:11:00,0.0
2020-08-04 01:11:00,0.0
2020-08-04 02:11:00,0.0
2020-08-04 03:11:00,0.0
2020-08-04 04:11:00,0.00099
2020-08-04 05:11:00,0.06648
2020-08-04 06:11:00,0.25128
2020-08-04 07:11:00,0.43539
2020-08-04 08:11:00,0.37418
2020-08-04 09:11:00,0.37687
2020-08-04 10:11:00,0.47817000000000004
2020-08-04 11:11:00,0.14606
2020-08-04 12:11:00,0.25925
2020-08-04 13:11:00,0.30731
2020-08-04 14:11:00,0.38488
2020-08-04 15:11:00,0.12052
2020-08-04 16:11:00,0.1453
2020-08-04 17:11:00,0.04993
2020-08-04 18:11:00,0.01025
2020-08-04 19:11:00,0.0
2020-08-04 20:11:00,0.0
2020-08-04 21:11:00,0.0
2020-08-04 22:11:00,0.0
2020-08-04 23:11:00,0.0
2020-08-05 00:11:00,0.0
2020-08-05 01:11:00,0.0
2020-08-05 02:11:00,0.0
2020-08-05 03:11:00,0.0
2020-08-05 04:11:00,0.00588
2020-08-05 05:11:00,0.06622
2020-08-05 06:11:00,0.23838
2020-08-05 07:11:00,0.42252
2020-08-05 08:11:00,0.55362
2020-08-05 09:11:00,0.65095
2020-08-05 10:11:00,0.72461
2020-08-05 11:11:00,0.7525499999999999
2020-08-05 12:11:00,0.71577
2020-08-05 13:11:00,0.63313
2020-08-05 14:11:00,0.51083
2020-08-05 15:11:00,0.32556999999999997
2020-08-05 16:11:00,0.13823
2020-08-05 17:11:00,0.03602
2020-08-05 18:11:00,0.00895
2020-08-05 19:11:00,0.0
2020-08-05 20:11:00,0.0
2020-08-05 21:11:00,0.0
2020-08-05 22:11:00,0.0
2020-08-05 23:11:00,0.0
2020-08-06 00:11:00,0.0
2020-08-06 01:11:00,0.0
2020-08-06 02:11:00,0.0
2020-08-06 03:11:00,0.0
2020-08-06 04:11:00,0.00577
2020-08-06 05:11:00,0.0644
2020-08-06 06:11:00,0.24756
2020-08-06 07:11:00,0.43707
2020-08-06 08:11:00,0.58625
2020-08-06 09:11:00,0.70378
2020-08-06 10:11:00,0.7594099999999999
2020-08-06 11:11:00,0.7537699999999999
2020-08-06 12:11:00,0.7234700000000001
2020-08-06 13:11:00,0.63075
2020-08-06 14:11:00,0.50764
2020-08-06 15:11:00,0.33129000000000003
2020-08-06 16:11:00,0.13509000000000002
2020-08-06 17:11:00,0.03445
2020-08-06 18:11:00,0.008320000000000001
2020-08-06 19:11:00,0.0
2020-08-06 20:11:00,0.0
2020-08-06 21:11:00,0.0
2020-08-06 22:11:00,0.0
2020-08-06 23:11:00,0.0
2020-08-07 00:11:00,0.0
2020-08-07 01:11:00,0.0
2020-08-07 02:11:00,0.0
2020-08-07 03:11:00,0.0
2020-08-07 04:11:00,0.00292
2020-08-07 05:11:00,0.06141
2020-08-07 06:11:00,0.21736000000000003
2020-08-07 07:11:00,0.3983
2020-08-07 08:11:00,0.53834
2020-08-07 09:11:00,0.62688
2020-08-07 10:11:00,0.6845800000000001
2020-08-07 11:11:00,0.64079
2020-08-07 12:11:00,0.5451
2020-08-07 13:11:00,0.5421699999999999
2020-08-07 14:11:00,0.42997
2020-08-07 15:11:00,0.28986
2020-08-07 16:11:00,0.13121000000000002
2020-08-07 17:11:00,0.03892
2020-08-07 18:11:00,0.00675
2020-08-07 19:11:00,0.0
2020-08-07 20:11:00,0.0
2020-08-07 21:11:00,0.0
2020-08-07 22:11:00,0.0
2020-08-07 23:11:00,0.0
2020-08-08 00:11:00,0.0
2020-08-08 01:11:00,0.0
2020-08-08 02:11:00,0.0
2020-08-08 03:11:00,0.0
2020-08-08 04:11:00,0.00058
2020-08-08 05:11:00,0.05998
2020-08-08 06:11:00,0.21228999999999998
2020-08-08 07:11:00,0.39296
2020-08-08 08:11:00,0.53775
2020-08-08 09:11:00,0.64587
2020-08-08 10:11:00,0.6959
2020-08-08 11:11:00,0.68983
2020-08-08 12:11:00,0.6531699999999999
2020-08-08 13:11:00,0.57526
2020-08-08 14:11:00,0.44491
2020-08-08 15:11:00,0.3023
2020-08-08 16:11:00,0.12798
2020-08-08 17:11:00,0.03773
2020-08-08 18:11:00,0.0057
2020-08-08 19:11:00,0.0
2020-08-08 20:11:00,0.0
2020-08-08 21:11:00,0.0
2020-08-08 22:11:00,0.0
2020-08-08 23:11:00,0.0
2020-08-09 00:11:00,0.0
2020-08-09 01:11:00,0.0
2020-08-09 02:11:00,0.0
2020-08-09 03:11:00,0.0
2020-08-09 04:11:00,0.00091
2020-08-09 05:11:00,0.05887
2020-08-09 06:11:00,0.16927
2020-08-09 07:11:00,0.29137
2020-08-09 08:11:00,0.44198000000000004
2020-08-09 09:11:00,0.43801999999999996
2020-08-09 10:11:00,0.5880599999999999
2020-08-09 11:11:00,0.61127
2020-08-09 12:11:00,0.5197
2020-08-09 13:11:00,0.41704
2020-08-09 14:11:00,0.40216
2020-08-09 15:11:00,0.10862000000000001
2020-08-09 16:11:00,0.1167
2020-08-09 17:11:00,0.039509999999999997
2020-08-09 18:11:00,0.0
2020-08-09 19:11:00,0.0
2020-08-09 20:11:00,0.0
2020-08-09 21:11:00,0.0
2020-08-09 22:11:00,0.0
2020-08-09 23:11:00,0.0
2020-08-10 00:11:00,0.0
2020-08-10 01:11:00,0.0
2020-08-10 02:11:00,0.0
2020-08-10 03:11:00,0.0
2020-08-10 04:11:00,0.0
2020-08-10 05:11:00,0.055659999999999994
2020-08-10 06:11:00,0.046189999999999995
2020-08-10 07:11:00,0.23219
2020-08-10 08:11:00,0.23166
2020-08-10 09:11:00,0.45408
2020-08-10 10:11:00,0.34808999999999996
2020-08-10 11:11:00,0.09283
2020-08-10 12:11:00,0.65961
2020-08-10 13:11:00,0.58931
2020-08-10 14:11:00,0.44858
2020-08-10 15:11:00,0.14088
2020-08-10 16:11:00,0.05745
2020-08-10 17:11:00,0.040100000000000004
2020-08-10 18:11:00,0.00408
2020-08-10 19:11:00,0.0
2020-08-10 20:11:00,0.0
2020-08-10 21:11:00,0.0
2020-08-10 22:11:00,0.0
2020-08-10 23:11:00,0.0
2020-08-11 00:11:00,0.0
2020-08-11 01:11:00,0.0
2020-08-11 02:11:00,0.0
2020-08-11 03:11:00,0.0
2020-08-11 04:11:00,0.0
2020-08-11 05:11:00,0.05898
2020-08-11 06:11:00,0.22684
2020-08-11 07:11:00,0.41605000000000003
2020-08-11 08:11:00,0.56731
2020-08-11 09:11:00,0.6847799999999999
2020-08-11 10:11:00,0.73142
2020-08-11 11:11:00,0.7288300000000001
2020-08-11 12:11:00,0.69317
2020-08-11 13:11:00,0.61202
2020-08-11 14:11:00,0.49463999999999997
2020-08-11 15:11:00,0.31351999999999997
2020-08-11 16:11:00,0.12888
2020-08-11 17:11:00,0.03432
2020-08-11 18:11:00,0.0035800000000000003
2020-08-11 19:11:00,0.0
2020-08-11 20:11:00,0.0
2020-08-11 21:11:00,0.0
2020-08-11 22:11:00,0.0
2020-08-11 23:11:00,0.0
2020-08-12 00:11:00,0.0
2020-08-12 01:11:00,0.0
2020-08-12 02:11:00,0.0
2020-08-12 03:11:00,0.0
2020-08-12 04:11:00,0.0
2020-08-12 05:11:00,0.05887
2020-08-12 06:11:00,0.23498
2020-08-12 07:11:00,0.42748
2020-08-12 08:11:00,0.5809
2020-08-12 09:11:00,0.6917000000000001
2020-08-12 10:11:00,0.73893
2020-08-12 11:11:00,0.74112
2020-08-12 12:11:00,0.7067100000000001
2020-08-12 13:11:00,0.62401
2020-08-12 14:11:00,0.49782
2020-08-12 15:11:00,0.32031
2020-08-12 16:11:00,0.12766
2020-08-12 17:11:00,0.03118
2020-08-12 18:11:00,0.0027400000000000002
2020-08-12 19:11:00,0.0
2020-08-12 20:11:00,0.0
2020-08-12 21:11:00,0.0
2020-08-12 22:11:00,0.0
2020-08-12 23:11:00,0.0
2020-08-13 00:11:00,0.0
2020-08-13 01:11:00,0.0
2020-08-13 02:11:00,0.0
2020-08-13 03:11:00,0.0
2020-08-13 04:11:00,0.0
2020-08-13 05:11:00,0.0070999999999999995
2020-08-13 06:11:00,0.15453999999999998
2020-08-13 07:11:00,0.11936
2020-08-13 08:11:00,0.15187
2020-08-13 09:11:00,0.28478
2020-08-13 10:11:00,0.34647
2020-08-13 11:11:00,0.39055
2020-08-13 12:11:00,0.15044
2020-08-13 13:11:00,0.07153
2020-08-13 14:11:00,0.05687
2020-08-13 15:11:00,0.055409999999999994
2020-08-13 16:11:00,0.07018
2020-08-13 17:11:00,0.037079999999999995
2020-08-13 18:11:00,0.0
2020-08-13 19:11:00,0.0
2020-08-13 20:11:00,0.0
2020-08-13 21:11:00,0.0
2020-08-13 22:11:00,0.0
2020-08-13 23:11:00,0.0
2020-08-14 00:11:00,0.0
2020-08-14 01:11:00,0.0
2020-08-14 02:11:00,0.0
2020-08-14 03:11:00,0.0
2020-08-14 04:11:00,0.0
2020-08-14 05:11:00,0.00209
2020-08-14 06:11:00,0.04344
2020-08-14 07:11:00,0.10373
2020-08-14 08:11:00,0.25018
2020-08-14 09:11:00,0.55911
2020-08-14 10:11:00,0.29714999999999997
2020-08-14 11:11:00,0.4567
2020-08-14 12:11:00,0.54344
2020-08-14 13:11:00,0.47487
2020-08-14 14:11:00,0.13836
2020-08-14 15:11:00,0.10186
2020-08-14 16:11:00,0.05141
2020-08-14 17:11:00,0.02178
2020-08-14 18:11:00,0.0
2020-08-14 19:11:00,0.0
2020-08-14 20:11:00,0.0
2020-08-14 21:11:00,0.0
2020-08-14 22:11:00,0.0
2020-08-14 23:11:00,0.0
2020-08-15 00:11:00,0.0
2020-08-15 01:11:00,0.0
2020-08-15 02:11:00,0.0
2020-08-15 03:11:00,0.0
2020-08-15 04:11:00,0.0
2020-08-15 05:11:00,0.05113
2020-08-15 06:11:00,0.20011
2020-08-15 07:11:00,0.38792000000000004
2020-08-15 08:11:00,0.51827
2020-08-15 09:11:00,0.6258400000000001
2020-08-15 10:11:00,0.43143
2020-08-15 11:11:00,0.5295599999999999
2020-08-15 12:11:00,0.65378
2020-08-15 13:11:00,0.45606
2020-08-15 14:11:00,0.42435
2020-08-15 15:11:00,0.24231999999999998
2020-08-15 16:11:00,0.12174
2020-08-15 17:11:00,0.03324
2020-08-15 18:11:00,0.0
2020-08-15 19:11:00,0.0
2020-08-15 20:11:00,0.0
2020-08-15 21:11:00,0.0
2020-08-15 22:11:00,0.0
2020-08-15 23:11:00,0.0
2020-08-16 00:11:00,0.0
2020-08-16 01:11:00,0.0
2020-08-16 02:11:00,0.0
2020-08-16 03:11:00,0.0
2020-08-16 04:11:00,0.0
2020-08-16 05:11:00,0.05286
2020-08-16 06:11:00,0.2263
2020-08-16 07:11:00,0.422
2020-08-16 08:11:00,0.57387
2020-08-16 09:11:00,0.69443
2020-08-16 10:11:00,0.74074
2020-08-16 11:11:00,0.7445
2020-08-16 12:11:00,0.70757
2020-08-16 13:11:00,0.61322
2020-08-16 14:11:00,0.49259
2020-08-16 15:11:00,0.31371
2020-08-16 16:11:00,0.12259
2020-08-16 17:11:00,0.02898
2020-08-16 18:11:00,0.0
2020-08-16 19:11:00,0.0
2020-08-16 20:11:00,0.0
2020-08-16 21:11:00,0.0
2020-08-16 22:11:00,0.0
2020-08-16 23:11:00,0.0
2020-08-17 00:11:00,0.0
2020-08-17 01:11:00,0.0
2020-08-17 02:11:00,0.0
2020-08-17 03:11:00,0.0
2020-08-17 04:11:00,0.0
2020-08-17 05:11:00,0.05341
2020-08-17 06:11:00,0.22631
2020-08-17 07:11:00,0.41255000000000003
2020-08-17 08:11:00,0.5670499999999999
2020-08-17 09:11:00,0.67953
2020-08-17 10:11:00,0.72589
2020-08-17 11:11:00,0.70716
2020-08-17 12:11:00,0.63818
2020-08-17 13:11:00,0.54592
2020-08-17 14:11:00,0.4814
2020-08-17 15:11:00,0.26330000000000003
2020-08-17 16:11:00,0.11968999999999999
2020-08-17 17:11:00,0.03364
2020-08-17 18:11:00,0.0
2020-08-17 19:11:00,0.0
2020-08-17 20:11:00,0.0
2020-08-17 21:11:00,0.0
2020-08-17 22:11:00,0.0
2020-08-17 23:11:00,0.0
2020-08-18 00:11:00,0.0
2020-08-18 01:11:00,0.0
2020-08-18 02:11:00,0.0
2020-08-18 03:11:00,0.0
2020-08-18 04:11:00,0.0
2020-08-18 05:11:00,0.00882
2020-08-18 06:11:00,0.00882
2020-08-18 07:11:00,0.09391
2020-08-18 08:11:00,0.19038999999999998
2020-08-18 09:11:00,0.35091
2020-08-18 10:11:00,0.4156
2020-08-18 11:11:00,0.43129
2020-08-18 12:11:00,0.5385599999999999
2020-08-18 13:11:00,0.53564
2020-08-18 14:11:00,0.37633
2020-08-18 15:11:00,0.04596
2020-08-18 16:11:00,0.05224
2020-08-18 17:11:00,0.025670000000000002
2020-08-18 18:11:00,0.0
2020-08-18 19:11:00,0.0
2020-08-18 20:11:00,0.0
2020-08-18 21:11:00,0.0
2020-08-18 22:11:00,0.0
2020-08-18 23:11:00,0.0
2020-08-19 00:11:00,0.0
2020-08-19 01:11:00,0.0
2020-08-19 02:11:00,0.0
2020-08-19 03:11:00,0.0
2020-08-19 04:11:00,0.0
2020-08-19 05:11:00,0.045270000000000005
2020-08-19 06:11:00,0.20084
2020-08-19 07:11:00,0.40713
2020-08-19 08:11:00,0.56117
2020-08-19 09:11:00,0.60795
2020-08-19 10:11:00,0.42316000000000004
2020-08-19 11:11:00,0.4834
2020-08-19 12:11:00,0.48915
2020-08-19 13:11:00,0.38849
2020-08-19 14:11:00,0.11517000000000001
2020-08-19 15:11:00,0.24109
2020-08-19 16:11:00,0.08559
2020-08-19 17:11:00,0.02296
2020-08-19 18:11:00,0.0
2020-08-19 19:11:00,0.0
2020-08-19 20:11:00,0.0
2020-08-19 21:11:00,0.0
2020-08-19 22:11:00,0.0
2020-08-19 23:11:00,0.0
2020-08-20 00:11:00,0.0
2020-08-20 01:11:00,0.0
2020-08-20 02:11:00,0.0
2020-08-20 03:11:00,0.0
2020-08-20 04:11:00,0.0
2020-08-20 05:11:00,0.023059999999999997
2020-08-20 06:11:00,0.14868
2020-08-20 07:11:00,0.30866000000000005
2020-08-20 08:11:00,0.5498500000000001
2020-08-20 09:11:00,0.5275299999999999
2020-08-20 10:11:00,0.71372
2020-08-20 11:11:00,0.6545599999999999
2020-08-20 12:11:00,0.30258999999999997
2020-08-20 13:11:00,0.14281
2020-08-20 14:11:00,0.07239
2020-08-20 15:11:00,0.18339
2020-08-20 16:11:00,0.10441
2020-08-20 17:11:00,0.02253
2020-08-20 18:11:00,0.0
2020-08-20 19:11:00,0.0
2020-08-20 20:11:00,0.0
2020-08-20 21:11:00,0.0
2020-08-20 22:11:00,0.0
2020-08-20 23:11:00,0.0
2020-08-21 00:11:00,0.0
2020-08-21 01:11:00,0.0
2020-08-21 02:11:00,0.0
2020-08-21 03:11:00,0.0
2020-08-21 04:11:00,0.0
2020-08-21 05:11:00,0.04836
2020-08-21 06:11:00,0.22286
2020-08-21 07:11:00,0.40858999999999995
2020-08-21 08:11:00,0.55659
2020-08-21 09:11:00,0.6659700000000001
2020-08-21 10:11:00,0.70925
2020-08-21 11:11:00,0.70573
2020-08-21 12:11:00,0.67196
2020-08-21 13:11:00,0.53412
2020-08-21 14:11:00,0.46758
2020-08-21 15:11:00,0.15888
2020-08-21 16:11:00,0.10565000000000001
2020-08-21 17:11:00,0.02327
2020-08-21 18:11:00,0.0
2020-08-21 19:11:00,0.0
2020-08-21 20:11:00,0.0
2020-08-21 21:11:00,0.0
2020-08-21 22:11:00,0.0
2020-08-21 23:11:00,0.0
2020-08-22 00:11:00,0.0
2020-08-22 01:11:00,0.0
2020-08-22 02:11:00,0.0
2020-08-22 03:11:00,0.0
2020-08-22 04:11:00,0.0
2020-08-22 05:11:00,0.027559999999999998
2020-08-22 06:11:00,0.007549999999999999
2020-08-22 07:11:00,0.02028
2020-08-22 08:11:00,0.2042
2020-08-22 09:11:00,0.34784
2020-08-22 10:11:00,0.30931000000000003
2020-08-22 11:11:00,0.61262
2020-08-22 12:11:00,0.17085
2020-08-22 13:11:00,0.15017
2020-08-22 14:11:00,0.1789
2020-08-22 15:11:00,0.15174
2020-08-22 16:11:00,0.10868000000000001
2020-08-22 17:11:00,0.02652
2020-08-22 18:11:00,0.0
2020-08-22 19:11:00,0.0
2020-08-22 20:11:00,0.0
2020-08-22 21:11:00,0.0
2020-08-22 22:11:00,0.0
2020-08-22 23:11:00,0.0
2020-08-23 00:11:00,0.0
2020-08-23 01:11:00,0.0
2020-08-23 02:11:00,0.0
2020-08-23 03:11:00,0.0
2020-08-23 04:11:00,0.0
2020-08-23 05:11:00,0.01486
2020-08-23 06:11:00,0.10453
2020-08-23 07:11:00,0.40607
2020-08-23 08:11:00,0.59089
2020-08-23 09:11:00,0.68421
2020-08-23 10:11:00,0.74533
2020-08-23 11:11:00,0.59439
2020-08-23 12:11:00,0.18703999999999998
2020-08-23 13:11:00,0.11061
2020-08-23 14:11:00,0.18700999999999998
2020-08-23 15:11:00,0.06942
2020-08-23 16:11:00,0.08586
2020-08-23 17:11:00,0.0263
2020-08-23 18:11:00,0.0
2020-08-23 19:11:00,0.0
2020-08-23 20:11:00,0.0
2020-08-23 21:11:00,0.0
2020-08-23 22:11:00,0.0
2020-08-23 23:11:00,0.0
2020-08-24 00:11:00,0.0
2020-08-24 01:11:00,0.0
2020-08-24 02:11:00,0.0
2020-08-24 03:11:00,0.0
2020-08-24 04:11:00,0.0
2020-08-24 05:11:00,0.0437
2020-08-24 06:11:00,0.13934
2020-08-24 07:11:00,0.33298
2020-08-24 08:11:00,0.32611
2020-08-24 09:11:00,0.27318000000000003
2020-08-24 10:11:00,0.40296
2020-08-24 11:11:00,0.1698
2020-08-24 12:11:00,0.15990000000000001
2020-08-24 13:11:00,0.43057999999999996
2020-08-24 14:11:00,0.39613
2020-08-24 15:11:00,0.18874000000000002
2020-08-24 16:11:00,0.10224
2020-08-24 17:11:00,0.02225
2020-08-24 18:11:00,0.0
2020-08-24 19:11:00,0.0
2020-08-24 20:11:00,0.0
2020-08-24 21:11:00,0.0
2020-08-24 22:11:00,0.0
2020-08-24 23:11:00,0.0
2020-08-25 00:11:00,0.0
2020-08-25 01:11:00,0.0
2020-08-25 02:11:00,0.0
2020-08-25 03:11:00,0.0
2020-08-25 04:11:00,0.0
2020-08-25 05:11:00,0.046560000000000004
2020-08-25 06:11:00,0.18211000000000002
2020-08-25 07:11:00,0.42512
2020-08-25 08:11:00,0.5863400000000001
2020-08-25 09:11:00,0.58448
2020-08-25 10:11:00,0.614
2020-08-25 11:11:00,0.6278400000000001
2020-08-25 12:11:00,0.5889500000000001
2020-08-25 13:11:00,0.33874
2020-08-25 14:11:00,0.23101
2020-08-25 15:11:00,0.07582
2020-08-25 16:11:00,0.007019999999999999
2020-08-25 17:11:00,0.02149
2020-08-25 18:11:00,0.0
2020-08-25 19:11:00,0.0
2020-08-25 20:11:00,0.0
2020-08-25 21:11:00,0.0
2020-08-25 22:11:00,0.0
2020-08-25 23:11:00,0.0
2020-08-26 00:11:00,0.0
2020-08-26 01:11:00,0.0
2020-08-26 02:11:00,0.0
2020-08-26 03:11:00,0.0
2020-08-26 04:11:00,0.0
2020-08-26 05:11:00,0.043590000000000004
2020-08-26 06:11:00,0.22402
2020-08-26 07:11:00,0.0495
2020-08-26 08:11:00,0.06033
2020-08-26 09:11:00,0.08882999999999999
2020-08-26 10:11:00,0.05589
2020-08-26 11:11:00,0.14057
2020-08-26 12:11:00,0.1268
2020-08-26 13:11:00,0.08629
2020-08-26 14:11:00,0.05439
2020-08-26 15:11:00,0.08161
2020-08-26 16:11:00,0.02203
2020-08-26 17:11:00,0.01042
2020-08-26 18:11:00,0.0
2020-08-26 19:11:00,0.0
2020-08-26 20:11:00,0.0
2020-08-26 21:11:00,0.0
2020-08-26 22:11:00,0.0
2020-08-26 23:11:00,0.0
2020-08-27 00:11:00,0.0
2020-08-27 01:11:00,0.0
2020-08-27 02:11:00,0.0
2020-08-27 03:11:00,0.0
2020-08-27 04:11:00,0.0
2020-08-27 05:11:00,0.04158
2020-08-27 06:11:00,0.10628
2020-08-27 07:11:00,0.29347
2020-08-27 08:11:00,0.42014999999999997
2020-08-27 09:11:00,0.19061
2020-08-27 10:11:00,0.35604
2020-08-27 11:11:00,0.53616
2020-08-27 12:11:00,0.45812
2020-08-27 13:11:00,0.23629
2020-08-27 14:11:00,0.21092
2020-08-27 15:11:00,0.15541
2020-08-27 16:11:00,0.10157
2020-08-27 17:11:00,0.01831
2020-08-27 18:11:00,0.0
2020-08-27 19:11:00,0.0
2020-08-27 20:11:00,0.0
2020-08-27 21:11:00,0.0
2020-08-27 22:11:00,0.0
2020-08-27 23:11:00,0.0
2020-08-28 00:11:00,0.0
2020-08-28 01:11:00,0.0
2020-08-28 02:11:00,0.0
2020-08-28 03:11:00,0.0
2020-08-28 04:11:00,0.0
2020-08-28 05:11:00,0.0046500000000000005
2020-08-28 06:11:00,0.03836
2020-08-28 07:11:00,0.07740000000000001
2020-08-28 08:11:00,0.34470999999999996
2020-08-28 09:11:00,0.41164999999999996
2020-08-28 10:11:00,0.32345999999999997
2020-08-28 11:11:00,0.20499
2020-08-28 12:11:00,0.41614
2020-08-28 13:11:00,0.45153
2020-08-28 14:11:00,0.29098
2020-08-28 15:11:00,0.11308
2020-08-28 16:11:00,0.03803
2020-08-28 17:11:00,0.01679
2020-08-28 18:11:00,0.0
2020-08-28 19:11:00,0.0
2020-08-28 20:11:00,0.0
2020-08-28 21:11:00,0.0
2020-08-28 22:11:00,0.0
2020-08-28 23:11:00,0.0
2020-08-29 00:11:00,0.0
2020-08-29 01:11:00,0.0
2020-08-29 02:11:00,0.0
2020-08-29 03:11:00,0.0
2020-08-29 04:11:00,0.0
2020-08-29 05:11:00,0.011970000000000001
2020-08-29 06:11:00,0.05561
2020-08-29 07:11:00,0.15328999999999998
2020-08-29 08:11:00,0.395
2020-08-29 09:11:00,0.62341
2020-08-29 10:11:00,0.63859
2020-08-29 11:11:00,0.6176699999999999
2020-08-29 12:11:00,0.50334
2020-08-29 13:11:00,0.23682
2020-08-29 14:11:00,0.26079
2020-08-29 15:11:00,0.14708000000000002
2020-08-29 16:11:00,0.04937
2020-08-29 17:11:00,0.01399
2020-08-29 18:11:00,0.0
2020-08-29 19:11:00,0.0
2020-08-29 20:11:00,0.0
2020-08-29 21:11:00,0.0
2020-08-29 22:11:00,0.0
2020-08-29 23:11:00,0.0
2020-08-30 00:11:00,0.0
2020-08-30 01:11:00,0.0
2020-08-30 02:11:00,0.0
2020-08-30 03:11:00,0.0
2020-08-30 04:11:00,0.0
2020-08-30 05:11:00,0.0389
2020-08-30 06:11:00,0.16438999999999998
2020-08-30 07:11:00,0.42647
2020-08-30 08:11:00,0.5778300000000001
2020-08-30 09:11:00,0.26166
2020-08-30 10:11:00,0.53415
2020-08-30 11:11:00,0.14417
2020-08-30 12:11:00,0.27369
2020-08-30 13:11:00,0.11275
2020-08-30 14:11:00,0.05257
2020-08-30 15:11:00,0.0338
2020-08-30 16:11:00,0.013009999999999999
2020-08-30 17:11:00,0.0
2020-08-30 18:11:00,0.0
2020-08-30 19:11:00,0.0
2020-08-30 20:11:00,0.0
2020-08-30 21:11:00,0.0
2020-08-30 22:11:00,0.0
2020-08-30 23:11:00,0.0
2020-08-31 00:11:00,0.0
2020-08-31 01:11:00,0.0
2020-08-31 02:11:00,0.0
2020-08-31 03:11:00,0.0
2020-08-31 04:11:00,0.0
2020-08-31 05:11:00,0.02312
2020-08-31 06:11:00,0.10686
2020-08-31 07:11:00,0.2294
2020-08-31 08:11:00,0.3768
2020-08-31 09:11:00,0.55544
2020-08-31 10:11:00,0.31555
2020-08-31 11:11:00,0.07992
2020-08-31 12:11:00,0.54986
2020-08-31 13:11:00,0.55155
2020-08-31 14:11:00,0.17636000000000002
2020-08-31 15:11:00,0.04071
2020-08-31 16:11:00,0.08664
2020-08-31 17:11:00,0.01479
2020-08-31 18:11:00,0.0
2020-08-31 19:11:00,0.0
2020-08-31 20:11:00,0.0
2020-08-31 21:11:00,0.0
2020-08-31 22:11:00,0.0
2020-08-31 23:11:00,0.0
2020-09-01 00:11:00,0.0
2020-09-01 01:11:00,0.0
2020-09-01 02:11:00,0.0
2020-09-01 03:11:00,0.0
2020-09-01 04:11:00,0.0
2020-09-01 05:11:00,0.04182
2020-09-01 06:11:00,0.22055000000000002
2020-09-01 07:11:00,0.43918
2020-09-01 08:11:00,0.45496
2020-09-01 09:11:00,0.47533
2020-09-01 10:11:00,0.19476
2020-09-01 11:11:00,0.49483
2020-09-01 12:11:00,0.40688
2020-09-01 13:11:00,0.21525999999999998
2020-09-01 14:11:00,0.2771
2020-09-01 15:11:00,0.19709000000000002
2020-09-01 16:11:00,0.02947
2020-09-01 17:11:00,0.00212
2020-09-01 18:11:00,0.0
2020-09-01 19:11:00,0.0
2020-09-01 20:11:00,0.0
2020-09-01 21:11:00,0.0
2020-09-01 22:11:00,0.0
2020-09-01 23:11:00,0.0
2020-09-02 00:11:00,0.0
2020-09-02 01:11:00,0.0
2020-09-02 02:11:00,0.0
2020-09-02 03:11:00,0.0
2020-09-02 04:11:00,0.0
2020-09-02 05:11:00,0.00805
2020-09-02 06:11:00,0.05162
2020-09-02 07:11:00,0.20082
2020-09-02 08:11:00,0.22429
2020-09-02 09:11:00,0.23993
2020-09-02 10:11:00,0.37156
2020-09-02 11:11:00,0.09133
2020-09-02 12:11:00,0.27879000000000004
2020-09-02 13:11:00,0.24674000000000001
2020-09-02 14:11:00,0.17762999999999998
2020-09-02 15:11:00,0.11734
2020-09-02 16:11:00,0.039560000000000005
2020-09-02 17:11:00,0.00577
2020-09-02 18:11:00,0.0
2020-09-02 19:11:00,0.0
2020-09-02 20:11:00,0.0
2020-09-02 21:11:00,0.0
2020-09-02 22:11:00,0.0
2020-09-02 23:11:00,0.0
2020-09-03 00:11:00,0.0
2020-09-03 01:11:00,0.0
2020-09-03 02:11:00,0.0
2020-09-03 03:11:00,0.0
2020-09-03 04:11:00,0.0
2020-09-03 05:11:00,0.039619999999999995
2020-09-03 06:11:00,0.22891
2020-09-03 07:11:00,0.44053
2020-09-03 08:11:00,0.59641
2020-09-03 09:11:00,0.70377
2020-09-03 10:11:00,0.60745
2020-09-03 11:11:00,0.49899
2020-09-03 12:11:00,0.43681
2020-09-03 13:11:00,0.49967
2020-09-03 14:11:00,0.20168
2020-09-03 15:11:00,0.13319999999999999
2020-09-03 16:11:00,0.01778
2020-09-03 17:11:00,0.0005899999999999999
2020-09-03 18:11:00,0.0
2020-09-03 19:11:00,0.0
2020-09-03 20:11:00,0.0
2020-09-03 21:11:00,0.0
2020-09-03 22:11:00,0.0
2020-09-03 23:11:00,0.0
2020-09-04 00:11:00,0.0
2020-09-04 01:11:00,0.0
2020-09-04 02:11:00,0.0
2020-09-04 03:11:00,0.0
2020-09-04 04:11:00,0.0
2020-09-04 05:11:00,0.00019
2020-09-04 06:11:00,0.01447
2020-09-04 07:11:00,0.10034
2020-09-04 08:11:00,0.12043999999999999
2020-09-04 09:11:00,0.09767
2020-09-04 10:11:00,0.33362
2020-09-04 11:11:00,0.61048
2020-09-04 12:11:00,0.4088
2020-09-04 13:11:00,0.41114
2020-09-04 14:11:00,0.07695
2020-09-04 15:11:00,0.10994
2020-09-04 16:11:00,0.03932
2020-09-04 17:11:00,0.00809
2020-09-04 18:11:00,0.0
2020-09-04 19:11:00,0.0
2020-09-04 20:11:00,0.0
2020-09-04 21:11:00,0.0
2020-09-04 22:11:00,0.0
2020-09-04 23:11:00,0.0
2020-09-05 00:11:00,0.0
2020-09-05 01:11:00,0.0
2020-09-05 02:11:00,0.0
2020-09-05 03:11:00,0.0
2020-09-05 04:11:00,0.0
2020-09-05 05:11:00,0.01822
2020-09-05 06:11:00,0.03427
2020-09-05 07:11:00,0.01822
2020-09-05 08:11:00,0.02893
2020-09-05 09:11:00,0.08333
2020-09-05 10:11:00,0.07221
2020-09-05 11:11:00,0.05595
2020-09-05 12:11:00,0.0871
2020-09-05 13:11:00,0.045880000000000004
2020-09-05 14:11:00,0.05607
2020-09-05 15:11:00,0.07401
2020-09-05 16:11:00,0.04936
2020-09-05 17:11:00,0.00631
2020-09-05 18:11:00,0.0
2020-09-05 19:11:00,0.0
2020-09-05 20:11:00,0.0
2020-09-05 21:11:00,0.0
2020-09-05 22:11:00,0.0
2020-09-05 23:11:00,0.0
2020-09-06 00:11:00,0.0
2020-09-06 01:11:00,0.0
2020-09-06 02:11:00,0.0
2020-09-06 03:11:00,0.0
2020-09-06 04:11:00,0.0
2020-09-06 05:11:00,0.03308
2020-09-06 06:11:00,0.23205
2020-09-06 07:11:00,0.44391
2020-09-06 08:11:00,0.59135
2020-09-06 09:11:00,0.68386
2020-09-06 10:11:00,0.60995
2020-09-06 11:11:00,0.58175
2020-09-06 12:11:00,0.5461900000000001
2020-09-06 13:11:00,0.58092
2020-09-06 14:11:00,0.29869
2020-09-06 15:11:00,0.27369
2020-09-06 16:11:00,0.08216
2020-09-06 17:11:00,0.00725
2020-09-06 18:11:00,0.0
2020-09-06 19:11:00,0.0
2020-09-06 20:11:00,0.0
2020-09-06 21:11:00,0.0
2020-09-06 22:11:00,0.0
2020-09-06 23:11:00,0.0
2020-09-07 00:11:00,0.0
2020-09-07 01:11:00,0.0
2020-09-07 02:11:00,0.0
2020-09-07 03:11:00,0.0
2020-09-07 04:11:00,0.0
2020-09-07 05:11:00,0.011789999999999998
2020-09-07 06:11:00,0.08859
2020-09-07 07:11:00,0.2204
2020-09-07 08:11:00,0.46252
2020-09-07 09:11:00,0.5680700000000001
2020-09-07 10:11:00,0.46366
2020-09-07 11:11:00,0.25639999999999996
2020-09-07 12:11:00,0.39848
2020-09-07 13:11:00,0.55444
2020-09-07 14:11:00,0.45199
2020-09-07 15:11:00,0.20705
2020-09-07 16:11:00,0.07737000000000001
2020-09-07 17:11:00,0.00625
2020-09-07 18:11:00,0.0
2020-09-07 19:11:00,0.0
2020-09-07 20:11:00,0.0
2020-09-07 21:11:00,0.0
2020-09-07 22:11:00,0.0
2020-09-07 23:11:00,0.0
2020-09-08 00:11:00,0.0
2020-09-08 01:11:00,0.0
2020-09-08 02:11:00,0.0
2020-09-08 03:11:00,0.0
2020-09-08 04:11:00,0.0
2020-09-08 05:11:00,0.00177
2020-09-08 06:11:00,0.055670000000000004
2020-09-08 07:11:00,0.32087
2020-09-08 08:11:00,0.43683999999999995
2020-09-08 09:11:00,0.48605000000000004
2020-09-08 10:11:00,0.41264999999999996
2020-09-08 11:11:00,0.23839
2020-09-08 12:11:00,0.57337
2020-09-08 13:11:00,0.12662
2020-09-08 14:11:00,0.11192
2020-09-08 15:11:00,0.12736
2020-09-08 16:11:00,0.05106
2020-09-08 17:11:00,0.0020800000000000003
2020-09-08 18:11:00,0.0
2020-09-08 19:11:00,0.0
2020-09-08 20:11:00,0.0
2020-09-08 21:11:00,0.0
2020-09-08 22:11:00,0.0
2020-09-08 23:11:00,0.0
2020-09-09 00:11:00,0.0
2020-09-09 01:11:00,0.0
2020-09-09 02:11:00,0.0
2020-09-09 03:11:00,0.0
2020-09-09 04:11:00,0.0
2020-09-09 05:11:00,0.0050999999999999995
2020-09-09 06:11:00,0.05128
2020-09-09 07:11:00,0.12103
2020-09-09 08:11:00,0.50407
2020-09-09 09:11:00,0.471
2020-09-09 10:11:00,0.6940700000000001
2020-09-09 11:11:00,0.59708
2020-09-09 12:11:00,0.38497000000000003
2020-09-09 13:11:00,0.32672
2020-09-09 14:11:00,0.35056
2020-09-09 15:11:00,0.07311
2020-09-09 16:11:00,0.05904
2020-09-09 17:11:00,0.00128
2020-09-09 18:11:00,0.0
2020-09-09 19:11:00,0.0
2020-09-09 20:11:00,0.0
2020-09-09 21:11:00,0.0
2020-09-09 22:11:00,0.0
2020-09-09 23:11:00,0.0
2020-09-10 00:11:00,0.0
2020-09-10 01:11:00,0.0
2020-09-10 02:11:00,0.0
2020-09-10 03:11:00,0.0
2020-09-10 04:11:00,0.0
2020-09-10 05:11:00,0.02164
2020-09-10 06:11:00,0.21775
2020-09-10 07:11:00,0.43356
2020-09-10 08:11:00,0.5216000000000001
2020-09-10 09:11:00,0.41441
2020-09-10 10:11:00,0.38433
2020-09-10 11:11:00,0.48867
2020-09-10 12:11:00,0.37145999999999996
2020-09-10 13:11:00,0.41884
2020-09-10 14:11:00,0.29341
2020-09-10 15:11:00,0.19979
2020-09-10 16:11:00,0.04832
2020-09-10 17:11:00,0.00211
2020-09-10 18:11:00,0.0
2020-09-10 19:11:00,0.0
2020-09-10 20:11:00,0.0
2020-09-10 21:11:00,0.0
2020-09-10 22:11:00,0.0
2020-09-10 23:11:00,0.0
2020-09-11 00:11:00,0.0
2020-09-11 01:11:00,0.0
2020-09-11 02:11:00,0.0
2020-09-11 03:11:00,0.0
2020-09-11 04:11:00,0.0
2020-09-11 05:11:00,0.0017800000000000001
2020-09-11 06:11:00,0.18678999999999998
2020-09-11 07:11:00,0.40182999999999996
2020-09-11 08:11:00,0.56236
2020-09-11 09:11:00,0.68171
2020-09-11 10:11:00,0.73819
2020-09-11 11:11:00,0.7231000000000001
2020-09-11 12:11:00,0.6811
2020-09-11 13:11:00,0.61321
2020-09-11 14:11:00,0.4332
2020-09-11 15:11:00,0.24803
2020-09-11 16:11:00,0.06516
2020-09-11 17:11:00,0.00093
2020-09-11 18:11:00,0.0
2020-09-11 19:11:00,0.0
2020-09-11 20:11:00,0.0
2020-09-11 21:11:00,0.0
2020-09-11 22:11:00,0.0
2020-09-11 23:11:00,0.0
2020-09-12 00:11:00,0.0
2020-09-12 01:11:00,0.0
2020-09-12 02:11:00,0.0
2020-09-12 03:11:00,0.0
2020-09-12 04:11:00,0.0
2020-09-12 05:11:00,0.00958
2020-09-12 06:11:00,0.13733
2020-09-12 07:11:00,0.35219
2020-09-12 08:11:00,0.53949
2020-09-12 09:11:00,0.66862
2020-09-12 10:11:00,0.7299800000000001
2020-09-12 11:11:00,0.74195
2020-09-12 12:11:00,0.69855
2020-09-12 13:11:00,0.6251599999999999
2020-09-12 14:11:00,0.43609
2020-09-12 15:11:00,0.24436000000000002
2020-09-12 16:11:00,0.06186
2020-09-12 17:11:00,0.0
2020-09-12 18:11:00,0.0
2020-09-12 19:11:00,0.0
2020-09-12 20:11:00,0.0
2020-09-12 21:11:00,0.0
2020-09-12 22:11:00,0.0
2020-09-12 23:11:00,0.0
2020-09-13 00:11:00,0.0
2020-09-13 01:11:00,0.0
2020-09-13 02:11:00,0.0
2020-09-13 03:11:00,0.0
2020-09-13 04:11:00,0.0
2020-09-13 05:11:00,0.00647
2020-09-13 06:11:00,0.038439999999999995
2020-09-13 07:11:00,0.25287
2020-09-13 08:11:00,0.38522
2020-09-13 09:11:00,0.43851
2020-09-13 10:11:00,0.60365
2020-09-13 11:11:00,0.7107899999999999
2020-09-13 12:11:00,0.62079
2020-09-13 13:11:00,0.58021
2020-09-13 14:11:00,0.36279
2020-09-13 15:11:00,0.21325999999999998
2020-09-13 16:11:00,0.038689999999999995
2020-09-13 17:11:00,0.0
2020-09-13 18:11:00,0.0
2020-09-13 19:11:00,0.0
2020-09-13 20:11:00,0.0
2020-09-13 21:11:00,0.0
2020-09-13 22:11:00,0.0
2020-09-13 23:11:00,0.0
2020-09-14 00:11:00,0.0
2020-09-14 01:11:00,0.0
2020-09-14 02:11:00,0.0
2020-09-14 03:11:00,0.0
2020-09-14 04:11:00,0.0
2020-09-14 05:11:00,0.01331
2020-09-14 06:11:00,0.17092
2020-09-14 07:11:00,0.38438
2020-09-14 08:11:00,0.54463
2020-09-14 09:11:00,0.65208
2020-09-14 10:11:00,0.6995
2020-09-14 11:11:00,0.6896100000000001
2020-09-14 12:11:00,0.58709
2020-09-14 13:11:00,0.5209900000000001
2020-09-14 14:11:00,0.37195999999999996
2020-09-14 15:11:00,0.19997
2020-09-14 16:11:00,0.055159999999999994
2020-09-14 17:11:00,0.0
2020-09-14 18:11:00,0.0
2020-09-14 19:11:00,0.0
2020-09-14 20:11:00,0.0
2020-09-14 21:11:00,0.0
2020-09-14 22:11:00,0.0
2020-09-14 23:11:00,0.0
2020-09-15 00:11:00,0.0
2020-09-15 01:11:00,0.0
2020-09-15 02:11:00,0.0
2020-09-15 03:11:00,0.0
2020-09-15 04:11:00,0.0
2020-09-15 05:11:00,0.00617
2020-09-15 06:11:00,0.13591
2020-09-15 07:11:00,0.31379
2020-09-15 08:11:00,0.45065
2020-09-15 09:11:00,0.62251
2020-09-15 10:11:00,0.67895
2020-09-15 11:11:00,0.6829500000000001
2020-09-15 12:11:00,0.63203
2020-09-15 13:11:00,0.5767899999999999
2020-09-15 14:11:00,0.40708999999999995
2020-09-15 15:11:00,0.23028
2020-09-15 16:11:00,0.0513
2020-09-15 17:11:00,0.0
2020-09-15 18:11:00,0.0
2020-09-15 19:11:00,0.0
2020-09-15 20:11:00,0.0
2020-09-15 21:11:00,0.0
2020-09-15 22:11:00,0.0
2020-09-15 23:11:00,0.0
2020-09-16 00:11:00,0.0
2020-09-16 01:11:00,0.0
2020-09-16 02:11:00,0.0
2020-09-16 03:11:00,0.0
2020-09-16 04:11:00,0.0
2020-09-16 05:11:00,0.00577
2020-09-16 06:11:00,0.1708
2020-09-16 07:11:00,0.37313
2020-09-16 08:11:00,0.528
2020-09-16 09:11:00,0.63847
2020-09-16 10:11:00,0.6976100000000001
2020-09-16 11:11:00,0.70873
2020-09-16 12:11:00,0.58458
2020-09-16 13:11:00,0.34608999999999995
2020-09-16 14:11:00,0.27749
2020-09-16 15:11:00,0.2214
2020-09-16 16:11:00,0.040159999999999994
2020-09-16 17:11:00,0.0
2020-09-16 18:11:00,0.0
2020-09-16 19:11:00,0.0
2020-09-16 20:11:00,0.0
2020-09-16 21:11:00,0.0
2020-09-16 22:11:00,0.0
2020-09-16 23:11:00,0.0
2020-09-17 00:11:00,0.0
2020-09-17 01:11:00,0.0
2020-09-17 02:11:00,0.0
2020-09-17 03:11:00,0.0
2020-09-17 04:11:00,0.0
2020-09-17 05:11:00,0.00219
2020-09-17 06:11:00,0.1733
2020-09-17 07:11:00,0.38744999999999996
2020-09-17 08:11:00,0.5829500000000001
2020-09-17 09:11:00,0.71656
2020-09-17 10:11:00,0.77362
2020-09-17 11:11:00,0.78574
2020-09-17 12:11:00,0.71835
2020-09-17 13:11:00,0.63587
2020-09-17 14:11:00,0.44912
2020-09-17 15:11:00,0.25226
2020-09-17 16:11:00,0.04955
2020-09-17 17:11:00,0.0
2020-09-17 18:11:00,0.0
2020-09-17 19:11:00,0.0
2020-09-17 20:11:00,0.0
2020-09-17 21:11:00,0.0
2020-09-17 22:11:00,0.0
2020-09-17 23:11:00,0.0
2020-09-18 00:11:00,0.0
2020-09-18 01:11:00,0.0
2020-09-18 02:11:00,0.0
2020-09-18 03:11:00,0.0
2020-09-18 04:11:00,0.0
2020-09-18 05:11:00,0.0053
2020-09-18 06:11:00,0.15696000000000002
2020-09-18 07:11:00,0.38472
2020-09-18 08:11:00,0.5804600000000001
2020-09-18 09:11:00,0.70082
2020-09-18 10:11:00,0.7356900000000001
2020-09-18 11:11:00,0.73981
2020-09-18 12:11:00,0.6762400000000001
2020-09-18 13:11:00,0.60209
2020-09-18 14:11:00,0.43051
2020-09-18 15:11:00,0.24287999999999998
2020-09-18 16:11:00,0.04469
2020-09-18 17:11:00,0.0
2020-09-18 18:11:00,0.0
2020-09-18 19:11:00,0.0
2020-09-18 20:11:00,0.0
2020-09-18 21:11:00,0.0
2020-09-18 22:11:00,0.0
2020-09-18 23:11:00,0.0
2020-09-19 00:11:00,0.0
2020-09-19 01:11:00,0.0
2020-09-19 02:11:00,0.0
2020-09-19 03:11:00,0.0
2020-09-19 04:11:00,0.0
2020-09-19 05:11:00,0.00329
2020-09-19 06:11:00,0.19979
2020-09-19 07:11:00,0.3963
2020-09-19 08:11:00,0.5311699999999999
2020-09-19 09:11:00,0.6064700000000001
2020-09-19 10:11:00,0.65576
2020-09-19 11:11:00,0.69756
2020-09-19 12:11:00,0.62639
2020-09-19 13:11:00,0.52058
2020-09-19 14:11:00,0.29212
2020-09-19 15:11:00,0.14109
2020-09-19 16:11:00,0.015439999999999999
2020-09-19 17:11:00,0.0
2020-09-19 18:11:00,0.0
2020-09-19 19:11:00,0.0
2020-09-19 20:11:00,0.0
2020-09-19 21:11:00,0.0
2020-09-19 22:11:00,0.0
2020-09-19 23:11:00,0.0
2020-09-20 00:11:00,0.0
2020-09-20 01:11:00,0.0
2020-09-20 02:11:00,0.0
2020-09-20 03:11:00,0.0
2020-09-20 04:11:00,0.0
2020-09-20 05:11:00,0.00058
2020-09-20 06:11:00,0.17488
2020-09-20 07:11:00,0.40227999999999997
2020-09-20 08:11:00,0.5724
2020-09-20 09:11:00,0.68996
2020-09-20 10:11:00,0.73624
2020-09-20 11:11:00,0.6917000000000001
2020-09-20 12:11:00,0.6538200000000001
2020-09-20 13:11:00,0.5707000000000001
2020-09-20 14:11:00,0.40949
2020-09-20 15:11:00,0.22591999999999998
2020-09-20 16:11:00,0.03993
2020-09-20 17:11:00,0.0
2020-09-20 18:11:00,0.0
2020-09-20 19:11:00,0.0
2020-09-20 20:11:00,0.0
2020-09-20 21:11:00,0.0
2020-09-20 22:11:00,0.0
2020-09-20 23:11:00,0.0
2020-09-21 00:11:00,0.0
2020-09-21 01:11:00,0.0
2020-09-21 02:11:00,0.0
2020-09-21 03:11:00,0.0
2020-09-21 04:11:00,0.0
2020-09-21 05:11:00,0.0
2020-09-21 06:11:00,0.18059
2020-09-21 07:11:00,0.39657
2020-09-21 08:11:00,0.55841
2020-09-21 09:11:00,0.6700900000000001
2020-09-21 10:11:00,0.72712
2020-09-21 11:11:00,0.7289
2020-09-21 12:11:00,0.67641
2020-09-21 13:11:00,0.56878
2020-09-21 14:11:00,0.40569
2020-09-21 15:11:00,0.21696000000000001
2020-09-21 16:11:00,0.03467
2020-09-21 17:11:00,0.0
2020-09-21 18:11:00,0.0
2020-09-21 19:11:00,0.0
2020-09-21 20:11:00,0.0
2020-09-21 21:11:00,0.0
2020-09-21 22:11:00,0.0
2020-09-21 23:11:00,0.0
2020-09-22 00:11:00,0.0
2020-09-22 01:11:00,0.0
2020-09-22 02:11:00,0.0
2020-09-22 03:11:00,0.0
2020-09-22 04:11:00,0.0
2020-09-22 05:11:00,0.0
2020-09-22 06:11:00,0.15466999999999997
2020-09-22 07:11:00,0.38036000000000003
2020-09-22 08:11:00,0.54567
2020-09-22 09:11:00,0.65332
2020-09-22 10:11:00,0.70725
2020-09-22 11:11:00,0.7139
2020-09-22 12:11:00,0.66555
2020-09-22 13:11:00,0.56
2020-09-22 14:11:00,0.40297000000000005
2020-09-22 15:11:00,0.17466
2020-09-22 16:11:00,0.03675
2020-09-22 17:11:00,0.0
2020-09-22 18:11:00,0.0
2020-09-22 19:11:00,0.0
2020-09-22 20:11:00,0.0
2020-09-22 21:11:00,0.0
2020-09-22 22:11:00,0.0
2020-09-22 23:11:00,0.0
2020-09-23 00:11:00,0.0
2020-09-23 01:11:00,0.0
2020-09-23 02:11:00,0.0
2020-09-23 03:11:00,0.0
2020-09-23 04:11:00,0.0
2020-09-23 05:11:00,0.0
2020-09-23 06:11:00,0.14698
2020-09-23 07:11:00,0.33891000000000004
2020-09-23 08:11:00,0.46905
2020-09-23 09:11:00,0.51104
2020-09-23 10:11:00,0.66475
2020-09-23 11:11:00,0.64783
2020-09-23 12:11:00,0.52058
2020-09-23 13:11:00,0.519
2020-09-23 14:11:00,0.37025
2020-09-23 15:11:00,0.13446
2020-09-23 16:11:00,0.03376
2020-09-23 17:11:00,0.0
2020-09-23 18:11:00,0.0
2020-09-23 19:11:00,0.0
2020-09-23 20:11:00,0.0
2020-09-23 21:11:00,0.0
2020-09-23 22:11:00,0.0
2020-09-23 23:11:00,0.0
2020-09-24 00:11:00,0.0
2020-09-24 01:11:00,0.0
2020-09-24 02:11:00,0.0
2020-09-24 03:11:00,0.0
2020-09-24 04:11:00,0.0
2020-09-24 05:11:00,0.0
2020-09-24 06:11:00,0.00215
2020-09-24 07:11:00,0.31641
2020-09-24 08:11:00,0.23552
2020-09-24 09:11:00,0.20485
2020-09-24 10:11:00,0.33820999999999996
2020-09-24 11:11:00,0.22161
2020-09-24 12:11:00,0.55945
2020-09-24 13:11:00,0.40012000000000003
2020-09-24 14:11:00,0.19736
2020-09-24 15:11:00,0.09117
2020-09-24 16:11:00,0.02457
2020-09-24 17:11:00,0.0
2020-09-24 18:11:00,0.0
2020-09-24 19:11:00,0.0
2020-09-24 20:11:00,0.0
2020-09-24 21:11:00,0.0
2020-09-24 22:11:00,0.0
2020-09-24 23:11:00,0.0
2020-09-25 00:11:00,0.0
2020-09-25 01:11:00,0.0
2020-09-25 02:11:00,0.0
2020-09-25 03:11:00,0.0
2020-09-25 04:11:00,0.0
2020-09-25 05:11:00,0.0
2020-09-25 06:11:00,0.005719999999999999
2020-09-25 07:11:00,0.01988
2020-09-25 08:11:00,0.03283
2020-09-25 09:11:00,0.061770000000000005
2020-09-25 10:11:00,0.06615
2020-09-25 11:11:00,0.07962000000000001
2020-09-25 12:11:00,0.05797
2020-09-25 13:11:00,0.04993
2020-09-25 14:11:00,0.14569
2020-09-25 15:11:00,0.1685
2020-09-25 16:11:00,0.032299999999999995
2020-09-25 17:11:00,0.0
2020-09-25 18:11:00,0.0
2020-09-25 19:11:00,0.0
2020-09-25 20:11:00,0.0
2020-09-25 21:11:00,0.0
2020-09-25 22:11:00,0.0
2020-09-25 23:11:00,0.0
2020-09-26 00:11:00,0.0
2020-09-26 01:11:00,0.0
2020-09-26 02:11:00,0.0
2020-09-26 03:11:00,0.0
2020-09-26 04:11:00,0.0
2020-09-26 05:11:00,0.0
2020-09-26 06:11:00,0.00636
2020-09-26 07:11:00,0.02223
2020-09-26 08:11:00,0.047310000000000005
2020-09-26 09:11:00,0.07447
2020-09-26 10:11:00,0.07061
2020-09-26 11:11:00,0.05102
2020-09-26 12:11:00,0.04512
2020-09-26 13:11:00,0.045899999999999996
2020-09-26 14:11:00,0.024329999999999997
2020-09-26 15:11:00,0.0053
2020-09-26 16:11:00,0.01514
2020-09-26 17:11:00,0.0
2020-09-26 18:11:00,0.0
2020-09-26 19:11:00,0.0
2020-09-26 20:11:00,0.0
2020-09-26 21:11:00,0.0
2020-09-26 22:11:00,0.0
2020-09-26 23:11:00,0.0
2020-09-27 00:11:00,0.0
2020-09-27 01:11:00,0.0
2020-09-27 02:11:00,0.0
2020-09-27 03:11:00,0.0
2020-09-27 04:11:00,0.0
2020-09-27 05:11:00,0.0
2020-09-27 06:11:00,0.01443
2020-09-27 07:11:00,0.054200000000000005
2020-09-27 08:11:00,0.11209000000000001
2020-09-27 09:11:00,0.53625
2020-09-27 10:11:00,0.21149
2020-09-27 11:11:00,0.24106
2020-09-27 12:11:00,0.18067
2020-09-27 13:11:00,0.06041
2020-09-27 14:11:00,0.044219999999999995
2020-09-27 15:11:00,0.01464
2020-09-27 16:11:00,0.00467
2020-09-27 17:11:00,0.0
2020-09-27 18:11:00,0.0
2020-09-27 19:11:00,0.0
2020-09-27 20:11:00,0.0
2020-09-27 21:11:00,0.0
2020-09-27 22:11:00,0.0
2020-09-27 23:11:00,0.0
2020-09-28 00:11:00,0.0
2020-09-28 01:11:00,0.0
2020-09-28 02:11:00,0.0
2020-09-28 03:11:00,0.0
2020-09-28 04:11:00,0.0
2020-09-28 05:11:00,0.0
2020-09-28 06:11:00,0.14054
2020-09-28 07:11:00,0.39014
2020-09-28 08:11:00,0.57192
2020-09-28 09:11:00,0.68702
2020-09-28 10:11:00,0.72015
2020-09-28 11:11:00,0.6474099999999999
2020-09-28 12:11:00,0.58487
2020-09-28 13:11:00,0.41941
2020-09-28 14:11:00,0.34316
2020-09-28 15:11:00,0.07712000000000001
2020-09-28 16:11:00,0.016390000000000002
2020-09-28 17:11:00,0.0
2020-09-28 18:11:00,0.0
2020-09-28 19:11:00,0.0
2020-09-28 20:11:00,0.0
2020-09-28 21:11:00,0.0
2020-09-28 22:11:00,0.0
2020-09-28 23:11:00,0.0
2020-09-29 00:11:00,0.0
2020-09-29 01:11:00,0.0
2020-09-29 02:11:00,0.0
2020-09-29 03:11:00,0.0
2020-09-29 04:11:00,0.0
2020-09-29 05:11:00,0.0
2020-09-29 06:11:00,0.030379999999999997
2020-09-29 07:11:00,0.12387000000000001
2020-09-29 08:11:00,0.09518
2020-09-29 09:11:00,0.12529
2020-09-29 10:11:00,0.48869999999999997
2020-09-29 11:11:00,0.66916
2020-09-29 12:11:00,0.19438
2020-09-29 13:11:00,0.46067
2020-09-29 14:11:00,0.38219
2020-09-29 15:11:00,0.0883
2020-09-29 16:11:00,0.01457
2020-09-29 17:11:00,0.0
2020-09-29 18:11:00,0.0
2020-09-29 19:11:00,0.0
2020-09-29 20:11:00,0.0
2020-09-29 21:11:00,0.0
2020-09-29 22:11:00,0.0
2020-09-29 23:11:00,0.0
2020-09-30 00:11:00,0.0
2020-09-30 01:11:00,0.0
2020-09-30 02:11:00,0.0
2020-09-30 03:11:00,0.0
2020-09-30 04:11:00,0.0
2020-09-30 05:11:00,0.0
2020-09-30 06:11:00,0.15056
2020-09-30 07:11:00,0.37486
2020-09-30 08:11:00,0.54176
2020-09-30 09:11:00,0.64677
2020-09-30 10:11:00,0.69153
2020-09-30 11:11:00,0.6913400000000001
2020-09-30 12:11:00,0.6226900000000001
2020-09-30 13:11:00,0.46253
2020-09-30 14:11:00,0.34856
2020-09-30 15:11:00,0.16998
2020-09-30 16:11:00,0.01377
2020-09-30 17:11:00,0.0
2020-09-30 18:11:00,0.0
2020-09-30 19:11:00,0.0
2020-09-30 20:11:00,0.0
2020-09-30 21:11:00,0.0
2020-09-30 22:11:00,0.0
2020-09-30 23:11:00,0.0
2020-10-01 00:11:00,0.0
2020-10-01 01:11:00,0.0
2020-10-01 02:11:00,0.0
2020-10-01 03:11:00,0.0
2020-10-01 04:11:00,0.0
2020-10-01 05:11:00,0.0
2020-10-01 06:11:00,0.04962
2020-10-01 07:11:00,0.10840000000000001
2020-10-01 08:11:00,0.17299
2020-10-01 09:11:00,0.23885
2020-10-01 10:11:00,0.67011
2020-10-01 11:11:00,0.66743
2020-10-01 12:11:00,0.55779
2020-10-01 13:11:00,0.51387
2020-10-01 14:11:00,0.21105000000000002
2020-10-01 15:11:00,0.15822999999999998
2020-10-01 16:11:00,0.01017
2020-10-01 17:11:00,0.0
2020-10-01 18:11:00,0.0
2020-10-01 19:11:00,0.0
2020-10-01 20:11:00,0.0
2020-10-01 21:11:00,0.0
2020-10-01 22:11:00,0.0
2020-10-01 23:11:00,0.0
2020-10-02 00:11:00,0.0
2020-10-02 01:11:00,0.0
2020-10-02 02:11:00,0.0
2020-10-02 03:11:00,0.0
2020-10-02 04:11:00,0.0
2020-10-02 05:11:00,0.0
2020-10-02 06:11:00,0.0129
2020-10-02 07:11:00,0.04675
2020-10-02 08:11:00,0.07709999999999999
2020-10-02 09:11:00,0.08721
2020-10-02 10:11:00,0.14579
2020-10-02 11:11:00,0.11505
2020-10-02 12:11:00,0.35719
2020-10-02 13:11:00,0.15815
2020-10-02 14:11:00,0.06236
2020-10-02 15:11:00,0.08781
2020-10-02 16:11:00,0.01103
2020-10-02 17:11:00,0.0
2020-10-02 18:11:00,0.0
2020-10-02 19:11:00,0.0
2020-10-02 20:11:00,0.0
2020-10-02 21:11:00,0.0
2020-10-02 22:11:00,0.0
2020-10-02 23:11:00,0.0
2020-10-03 00:11:00,0.0
2020-10-03 01:11:00,0.0
2020-10-03 02:11:00,0.0
2020-10-03 03:11:00,0.0
2020-10-03 04:11:00,0.0
2020-10-03 05:11:00,0.0
2020-10-03 06:11:00,0.02515
2020-10-03 07:11:00,0.30771
2020-10-03 08:11:00,0.54252
2020-10-03 09:11:00,0.65066
2020-10-03 10:11:00,0.57996
2020-10-03 11:11:00,0.7033200000000001
2020-10-03 12:11:00,0.63664
2020-10-03 13:11:00,0.31889999999999996
2020-10-03 14:11:00,0.18238
2020-10-03 15:11:00,0.05988
2020-10-03 16:11:00,0.00598
2020-10-03 17:11:00,0.0
2020-10-03 18:11:00,0.0
2020-10-03 19:11:00,0.0
2020-10-03 20:11:00,0.0
2020-10-03 21:11:00,0.0
2020-10-03 22:11:00,0.0
2020-10-03 23:11:00,0.0
2020-10-04 00:11:00,0.0
2020-10-04 01:11:00,0.0
2020-10-04 02:11:00,0.0
2020-10-04 03:11:00,0.0
2020-10-04 04:11:00,0.0
2020-10-04 05:11:00,0.0
2020-10-04 06:11:00,0.13962
2020-10-04 07:11:00,0.35449
2020-10-04 08:11:00,0.5252
2020-10-04 09:11:00,0.67244
2020-10-04 10:11:00,0.71009
2020-10-04 11:11:00,0.71111
2020-10-04 12:11:00,0.26176
2020-10-04 13:11:00,0.047
2020-10-04 14:11:00,0.0593
2020-10-04 15:11:00,0.08034999999999999
2020-10-04 16:11:00,0.00392
2020-10-04 17:11:00,0.0
2020-10-04 18:11:00,0.0
2020-10-04 19:11:00,0.0
2020-10-04 20:11:00,0.0
2020-10-04 21:11:00,0.0
2020-10-04 22:11:00,0.0
2020-10-04 23:11:00,0.0
2020-10-05 00:11:00,0.0
2020-10-05 01:11:00,0.0
2020-10-05 02:11:00,0.0
2020-10-05 03:11:00,0.0
2020-10-05 04:11:00,0.0
2020-10-05 05:11:00,0.0
2020-10-05 06:11:00,0.00136
2020-10-05 07:11:00,0.05128
2020-10-05 08:11:00,0.07407
2020-10-05 09:11:00,0.05291
2020-10-05 10:11:00,0.06154
2020-10-05 11:11:00,0.05335
2020-10-05 12:11:00,0.05128
2020-10-05 13:11:00,0.11386
2020-10-05 14:11:00,0.03563
2020-10-05 15:11:00,0.02187
2020-10-05 16:11:00,0.00177
2020-10-05 17:11:00,0.0
2020-10-05 18:11:00,0.0
2020-10-05 19:11:00,0.0
2020-10-05 20:11:00,0.0
2020-10-05 21:11:00,0.0
2020-10-05 22:11:00,0.0
2020-10-05 23:11:00,0.0
2020-10-06 00:11:00,0.0
2020-10-06 01:11:00,0.0
2020-10-06 02:11:00,0.0
2020-10-06 03:11:00,0.0
2020-10-06 04:11:00,0.0
2020-10-06 05:11:00,0.0
2020-10-06 06:11:00,0.14946
2020-10-06 07:11:00,0.33053
2020-10-06 08:11:00,0.21436000000000002
2020-10-06 09:11:00,0.11982
2020-10-06 10:11:00,0.09609999999999999
2020-10-06 11:11:00,0.07578
2020-10-06 12:11:00,0.19125999999999999
2020-10-06 13:11:00,0.08766
2020-10-06 14:11:00,0.09265000000000001
2020-10-06 15:11:00,0.04289
2020-10-06 16:11:00,0.0016799999999999999
2020-10-06 17:11:00,0.0
2020-10-06 18:11:00,0.0
2020-10-06 19:11:00,0.0
2020-10-06 20:11:00,0.0
2020-10-06 21:11:00,0.0
2020-10-06 22:11:00,0.0
2020-10-06 23:11:00,0.0
2020-10-07 00:11:00,0.0
2020-10-07 01:11:00,0.0
2020-10-07 02:11:00,0.0
2020-10-07 03:11:00,0.0
2020-10-07 04:11:00,0.0
2020-10-07 05:11:00,0.0
2020-10-07 06:11:00,0.062200000000000005
2020-10-07 07:11:00,0.18644999999999998
2020-10-07 08:11:00,0.50466
2020-10-07 09:11:00,0.38132
2020-10-07 10:11:00,0.032100000000000004
2020-10-07 11:11:00,0.23959
2020-10-07 12:11:00,0.46624
2020-10-07 13:11:00,0.10002
2020-10-07 14:11:00,0.06038
2020-10-07 15:11:00,0.16136
2020-10-07 16:11:00,0.0
2020-10-07 17:11:00,0.0
2020-10-07 18:11:00,0.0
2020-10-07 19:11:00,0.0
2020-10-07 20:11:00,0.0
2020-10-07 21:11:00,0.0
2020-10-07 22:11:00,0.0
2020-10-07 23:11:00,0.0
2020-10-08 00:11:00,0.0
2020-10-08 01:11:00,0.0
2020-10-08 02:11:00,0.0
2020-10-08 03:11:00,0.0
2020-10-08 04:11:00,0.0
2020-10-08 05:11:00,0.0
2020-10-08 06:11:00,0.03454
2020-10-08 07:11:00,0.34743999999999997
2020-10-08 08:11:00,0.5106
2020-10-08 09:11:00,0.18874000000000002
2020-10-08 10:11:00,0.55022
2020-10-08 11:11:00,0.13942
2020-10-08 12:11:00,0.09408
2020-10-08 13:11:00,0.10272
2020-10-08 14:11:00,0.032159999999999994
2020-10-08 15:11:00,0.00912
2020-10-08 16:11:00,0.0
2020-10-08 17:11:00,0.0
2020-10-08 18:11:00,0.0
2020-10-08 19:11:00,0.0
2020-10-08 20:11:00,0.0
2020-10-08 21:11:00,0.0
2020-10-08 22:11:00,0.0
2020-10-08 23:11:00,0.0
2020-10-09 00:11:00,0.0
2020-10-09 01:11:00,0.0
2020-10-09 02:11:00,0.0
2020-10-09 03:11:00,0.0
2020-10-09 04:11:00,0.0
2020-10-09 05:11:00,0.0
2020-10-09 06:11:00,0.02561
2020-10-09 07:11:00,0.11019
2020-10-09 08:11:00,0.34861000000000003
2020-10-09 09:11:00,0.15184
2020-10-09 10:11:00,0.05065
2020-10-09 11:11:00,0.08156000000000001
2020-10-09 12:11:00,0.04975
2020-10-09 13:11:00,0.044700000000000004
2020-10-09 14:11:00,0.05955
2020-10-09 15:11:00,0.02588
2020-10-09 16:11:00,0.0
2020-10-09 17:11:00,0.0
2020-10-09 18:11:00,0.0
2020-10-09 19:11:00,0.0
2020-10-09 20:11:00,0.0
2020-10-09 21:11:00,0.0
2020-10-09 22:11:00,0.0
2020-10-09 23:11:00,0.0
2020-10-10 00:11:00,0.0
2020-10-10 01:11:00,0.0
2020-10-10 02:11:00,0.0
2020-10-10 03:11:00,0.0
2020-10-10 04:11:00,0.0
2020-10-10 05:11:00,0.0
2020-10-10 06:11:00,0.00642
2020-10-10 07:11:00,0.23331
2020-10-10 08:11:00,0.08548
2020-10-10 09:11:00,0.15716999999999998
2020-10-10 10:11:00,0.25911
2020-10-10 11:11:00,0.3943
2020-10-10 12:11:00,0.26283
2020-10-10 13:11:00,0.20386
2020-10-10 14:11:00,0.24543
2020-10-10 15:11:00,0.08847
2020-10-10 16:11:00,0.0
2020-10-10 17:11:00,0.0
2020-10-10 18:11:00,0.0
2020-10-10 19:11:00,0.0
2020-10-10 20:11:00,0.0
2020-10-10 21:11:00,0.0
2020-10-10 22:11:00,0.0
2020-10-10 23:11:00,0.0
2020-10-11 00:11:00,0.0
2020-10-11 01:11:00,0.0
2020-10-11 02:11:00,0.0
2020-10-11 03:11:00,0.0
2020-10-11 04:11:00,0.0
2020-10-11 05:11:00,0.0
2020-10-11 06:11:00,0.10867
2020-10-11 07:11:00,0.38647000000000004
2020-10-11 08:11:00,0.40192
2020-10-11 09:11:00,0.07714
2020-10-11 10:11:00,0.02993
2020-10-11 11:11:00,0.13519
2020-10-11 12:11:00,0.0
2020-10-11 13:11:00,0.01746
2020-10-11 14:11:00,0.08712
2020-10-11 15:11:00,0.0659
2020-10-11 16:11:00,0.0
2020-10-11 17:11:00,0.0
2020-10-11 18:11:00,0.0
2020-10-11 19:11:00,0.0
2020-10-11 20:11:00,0.0
2020-10-11 21:11:00,0.0
2020-10-11 22:11:00,0.0
2020-10-11 23:11:00,0.0
2020-10-12 00:11:00,0.0
2020-10-12 01:11:00,0.0
2020-10-12 02:11:00,0.0
2020-10-12 03:11:00,0.0
2020-10-12 04:11:00,0.0
2020-10-12 05:11:00,0.0
2020-10-12 06:11:00,0.16338999999999998
2020-10-12 07:11:00,0.23213999999999999
2020-10-12 08:11:00,0.28557
2020-10-12 09:11:00,0.07321
2020-10-12 10:11:00,0.11423
2020-10-12 11:11:00,0.35601
2020-10-12 12:11:00,0.2855
2020-10-12 13:11:00,0.099
2020-10-12 14:11:00,0.11147
2020-10-12 15:11:00,0.13427
2020-10-12 16:11:00,0.0
2020-10-12 17:11:00,0.0
2020-10-12 18:11:00,0.0
2020-10-12 19:11:00,0.0
2020-10-12 20:11:00,0.0
2020-10-12 21:11:00,0.0
2020-10-12 22:11:00,0.0
2020-10-12 23:11:00,0.0
2020-10-13 00:11:00,0.0
2020-10-13 01:11:00,0.0
2020-10-13 02:11:00,0.0
2020-10-13 03:11:00,0.0
2020-10-13 04:11:00,0.0
2020-10-13 05:11:00,0.0
2020-10-13 06:11:00,0.06425
2020-10-13 07:11:00,0.26542
2020-10-13 08:11:00,0.40213
2020-10-13 09:11:00,0.61288
2020-10-13 10:11:00,0.41264
2020-10-13 11:11:00,0.26538
2020-10-13 12:11:00,0.2758
2020-10-13 13:11:00,0.14762999999999998
2020-10-13 14:11:00,0.04258
2020-10-13 15:11:00,0.037899999999999996
2020-10-13 16:11:00,0.0
2020-10-13 17:11:00,0.0
2020-10-13 18:11:00,0.0
2020-10-13 19:11:00,0.0
2020-10-13 20:11:00,0.0
2020-10-13 21:11:00,0.0
2020-10-13 22:11:00,0.0
2020-10-13 23:11:00,0.0
2020-10-14 00:11:00,0.0
2020-10-14 01:11:00,0.0
2020-10-14 02:11:00,0.0
2020-10-14 03:11:00,0.0
2020-10-14 04:11:00,0.0
2020-10-14 05:11:00,0.0
2020-10-14 06:11:00,0.02223
2020-10-14 07:11:00,0.0075899999999999995
2020-10-14 08:11:00,0.0688
2020-10-14 09:11:00,0.06645000000000001
2020-10-14 10:11:00,0.07182
2020-10-14 11:11:00,0.06570000000000001
2020-10-14 12:11:00,0.05958
2020-10-14 13:11:00,0.05278
2020-10-14 14:11:00,0.04531
2020-10-14 15:11:00,0.018269999999999998
2020-10-14 16:11:00,0.0
2020-10-14 17:11:00,0.0
2020-10-14 18:11:00,0.0
2020-10-14 19:11:00,0.0
2020-10-14 20:11:00,0.0
2020-10-14 21:11:00,0.0
2020-10-14 22:11:00,0.0
2020-10-14 23:11:00,0.0
2020-10-15 00:11:00,0.0
2020-10-15 01:11:00,0.0
2020-10-15 02:11:00,0.0
2020-10-15 03:11:00,0.0
2020-10-15 04:11:00,0.0
2020-10-15 05:11:00,0.0
2020-10-15 06:11:00,0.0155
2020-10-15 07:11:00,0.10699
2020-10-15 08:11:00,0.01366
2020-10-15 09:11:00,0.02361
2020-10-15 10:11:00,0.03271
2020-10-15 11:11:00,0.027010000000000003
2020-10-15 12:11:00,0.01748
2020-10-15 13:11:00,0.01746
2020-10-15 14:11:00,0.02282
2020-10-15 15:11:00,0.024329999999999997
2020-10-15 16:11:00,0.0
2020-10-15 17:11:00,0.0
2020-10-15 18:11:00,0.0
2020-10-15 19:11:00,0.0
2020-10-15 20:11:00,0.0
2020-10-15 21:11:00,0.0
2020-10-15 22:11:00,0.0
2020-10-15 23:11:00,0.0
2020-10-16 00:11:00,0.0
2020-10-16 01:11:00,0.0
2020-10-16 02:11:00,0.0
2020-10-16 03:11:00,0.0
2020-10-16 04:11:00,0.0
2020-10-16 05:11:00,0.0
2020-10-16 06:11:00,0.00537
2020-10-16 07:11:00,0.11083
2020-10-16 08:11:00,0.45239999999999997
2020-10-16 09:11:00,0.38402
2020-10-16 10:11:00,0.19606
2020-10-16 11:11:00,0.11095000000000001
2020-10-16 12:11:00,0.05754
2020-10-16 13:11:00,0.05233
2020-10-16 14:11:00,0.02087
2020-10-16 15:11:00,0.019350000000000003
2020-10-16 16:11:00,0.0
2020-10-16 17:11:00,0.0
2020-10-16 18:11:00,0.0
2020-10-16 19:11:00,0.0
2020-10-16 20:11:00,0.0
2020-10-16 21:11:00,0.0
2020-10-16 22:11:00,0.0
2020-10-16 23:11:00,0.0
2020-10-17 00:11:00,0.0
2020-10-17 01:11:00,0.0
2020-10-17 02:11:00,0.0
2020-10-17 03:11:00,0.0
2020-10-17 04:11:00,0.0
2020-10-17 05:11:00,0.0
2020-10-17 06:11:00,0.00185
2020-10-17 07:11:00,0.09279000000000001
2020-10-17 08:11:00,0.26833999999999997
2020-10-17 09:11:00,0.44111
2020-10-17 10:11:00,0.5425399999999999
2020-10-17 11:11:00,0.32963
2020-10-17 12:11:00,0.15680000000000002
2020-10-17 13:11:00,0.07095
2020-10-17 14:11:00,0.08159000000000001
2020-10-17 15:11:00,0.03557
2020-10-17 16:11:00,0.0
2020-10-17 17:11:00,0.0
2020-10-17 18:11:00,0.0
2020-10-17 19:11:00,0.0
2020-10-17 20:11:00,0.0
2020-10-17 21:11:00,0.0
2020-10-17 22:11:00,0.0
2020-10-17 23:11:00,0.0
2020-10-18 00:11:00,0.0
2020-10-18 01:11:00,0.0
2020-10-18 02:11:00,0.0
2020-10-18 03:11:00,0.0
2020-10-18 04:11:00,0.0
2020-10-18 05:11:00,0.0
2020-10-18 06:11:00,0.00328
2020-10-18 07:11:00,0.03593
2020-10-18 08:11:00,0.13608
2020-10-18 09:11:00,0.08215
2020-10-18 10:11:00,0.09214
2020-10-18 11:11:00,0.04096
2020-10-18 12:11:00,0.048299999999999996
2020-10-18 13:11:00,0.06111
2020-10-18 14:11:00,0.01564
2020-10-18 15:11:00,0.01957
2020-10-18 16:11:00,0.0
2020-10-18 17:11:00,0.0
2020-10-18 18:11:00,0.0
2020-10-18 19:11:00,0.0
2020-10-18 20:11:00,0.0
2020-10-18 21:11:00,0.0
2020-10-18 22:11:00,0.0
2020-10-18 23:11:00,0.0
2020-10-19 00:11:00,0.0
2020-10-19 01:11:00,0.0
2020-10-19 02:11:00,0.0
2020-10-19 03:11:00,0.0
2020-10-19 04:11:00,0.0
2020-10-19 05:11:00,0.0
2020-10-19 06:11:00,0.02479
2020-10-19 07:11:00,0.17133
2020-10-19 08:11:00,0.10859
2020-10-19 09:11:00,0.07704000000000001
2020-10-19 10:11:00,0.50313
2020-10-19 11:11:00,0.033350000000000005
2020-10-19 12:11:00,0.03327
2020-10-19 13:11:00,0.0332
2020-10-19 14:11:00,0.016739999999999998
2020-10-19 15:11:00,0.01807
2020-10-19 16:11:00,0.0
2020-10-19 17:11:00,0.0
2020-10-19 18:11:00,0.0
2020-10-19 19:11:00,0.0
2020-10-19 20:11:00,0.0
2020-10-19 21:11:00,0.0
2020-10-19 22:11:00,0.0
2020-10-19 23:11:00,0.0
2020-10-20 00:11:00,0.0
2020-10-20 01:11:00,0.0
2020-10-20 02:11:00,0.0
2020-10-20 03:11:00,0.0
2020-10-20 04:11:00,0.0
2020-10-20 05:11:00,0.0
2020-10-20 06:11:00,0.0
2020-10-20 07:11:00,0.07601999999999999
2020-10-20 08:11:00,0.04949
2020-10-20 09:11:00,0.20307
2020-10-20 10:11:00,0.10862999999999999
2020-10-20 11:11:00,0.40726
2020-10-20 12:11:00,0.35431999999999997
2020-10-20 13:11:00,0.27618
2020-10-20 14:11:00,0.09702
2020-10-20 15:11:00,0.03486
2020-10-20 16:11:00,0.0
2020-10-20 17:11:00,0.0
2020-10-20 18:11:00,0.0
2020-10-20 19:11:00,0.0
2020-10-20 20:11:00,0.0
2020-10-20 21:11:00,0.0
2020-10-20 22:11:00,0.0
2020-10-20 23:11:00,0.0
2020-10-21 00:11:00,0.0
2020-10-21 01:11:00,0.0
2020-10-21 02:11:00,0.0
2020-10-21 03:11:00,0.0
2020-10-21 04:11:00,0.0
2020-10-21 05:11:00,0.0
2020-10-21 06:11:00,0.00023
2020-10-21 07:11:00,0.00993
2020-10-21 08:11:00,0.02631
2020-10-21 09:11:00,0.14154
2020-10-21 10:11:00,0.08383
2020-10-21 11:11:00,0.0577
2020-10-21 12:11:00,0.041229999999999996
2020-10-21 13:11:00,0.03685
2020-10-21 14:11:00,0.0312
2020-10-21 15:11:00,0.00731
2020-10-21 16:11:00,0.0
2020-10-21 17:11:00,0.0
2020-10-21 18:11:00,0.0
2020-10-21 19:11:00,0.0
2020-10-21 20:11:00,0.0
2020-10-21 21:11:00,0.0
2020-10-21 22:11:00,0.0
2020-10-21 23:11:00,0.0
2020-10-22 00:11:00,0.0
2020-10-22 01:11:00,0.0
2020-10-22 02:11:00,0.0
2020-10-22 03:11:00,0.0
2020-10-22 04:11:00,0.0
2020-10-22 05:11:00,0.0
2020-10-22 06:11:00,0.03031
2020-10-22 07:11:00,0.05392
2020-10-22 08:11:00,0.35754
2020-10-22 09:11:00,0.16688
2020-10-22 10:11:00,0.62281
2020-10-22 11:11:00,0.06703
2020-10-22 12:11:00,0.08937
2020-10-22 13:11:00,0.03885
2020-10-22 14:11:00,0.22122
2020-10-22 15:11:00,0.06174
2020-10-22 16:11:00,0.0
2020-10-22 17:11:00,0.0
2020-10-22 18:11:00,0.0
2020-10-22 19:11:00,0.0
2020-10-22 20:11:00,0.0
2020-10-22 21:11:00,0.0
2020-10-22 22:11:00,0.0
2020-10-22 23:11:00,0.0
2020-10-23 00:11:00,0.0
2020-10-23 01:11:00,0.0
2020-10-23 02:11:00,0.0
2020-10-23 03:11:00,0.0
2020-10-23 04:11:00,0.0
2020-10-23 05:11:00,0.0
2020-10-23 06:11:00,0.0
2020-10-23 07:11:00,0.01598
2020-10-23 08:11:00,0.19858
2020-10-23 09:11:00,0.05702
2020-10-23 10:11:00,0.17806
2020-10-23 11:11:00,0.046450000000000005
2020-10-23 12:11:00,0.02677
2020-10-23 13:11:00,0.02145
2020-10-23 14:11:00,0.0249
2020-10-23 15:11:00,0.02148
2020-10-23 16:11:00,0.0
2020-10-23 17:11:00,0.0
2020-10-23 18:11:00,0.0
2020-10-23 19:11:00,0.0
2020-10-23 20:11:00,0.0
2020-10-23 21:11:00,0.0
2020-10-23 22:11:00,0.0
2020-10-23 23:11:00,0.0
2020-10-24 00:11:00,0.0
2020-10-24 01:11:00,0.0
2020-10-24 02:11:00,0.0
2020-10-24 03:11:00,0.0
2020-10-24 04:11:00,0.0
2020-10-24 05:11:00,0.0
2020-10-24 06:11:00,0.0013700000000000001
2020-10-24 07:11:00,0.28216
2020-10-24 08:11:00,0.47217000000000003
2020-10-24 09:11:00,0.6049
2020-10-24 10:11:00,0.6214299999999999
2020-10-24 11:11:00,0.49455
2020-10-24 12:11:00,0.07046
2020-10-24 13:11:00,0.20445
2020-10-24 14:11:00,0.27499
2020-10-24 15:11:00,0.01523
2020-10-24 16:11:00,0.0
2020-10-24 17:11:00,0.0
2020-10-24 18:11:00,0.0
2020-10-24 19:11:00,0.0
2020-10-24 20:11:00,0.0
2020-10-24 21:11:00,0.0
2020-10-24 22:11:00,0.0
2020-10-24 23:11:00,0.0
2020-10-25 00:11:00,0.0
2020-10-25 01:11:00,0.0
2020-10-25 02:11:00,0.0
2020-10-25 03:11:00,0.0
2020-10-25 04:11:00,0.0
2020-10-25 05:11:00,0.0
2020-10-25 06:11:00,0.0
2020-10-25 07:11:00,0.25392
2020-10-25 08:11:00,0.4208
2020-10-25 09:11:00,0.4793
2020-10-25 10:11:00,0.66704
2020-10-25 11:11:00,0.64078
2020-10-25 12:11:00,0.5309299999999999
2020-10-25 13:11:00,0.26297000000000004
2020-10-25 14:11:00,0.20075
2020-10-25 15:11:00,0.05076
2020-10-25 16:11:00,0.0
2020-10-25 17:11:00,0.0
2020-10-25 18:11:00,0.0
2020-10-25 19:11:00,0.0
2020-10-25 20:11:00,0.0
2020-10-25 21:11:00,0.0
2020-10-25 22:11:00,0.0
2020-10-25 23:11:00,0.0
2020-10-26 00:11:00,0.0
2020-10-26 01:11:00,0.0
2020-10-26 02:11:00,0.0
2020-10-26 03:11:00,0.0
2020-10-26 04:11:00,0.0
2020-10-26 05:11:00,0.0
2020-10-26 06:11:00,0.0
2020-10-26 07:11:00,0.0047599999999999995
2020-10-26 08:11:00,0.02486
2020-10-26 09:11:00,0.03599
2020-10-26 10:11:00,0.08491
2020-10-26 11:11:00,0.45336000000000004
2020-10-26 12:11:00,0.12011
2020-10-26 13:11:00,0.0314
2020-10-26 14:11:00,0.01216
2020-10-26 15:11:00,0.00366
2020-10-26 16:11:00,0.0
2020-10-26 17:11:00,0.0
2020-10-26 18:11:00,0.0
2020-10-26 19:11:00,0.0
2020-10-26 20:11:00,0.0
2020-10-26 21:11:00,0.0
2020-10-26 22:11:00,0.0
2020-10-26 23:11:00,0.0
2020-10-27 00:11:00,0.0
2020-10-27 01:11:00,0.0
2020-10-27 02:11:00,0.0
2020-10-27 03:11:00,0.0
2020-10-27 04:11:00,0.0
2020-10-27 05:11:00,0.0
2020-10-27 06:11:00,0.0
2020-10-27 07:11:00,0.04223
2020-10-27 08:11:00,0.16119
2020-10-27 09:11:00,0.06405
2020-10-27 10:11:00,0.22540000000000002
2020-10-27 11:11:00,0.59748
2020-10-27 12:11:00,0.013550000000000001
2020-10-27 13:11:00,0.07557
2020-10-27 14:11:00,0.11597
2020-10-27 15:11:00,0.016329999999999997
2020-10-27 16:11:00,0.0
2020-10-27 17:11:00,0.0
2020-10-27 18:11:00,0.0
2020-10-27 19:11:00,0.0
2020-10-27 20:11:00,0.0
2020-10-27 21:11:00,0.0
2020-10-27 22:11:00,0.0
2020-10-27 23:11:00,0.0
2020-10-28 00:11:00,0.0
2020-10-28 01:11:00,0.0
2020-10-28 02:11:00,0.0
2020-10-28 03:11:00,0.0
2020-10-28 04:11:00,0.0
2020-10-28 05:11:00,0.0
2020-10-28 06:11:00,0.0
2020-10-28 07:11:00,0.020239999999999998
2020-10-28 08:11:00,0.06698
2020-10-28 09:11:00,0.22932
2020-10-28 10:11:00,0.19498
2020-10-28 11:11:00,0.37624
2020-10-28 12:11:00,0.15853
2020-10-28 13:11:00,0.24381999999999998
2020-10-28 14:11:00,0.22672
2020-10-28 15:11:00,0.038009999999999995
2020-10-28 16:11:00,0.0
2020-10-28 17:11:00,0.0
2020-10-28 18:11:00,0.0
2020-10-28 19:11:00,0.0
2020-10-28 20:11:00,0.0
2020-10-28 21:11:00,0.0
2020-10-28 22:11:00,0.0
2020-10-28 23:11:00,0.0
2020-10-29 00:11:00,0.0
2020-10-29 01:11:00,0.0
2020-10-29 02:11:00,0.0
2020-10-29 03:11:00,0.0
2020-10-29 04:11:00,0.0
2020-10-29 05:11:00,0.0
2020-10-29 06:11:00,0.0
2020-10-29 07:11:00,0.26877999999999996
2020-10-29 08:11:00,0.23523
2020-10-29 09:11:00,0.21230000000000002
2020-10-29 10:11:00,0.14683000000000002
2020-10-29 11:11:00,0.05608
2020-10-29 12:11:00,0.27306
2020-10-29 13:11:00,0.45643
2020-10-29 14:11:00,0.01746
2020-10-29 15:11:00,0.00667
2020-10-29 16:11:00,0.0
2020-10-29 17:11:00,0.0
2020-10-29 18:11:00,0.0
2020-10-29 19:11:00,0.0
2020-10-29 20:11:00,0.0
2020-10-29 21:11:00,0.0
2020-10-29 22:11:00,0.0
2020-10-29 23:11:00,0.0
2020-10-30 00:11:00,0.0
2020-10-30 01:11:00,0.0
2020-10-30 02:11:00,0.0
2020-10-30 03:11:00,0.0
2020-10-30 04:11:00,0.0
2020-10-30 05:11:00,0.0
2020-10-30 06:11:00,0.0
2020-10-30 07:11:00,0.03692
2020-10-30 08:11:00,0.01495
2020-10-30 09:11:00,0.02629
2020-10-30 10:11:00,0.033909999999999996
2020-10-30 11:11:00,0.024730000000000002
2020-10-30 12:11:00,0.012230000000000001
2020-10-30 13:11:00,0.06484999999999999
2020-10-30 14:11:00,0.08156999999999999
2020-10-30 15:11:00,0.00621
2020-10-30 16:11:00,0.0
2020-10-30 17:11:00,0.0
2020-10-30 18:11:00,0.0
2020-10-30 19:11:00,0.0
2020-10-30 20:11:00,0.0
2020-10-30 21:11:00,0.0
2020-10-30 22:11:00,0.0
2020-10-30 23:11:00,0.0
2020-10-31 00:11:00,0.0
2020-10-31 01:11:00,0.0
2020-10-31 02:11:00,0.0
2020-10-31 03:11:00,0.0
2020-10-31 04:11:00,0.0
2020-10-31 05:11:00,0.0
2020-10-31 06:11:00,0.0
2020-10-31 07:11:00,0.018609999999999998
2020-10-31 08:11:00,0.07259
2020-10-31 09:11:00,0.022600000000000002
2020-10-31 10:11:00,0.03151
2020-10-31 11:11:00,0.02936
2020-10-31 12:11:00,0.03986
2020-10-31 13:11:00,0.02647
2020-10-31 14:11:00,0.0178
2020-10-31 15:11:00,0.0002
2020-10-31 16:11:00,0.0
2020-10-31 17:11:00,0.0
2020-10-31 18:11:00,0.0
2020-10-31 19:11:00,0.0
2020-10-31 20:11:00,0.0
2020-10-31 21:11:00,0.0
2020-10-31 22:11:00,0.0
2020-10-31 23:11:00,0.0
2020-11-01 00:11:00,0.0
2020-11-01 01:11:00,0.0
2020-11-01 02:11:00,0.0
2020-11-01 03:11:00,0.0
2020-11-01 04:11:00,0.0
2020-11-01 05:11:00,0.0
2020-11-01 06:11:00,0.0
2020-11-01 07:11:00,0.01295
2020-11-01 08:11:00,0.03683
2020-11-01 09:11:00,0.10945
2020-11-01 10:11:00,0.09623000000000001
2020-11-01 11:11:00,0.03946
2020-11-01 12:11:00,0.18722999999999998
2020-11-01 13:11:00,0.19938
2020-11-01 14:11:00,0.06403
2020-11-01 15:11:00,0.02056
2020-11-01 16:11:00,0.0
2020-11-01 17:11:00,0.0
2020-11-01 18:11:00,0.0
2020-11-01 19:11:00,0.0
2020-11-01 20:11:00,0.0
2020-11-01 21:11:00,0.0
2020-11-01 22:11:00,0.0
2020-11-01 23:11:00,0.0
2020-11-02 00:11:00,0.0
2020-11-02 01:11:00,0.0
2020-11-02 02:11:00,0.0
2020-11-02 03:11:00,0.0
2020-11-02 04:11:00,0.0
2020-11-02 05:11:00,0.0
2020-11-02 06:11:00,0.0
2020-11-02 07:11:00,0.02007
2020-11-02 08:11:00,0.04398
2020-11-02 09:11:00,0.07245
2020-11-02 10:11:00,0.27617
2020-11-02 11:11:00,0.4452
2020-11-02 12:11:00,0.11926
2020-11-02 13:11:00,0.41851
2020-11-02 14:11:00,0.22385
2020-11-02 15:11:00,0.0
2020-11-02 16:11:00,0.0
2020-11-02 17:11:00,0.0
2020-11-02 18:11:00,0.0
2020-11-02 19:11:00,0.0
2020-11-02 20:11:00,0.0
2020-11-02 21:11:00,0.0
2020-11-02 22:11:00,0.0
2020-11-02 23:11:00,0.0
2020-11-03 00:11:00,0.0
2020-11-03 01:11:00,0.0
2020-11-03 02:11:00,0.0
2020-11-03 03:11:00,0.0
2020-11-03 04:11:00,0.0
2020-11-03 05:11:00,0.0
2020-11-03 06:11:00,0.0
2020-11-03 07:11:00,0.12405
2020-11-03 08:11:00,0.23347
2020-11-03 09:11:00,0.19863999999999998
2020-11-03 10:11:00,0.44366
2020-11-03 11:11:00,0.64765
2020-11-03 12:11:00,0.60029
2020-11-03 13:11:00,0.43151
2020-11-03 14:11:00,0.19706
2020-11-03 15:11:00,0.0
2020-11-03 16:11:00,0.0
2020-11-03 17:11:00,0.0
2020-11-03 18:11:00,0.0
2020-11-03 19:11:00,0.0
2020-11-03 20:11:00,0.0
2020-11-03 21:11:00,0.0
2020-11-03 22:11:00,0.0
2020-11-03 23:11:00,0.0
2020-11-04 00:11:00,0.0
2020-11-04 01:11:00,0.0
2020-11-04 02:11:00,0.0
2020-11-04 03:11:00,0.0
2020-11-04 04:11:00,0.0
2020-11-04 05:11:00,0.0
2020-11-04 06:11:00,0.0
2020-11-04 07:11:00,0.31235
2020-11-04 08:11:00,0.52987
2020-11-04 09:11:00,0.59096
2020-11-04 10:11:00,0.73741
2020-11-04 11:11:00,0.6514
2020-11-04 12:11:00,0.25191
2020-11-04 13:11:00,0.42936
2020-11-04 14:11:00,0.18488
2020-11-04 15:11:00,0.0
2020-11-04 16:11:00,0.0
2020-11-04 17:11:00,0.0
2020-11-04 18:11:00,0.0
2020-11-04 19:11:00,0.0
2020-11-04 20:11:00,0.0
2020-11-04 21:11:00,0.0
2020-11-04 22:11:00,0.0
2020-11-04 23:11:00,0.0
2020-11-05 00:11:00,0.0
2020-11-05 01:11:00,0.0
2020-11-05 02:11:00,0.0
2020-11-05 03:11:00,0.0
2020-11-05 04:11:00,0.0
2020-11-05 05:11:00,0.0
2020-11-05 06:11:00,0.0
2020-11-05 07:11:00,0.17894
2020-11-05 08:11:00,0.47152
2020-11-05 09:11:00,0.59205
2020-11-05 10:11:00,0.62224
2020-11-05 11:11:00,0.5542999999999999
2020-11-05 12:11:00,0.54261
2020-11-05 13:11:00,0.4086
2020-11-05 14:11:00,0.24564
2020-11-05 15:11:00,0.0
2020-11-05 16:11:00,0.0
2020-11-05 17:11:00,0.0
2020-11-05 18:11:00,0.0
2020-11-05 19:11:00,0.0
2020-11-05 20:11:00,0.0
2020-11-05 21:11:00,0.0
2020-11-05 22:11:00,0.0
2020-11-05 23:11:00,0.0
2020-11-06 00:11:00,0.0
2020-11-06 01:11:00,0.0
2020-11-06 02:11:00,0.0
2020-11-06 03:11:00,0.0
2020-11-06 04:11:00,0.0
2020-11-06 05:11:00,0.0
2020-11-06 06:11:00,0.0
2020-11-06 07:11:00,0.037450000000000004
2020-11-06 08:11:00,0.03153
2020-11-06 09:11:00,0.03431
2020-11-06 10:11:00,0.05929
2020-11-06 11:11:00,0.02497
2020-11-06 12:11:00,0.02982
2020-11-06 13:11:00,0.027
2020-11-06 14:11:00,0.01948
2020-11-06 15:11:00,0.0
2020-11-06 16:11:00,0.0
2020-11-06 17:11:00,0.0
2020-11-06 18:11:00,0.0
2020-11-06 19:11:00,0.0
2020-11-06 20:11:00,0.0
2020-11-06 21:11:00,0.0
2020-11-06 22:11:00,0.0
2020-11-06 23:11:00,0.0
2020-11-07 00:11:00,0.0
2020-11-07 01:11:00,0.0
2020-11-07 02:11:00,0.0
2020-11-07 03:11:00,0.0
2020-11-07 04:11:00,0.0
2020-11-07 05:11:00,0.0
2020-11-07 06:11:00,0.0
2020-11-07 07:11:00,0.013300000000000001
2020-11-07 08:11:00,0.08916
2020-11-07 09:11:00,0.37085
2020-11-07 10:11:00,0.62388
2020-11-07 11:11:00,0.66572
2020-11-07 12:11:00,0.6179600000000001
2020-11-07 13:11:00,0.49597
2020-11-07 14:11:00,0.27867000000000003
2020-11-07 15:11:00,0.0
2020-11-07 16:11:00,0.0
2020-11-07 17:11:00,0.0
2020-11-07 18:11:00,0.0
2020-11-07 19:11:00,0.0
2020-11-07 20:11:00,0.0
2020-11-07 21:11:00,0.0
2020-11-07 22:11:00,0.0
2020-11-07 23:11:00,0.0
2020-11-08 00:11:00,0.0
2020-11-08 01:11:00,0.0
2020-11-08 02:11:00,0.0
2020-11-08 03:11:00,0.0
2020-11-08 04:11:00,0.0
2020-11-08 05:11:00,0.0
2020-11-08 06:11:00,0.0
2020-11-08 07:11:00,0.10296999999999999
2020-11-08 08:11:00,0.41293
2020-11-08 09:11:00,0.52706
2020-11-08 10:11:00,0.5824600000000001
2020-11-08 11:11:00,0.62105
2020-11-08 12:11:00,0.57569
2020-11-08 13:11:00,0.4274
2020-11-08 14:11:00,0.22849
2020-11-08 15:11:00,0.0
2020-11-08 16:11:00,0.0
2020-11-08 17:11:00,0.0
2020-11-08 18:11:00,0.0
2020-11-08 19:11:00,0.0
2020-11-08 20:11:00,0.0
2020-11-08 21:11:00,0.0
2020-11-08 22:11:00,0.0
2020-11-08 23:11:00,0.0
2020-11-09 00:11:00,0.0
2020-11-09 01:11:00,0.0
2020-11-09 02:11:00,0.0
2020-11-09 03:11:00,0.0
2020-11-09 04:11:00,0.0
2020-11-09 05:11:00,0.0
2020-11-09 06:11:00,0.0
2020-11-09 07:11:00,0.00026000000000000003
2020-11-09 08:11:00,0.06286
2020-11-09 09:11:00,0.06668
2020-11-09 10:11:00,0.04671
2020-11-09 11:11:00,0.03546
2020-11-09 12:11:00,0.28482
2020-11-09 13:11:00,0.01066
2020-11-09 14:11:00,0.00141
2020-11-09 15:11:00,0.0
2020-11-09 16:11:00,0.0
2020-11-09 17:11:00,0.0
2020-11-09 18:11:00,0.0
2020-11-09 19:11:00,0.0
2020-11-09 20:11:00,0.0
2020-11-09 21:11:00,0.0
2020-11-09 22:11:00,0.0
2020-11-09 23:11:00,0.0
2020-11-10 00:11:00,0.0
2020-11-10 01:11:00,0.0
2020-11-10 02:11:00,0.0
2020-11-10 03:11:00,0.0
2020-11-10 04:11:00,0.0
2020-11-10 05:11:00,0.0
2020-11-10 06:11:00,0.0
2020-11-10 07:11:00,0.00605
2020-11-10 08:11:00,0.02638
2020-11-10 09:11:00,0.018670000000000003
2020-11-10 10:11:00,0.02625
2020-11-10 11:11:00,0.02548
2020-11-10 12:11:00,0.02057
2020-11-10 13:11:00,0.01783
2020-11-10 14:11:00,0.0070999999999999995
2020-11-10 15:11:00,0.0
2020-11-10 16:11:00,0.0
2020-11-10 17:11:00,0.0
2020-11-10 18:11:00,0.0
2020-11-10 19:11:00,0.0
2020-11-10 20:11:00,0.0
2020-11-10 21:11:00,0.0
2020-11-10 22:11:00,0.0
2020-11-10 23:11:00,0.0
2020-11-11 00:11:00,0.0
2020-11-11 01:11:00,0.0
2020-11-11 02:11:00,0.0
2020-11-11 03:11:00,0.0
2020-11-11 04:11:00,0.0
2020-11-11 05:11:00,0.0
2020-11-11 06:11:00,0.0
2020-11-11 07:11:00,0.0014399999999999999
2020-11-11 08:11:00,0.08113
2020-11-11 09:11:00,0.05731
2020-11-11 10:11:00,0.04664
2020-11-11 11:11:00,0.05557
2020-11-11 12:11:00,0.06425
2020-11-11 13:11:00,0.056670000000000005
2020-11-11 14:11:00,0.00185
2020-11-11 15:11:00,0.0
2020-11-11 16:11:00,0.0
2020-11-11 17:11:00,0.0
2020-11-11 18:11:00,0.0
2020-11-11 19:11:00,0.0
2020-11-11 20:11:00,0.0
2020-11-11 21:11:00,0.0
2020-11-11 22:11:00,0.0
2020-11-11 23:11:00,0.0
2020-11-12 00:11:00,0.0
2020-11-12 01:11:00,0.0
2020-11-12 02:11:00,0.0
2020-11-12 03:11:00,0.0
2020-11-12 04:11:00,0.0
2020-11-12 05:11:00,0.0
2020-11-12 06:11:00,0.0
2020-11-12 07:11:00,0.00484
2020-11-12 08:11:00,0.037340000000000005
2020-11-12 09:11:00,0.06756000000000001
2020-11-12 10:11:00,0.12652
2020-11-12 11:11:00,0.56371
2020-11-12 12:11:00,0.59535
2020-11-12 13:11:00,0.47435000000000005
2020-11-12 14:11:00,0.18166
2020-11-12 15:11:00,0.0
2020-11-12 16:11:00,0.0
2020-11-12 17:11:00,0.0
2020-11-12 18:11:00,0.0
2020-11-12 19:11:00,0.0
2020-11-12 20:11:00,0.0
2020-11-12 21:11:00,0.0
2020-11-12 22:11:00,0.0
2020-11-12 23:11:00,0.0
2020-11-13 00:11:00,0.0
2020-11-13 01:11:00,0.0
2020-11-13 02:11:00,0.0
2020-11-13 03:11:00,0.0
2020-11-13 04:11:00,0.0
2020-11-13 05:11:00,0.0
2020-11-13 06:11:00,0.0
2020-11-13 07:11:00,0.07585
2020-11-13 08:11:00,0.47252
2020-11-13 09:11:00,0.5343600000000001
2020-11-13 10:11:00,0.36955
2020-11-13 11:11:00,0.25673
2020-11-13 12:11:00,0.5009100000000001
2020-11-13 13:11:00,0.43309
2020-11-13 14:11:00,0.18969
2020-11-13 15:11:00,0.0
2020-11-13 16:11:00,0.0
2020-11-13 17:11:00,0.0
2020-11-13 18:11:00,0.0
2020-11-13 19:11:00,0.0
2020-11-13 20:11:00,0.0
2020-11-13 21:11:00,0.0
2020-11-13 22:11:00,0.0
2020-11-13 23:11:00,0.0
2020-11-14 00:11:00,0.0
2020-11-14 01:11:00,0.0
2020-11-14 02:11:00,0.0
2020-11-14 03:11:00,0.0
2020-11-14 04:11:00,0.0
2020-11-14 05:11:00,0.0
2020-11-14 06:11:00,0.0
2020-11-14 07:11:00,0.0037400000000000003
2020-11-14 08:11:00,0.12142
2020-11-14 09:11:00,0.026260000000000002
2020-11-14 10:11:00,0.5036499999999999
2020-11-14 11:11:00,0.21700999999999998
2020-11-14 12:11:00,0.35155000000000003
2020-11-14 13:11:00,0.060590000000000005
2020-11-14 14:11:00,0.03993
2020-11-14 15:11:00,0.0
2020-11-14 16:11:00,0.0
2020-11-14 17:11:00,0.0
2020-11-14 18:11:00,0.0
2020-11-14 19:11:00,0.0
2020-11-14 20:11:00,0.0
2020-11-14 21:11:00,0.0
2020-11-14 22:11:00,0.0
2020-11-14 23:11:00,0.0
2020-11-15 00:11:00,0.0
2020-11-15 01:11:00,0.0
2020-11-15 02:11:00,0.0
2020-11-15 03:11:00,0.0
2020-11-15 04:11:00,0.0
2020-11-15 05:11:00,0.0
2020-11-15 06:11:00,0.0
2020-11-15 07:11:00,0.00426
2020-11-15 08:11:00,0.28286
2020-11-15 09:11:00,0.49789
2020-11-15 10:11:00,0.42207
2020-11-15 11:11:00,0.59073
2020-11-15 12:11:00,0.21274
2020-11-15 13:11:00,0.12297
2020-11-15 14:11:00,0.08723
2020-11-15 15:11:00,0.0
2020-11-15 16:11:00,0.0
2020-11-15 17:11:00,0.0
2020-11-15 18:11:00,0.0
2020-11-15 19:11:00,0.0
2020-11-15 20:11:00,0.0
2020-11-15 21:11:00,0.0
2020-11-15 22:11:00,0.0
2020-11-15 23:11:00,0.0
2020-11-16 00:11:00,0.0
2020-11-16 01:11:00,0.0
2020-11-16 02:11:00,0.0
2020-11-16 03:11:00,0.0
2020-11-16 04:11:00,0.0
2020-11-16 05:11:00,0.0
2020-11-16 06:11:00,0.0
2020-11-16 07:11:00,0.07851000000000001
2020-11-16 08:11:00,0.19194999999999998
2020-11-16 09:11:00,0.15314
2020-11-16 10:11:00,0.32789999999999997
2020-11-16 11:11:00,0.4175
2020-11-16 12:11:00,0.05074
2020-11-16 13:11:00,0.020739999999999998
2020-11-16 14:11:00,0.00271
2020-11-16 15:11:00,0.0
2020-11-16 16:11:00,0.0
2020-11-16 17:11:00,0.0
2020-11-16 18:11:00,0.0
2020-11-16 19:11:00,0.0
2020-11-16 20:11:00,0.0
2020-11-16 21:11:00,0.0
2020-11-16 22:11:00,0.0
2020-11-16 23:11:00,0.0
2020-11-17 00:11:00,0.0
2020-11-17 01:11:00,0.0
2020-11-17 02:11:00,0.0
2020-11-17 03:11:00,0.0
2020-11-17 04:11:00,0.0
2020-11-17 05:11:00,0.0
2020-11-17 06:11:00,0.0
2020-11-17 07:11:00,0.04096
2020-11-17 08:11:00,0.11609
2020-11-17 09:11:00,0.08376
2020-11-17 10:11:00,0.13859
2020-11-17 11:11:00,0.027170000000000003
2020-11-17 12:11:00,0.01828
2020-11-17 13:11:00,0.02441
2020-11-17 14:11:00,0.00139
2020-11-17 15:11:00,0.0
2020-11-17 16:11:00,0.0
2020-11-17 17:11:00,0.0
2020-11-17 18:11:00,0.0
2020-11-17 19:11:00,0.0
2020-11-17 20:11:00,0.0
2020-11-17 21:11:00,0.0
2020-11-17 22:11:00,0.0
2020-11-17 23:11:00,0.0
2020-11-18 00:11:00,0.0
2020-11-18 01:11:00,0.0
2020-11-18 02:11:00,0.0
2020-11-18 03:11:00,0.0
2020-11-18 04:11:00,0.0
2020-11-18 05:11:00,0.0
2020-11-18 06:11:00,0.0
2020-11-18 07:11:00,0.0009699999999999999
2020-11-18 08:11:00,0.045439999999999994
2020-11-18 09:11:00,0.07740000000000001
2020-11-18 10:11:00,0.07243000000000001
2020-11-18 11:11:00,0.26941000000000004
2020-11-18 12:11:00,0.04108
2020-11-18 13:11:00,0.01289
2020-11-18 14:11:00,0.00271
2020-11-18 15:11:00,0.0
2020-11-18 16:11:00,0.0
2020-11-18 17:11:00,0.0
2020-11-18 18:11:00,0.0
2020-11-18 19:11:00,0.0
2020-11-18 20:11:00,0.0
2020-11-18 21:11:00,0.0
2020-11-18 22:11:00,0.0
2020-11-18 23:11:00,0.0
2020-11-19 00:11:00,0.0
2020-11-19 01:11:00,0.0
2020-11-19 02:11:00,0.0
2020-11-19 03:11:00,0.0
2020-11-19 04:11:00,0.0
2020-11-19 05:11:00,0.0
2020-11-19 06:11:00,0.0
2020-11-19 07:11:00,0.0
2020-11-19 08:11:00,0.046450000000000005
2020-11-19 09:11:00,0.01421
2020-11-19 10:11:00,0.02014
2020-11-19 11:11:00,0.41624
2020-11-19 12:11:00,0.25194
2020-11-19 13:11:00,0.04018
2020-11-19 14:11:00,0.01177
2020-11-19 15:11:00,0.0
2020-11-19 16:11:00,0.0
2020-11-19 17:11:00,0.0
2020-11-19 18:11:00,0.0
2020-11-19 19:11:00,0.0
2020-11-19 20:11:00,0.0
2020-11-19 21:11:00,0.0
2020-11-19 22:11:00,0.0
2020-11-19 23:11:00,0.0
2020-11-20 00:11:00,0.0
2020-11-20 01:11:00,0.0
2020-11-20 02:11:00,0.0
2020-11-20 03:11:00,0.0
2020-11-20 04:11:00,0.0
2020-11-20 05:11:00,0.0
2020-11-20 06:11:00,0.0
2020-11-20 07:11:00,0.028210000000000002
2020-11-20 08:11:00,0.09808
2020-11-20 09:11:00,0.44209
2020-11-20 10:11:00,0.11272
2020-11-20 11:11:00,0.1232
2020-11-20 12:11:00,0.5088199999999999
2020-11-20 13:11:00,0.12369
2020-11-20 14:11:00,0.10088
2020-11-20 15:11:00,0.0
2020-11-20 16:11:00,0.0
2020-11-20 17:11:00,0.0
2020-11-20 18:11:00,0.0
2020-11-20 19:11:00,0.0
2020-11-20 20:11:00,0.0
2020-11-20 21:11:00,0.0
2020-11-20 22:11:00,0.0
2020-11-20 23:11:00,0.0
2020-11-21 00:11:00,0.0
2020-11-21 01:11:00,0.0
2020-11-21 02:11:00,0.0
2020-11-21 03:11:00,0.0
2020-11-21 04:11:00,0.0
2020-11-21 05:11:00,0.0
2020-11-21 06:11:00,0.0
2020-11-21 07:11:00,0.01034
2020-11-21 08:11:00,0.10601000000000001
2020-11-21 09:11:00,0.13747
2020-11-21 10:11:00,0.15983
2020-11-21 11:11:00,0.17061
2020-11-21 12:11:00,0.11846
2020-11-21 13:11:00,0.053439999999999994
2020-11-21 14:11:00,0.00283
2020-11-21 15:11:00,0.0
2020-11-21 16:11:00,0.0
2020-11-21 17:11:00,0.0
2020-11-21 18:11:00,0.0
2020-11-21 19:11:00,0.0
2020-11-21 20:11:00,0.0
2020-11-21 21:11:00,0.0
2020-11-21 22:11:00,0.0
2020-11-21 23:11:00,0.0
2020-11-22 00:11:00,0.0
2020-11-22 01:11:00,0.0
2020-11-22 02:11:00,0.0
2020-11-22 03:11:00,0.0
2020-11-22 04:11:00,0.0
2020-11-22 05:11:00,0.0
2020-11-22 06:11:00,0.0
2020-11-22 07:11:00,0.0
2020-11-22 08:11:00,0.02818
2020-11-22 09:11:00,0.03548
2020-11-22 10:11:00,0.01847
2020-11-22 11:11:00,0.09423000000000001
2020-11-22 12:11:00,0.30773
2020-11-22 13:11:00,0.37985
2020-11-22 14:11:00,0.21899000000000002
2020-11-22 15:11:00,0.0
2020-11-22 16:11:00,0.0
2020-11-22 17:11:00,0.0
2020-11-22 18:11:00,0.0
2020-11-22 19:11:00,0.0
2020-11-22 20:11:00,0.0
2020-11-22 21:11:00,0.0
2020-11-22 22:11:00,0.0
2020-11-22 23:11:00,0.0
2020-11-23 00:11:00,0.0
2020-11-23 01:11:00,0.0
2020-11-23 02:11:00,0.0
2020-11-23 03:11:00,0.0
2020-11-23 04:11:00,0.0
2020-11-23 05:11:00,0.0
2020-11-23 06:11:00,0.0
2020-11-23 07:11:00,0.010490000000000001
2020-11-23 08:11:00,0.28102999999999995
2020-11-23 09:11:00,0.09562000000000001
2020-11-23 10:11:00,0.14615
2020-11-23 11:11:00,0.5731900000000001
2020-11-23 12:11:00,0.46632
2020-11-23 13:11:00,0.01975
2020-11-23 14:11:00,0.13363999999999998
2020-11-23 15:11:00,0.0
2020-11-23 16:11:00,0.0
2020-11-23 17:11:00,0.0
2020-11-23 18:11:00,0.0
2020-11-23 19:11:00,0.0
2020-11-23 20:11:00,0.0
2020-11-23 21:11:00,0.0
2020-11-23 22:11:00,0.0
2020-11-23 23:11:00,0.0
2020-11-24 00:11:00,0.0
2020-11-24 01:11:00,0.0
2020-11-24 02:11:00,0.0
2020-11-24 03:11:00,0.0
2020-11-24 04:11:00,0.0
2020-11-24 05:11:00,0.0
2020-11-24 06:11:00,0.0
2020-11-24 07:11:00,0.0
2020-11-24 08:11:00,0.21878
2020-11-24 09:11:00,0.29418
2020-11-24 10:11:00,0.39453
2020-11-24 11:11:00,0.5955
2020-11-24 12:11:00,0.48582
2020-11-24 13:11:00,0.31144
2020-11-24 14:11:00,0.10479000000000001
2020-11-24 15:11:00,0.0
2020-11-24 16:11:00,0.0
2020-11-24 17:11:00,0.0
2020-11-24 18:11:00,0.0
2020-11-24 19:11:00,0.0
2020-11-24 20:11:00,0.0
2020-11-24 21:11:00,0.0
2020-11-24 22:11:00,0.0
2020-11-24 23:11:00,0.0
2020-11-25 00:11:00,0.0
2020-11-25 01:11:00,0.0
2020-11-25 02:11:00,0.0
2020-11-25 03:11:00,0.0
2020-11-25 04:11:00,0.0
2020-11-25 05:11:00,0.0
2020-11-25 06:11:00,0.0
2020-11-25 07:11:00,0.0
2020-11-25 08:11:00,0.01498
2020-11-25 09:11:00,0.01898
2020-11-25 10:11:00,0.01957
2020-11-25 11:11:00,0.02229
2020-11-25 12:11:00,0.03591
2020-11-25 13:11:00,0.02784
2020-11-25 14:11:00,0.055450000000000006
2020-11-25 15:11:00,0.0
2020-11-25 16:11:00,0.0
2020-11-25 17:11:00,0.0
2020-11-25 18:11:00,0.0
2020-11-25 19:11:00,0.0
2020-11-25 20:11:00,0.0
2020-11-25 21:11:00,0.0
2020-11-25 22:11:00,0.0
2020-11-25 23:11:00,0.0
2020-11-26 00:11:00,0.0
2020-11-26 01:11:00,0.0
2020-11-26 02:11:00,0.0
2020-11-26 03:11:00,0.0
2020-11-26 04:11:00,0.0
2020-11-26 05:11:00,0.0
2020-11-26 06:11:00,0.0
2020-11-26 07:11:00,0.0
2020-11-26 08:11:00,0.01417
2020-11-26 09:11:00,0.011519999999999999
2020-11-26 10:11:00,0.03739
2020-11-26 11:11:00,0.03359
2020-11-26 12:11:00,0.03058
2020-11-26 13:11:00,0.012029999999999999
2020-11-26 14:11:00,0.00061
2020-11-26 15:11:00,0.0
2020-11-26 16:11:00,0.0
2020-11-26 17:11:00,0.0
2020-11-26 18:11:00,0.0
2020-11-26 19:11:00,0.0
2020-11-26 20:11:00,0.0
2020-11-26 21:11:00,0.0
2020-11-26 22:11:00,0.0
2020-11-26 23:11:00,0.0
2020-11-27 00:11:00,0.0
2020-11-27 01:11:00,0.0
2020-11-27 02:11:00,0.0
2020-11-27 03:11:00,0.0
2020-11-27 04:11:00,0.0
2020-11-27 05:11:00,0.0
2020-11-27 06:11:00,0.0
2020-11-27 07:11:00,0.0
2020-11-27 08:11:00,0.0335
2020-11-27 09:11:00,0.02409
2020-11-27 10:11:00,0.06379
2020-11-27 11:11:00,0.19577
2020-11-27 12:11:00,0.16463999999999998
2020-11-27 13:11:00,0.03535
2020-11-27 14:11:00,0.10873000000000001
2020-11-27 15:11:00,0.0
2020-11-27 16:11:00,0.0
2020-11-27 17:11:00,0.0
2020-11-27 18:11:00,0.0
2020-11-27 19:11:00,0.0
2020-11-27 20:11:00,0.0
2020-11-27 21:11:00,0.0
2020-11-27 22:11:00,0.0
2020-11-27 23:11:00,0.0
2020-11-28 00:11:00,0.0
2020-11-28 01:11:00,0.0
2020-11-28 02:11:00,0.0
2020-11-28 03:11:00,0.0
2020-11-28 04:11:00,0.0
2020-11-28 05:11:00,0.0
2020-11-28 06:11:00,0.0
2020-11-28 07:11:00,0.0
2020-11-28 08:11:00,0.02035
2020-11-28 09:11:00,0.021
2020-11-28 10:11:00,0.037590000000000005
2020-11-28 11:11:00,0.062020000000000006
2020-11-28 12:11:00,0.04117
2020-11-28 13:11:00,0.01877
2020-11-28 14:11:00,0.00387
2020-11-28 15:11:00,0.0
2020-11-28 16:11:00,0.0
2020-11-28 17:11:00,0.0
2020-11-28 18:11:00,0.0
2020-11-28 19:11:00,0.0
2020-11-28 20:11:00,0.0
2020-11-28 21:11:00,0.0
2020-11-28 22:11:00,0.0
2020-11-28 23:11:00,0.0
2020-11-29 00:11:00,0.0
2020-11-29 01:11:00,0.0
2020-11-29 02:11:00,0.0
2020-11-29 03:11:00,0.0
2020-11-29 04:11:00,0.0
2020-11-29 05:11:00,0.0
2020-11-29 06:11:00,0.0
2020-11-29 07:11:00,0.0
2020-11-29 08:11:00,0.01228
2020-11-29 09:11:00,0.0664
2020-11-29 10:11:00,0.11993000000000001
2020-11-29 11:11:00,0.10615000000000001
2020-11-29 12:11:00,0.2386
2020-11-29 13:11:00,0.05937
2020-11-29 14:11:00,0.01967
2020-11-29 15:11:00,0.0
2020-11-29 16:11:00,0.0
2020-11-29 17:11:00,0.0
2020-11-29 18:11:00,0.0
2020-11-29 19:11:00,0.0
2020-11-29 20:11:00,0.0
2020-11-29 21:11:00,0.0
2020-11-29 22:11:00,0.0
2020-11-29 23:11:00,0.0
2020-11-30 00:11:00,0.0
2020-11-30 01:11:00,0.0
2020-11-30 02:11:00,0.0
2020-11-30 03:11:00,0.0
2020-11-30 04:11:00,0.0
2020-11-30 05:11:00,0.0
2020-11-30 06:11:00,0.0
2020-11-30 07:11:00,0.0
2020-11-30 08:11:00,0.01365
2020-11-30 09:11:00,0.01765
2020-11-30 10:11:00,0.021079999999999998
2020-11-30 11:11:00,0.02671
2020-11-30 12:11:00,0.02958
2020-11-30 13:11:00,0.02522
2020-11-30 14:11:00,0.0061200000000000004
2020-11-30 15:11:00,0.0
2020-11-30 16:11:00,0.0
2020-11-30 17:11:00,0.0
2020-11-30 18:11:00,0.0
2020-11-30 19:11:00,0.0
2020-11-30 20:11:00,0.0
2020-11-30 21:11:00,0.0
2020-11-30 22:11:00,0.0
2020-11-30 23:11:00,0.0
2020-12-01 00:11:00,0.0
2020-12-01 01:11:00,0.0
2020-12-01 02:11:00,0.0
2020-12-01 03:11:00,0.0
2020-12-01 04:11:00,0.0
2020-12-01 05:11:00,0.0
2020-12-01 06:11:00,0.0
2020-12-01 07:11:00,0.0
2020-12-01 08:11:00,0.02249
2020-12-01 09:11:00,0.1174
2020-12-01 10:11:00,0.05319
2020-12-01 11:11:00,0.14095
2020-12-01 12:11:00,0.10169
2020-12-01 13:11:00,0.04732
2020-12-01 14:11:00,0.0028599999999999997
2020-12-01 15:11:00,0.0
2020-12-01 16:11:00,0.0
2020-12-01 17:11:00,0.0
2020-12-01 18:11:00,0.0
2020-12-01 19:11:00,0.0
2020-12-01 20:11:00,0.0
2020-12-01 21:11:00,0.0
2020-12-01 22:11:00,0.0
2020-12-01 23:11:00,0.0
2020-12-02 00:11:00,0.0
2020-12-02 01:11:00,0.0
2020-12-02 02:11:00,0.0
2020-12-02 03:11:00,0.0
2020-12-02 04:11:00,0.0
2020-12-02 05:11:00,0.0
2020-12-02 06:11:00,0.0
2020-12-02 07:11:00,0.0
2020-12-02 08:11:00,0.24162
2020-12-02 09:11:00,0.19385
2020-12-02 10:11:00,0.18887
2020-12-02 11:11:00,0.15599000000000002
2020-12-02 12:11:00,0.15853
2020-12-02 13:11:00,0.0853
2020-12-02 14:11:00,0.08259999999999999
2020-12-02 15:11:00,0.0
2020-12-02 16:11:00,0.0
2020-12-02 17:11:00,0.0
2020-12-02 18:11:00,0.0
2020-12-02 19:11:00,0.0
2020-12-02 20:11:00,0.0
2020-12-02 21:11:00,0.0
2020-12-02 22:11:00,0.0
2020-12-02 23:11:00,0.0
2020-12-03 00:11:00,0.0
2020-12-03 01:11:00,0.0
2020-12-03 02:11:00,0.0
2020-12-03 03:11:00,0.0
2020-12-03 04:11:00,0.0
2020-12-03 05:11:00,0.0
2020-12-03 06:11:00,0.0
2020-12-03 07:11:00,0.0
2020-12-03 08:11:00,0.05319
2020-12-03 09:11:00,0.00929
2020-12-03 10:11:00,0.03007
2020-12-03 11:11:00,0.04363
2020-12-03 12:11:00,0.08892
2020-12-03 13:11:00,0.01986
2020-12-03 14:11:00,0.0
2020-12-03 15:11:00,0.0
2020-12-03 16:11:00,0.0
2020-12-03 17:11:00,0.0
2020-12-03 18:11:00,0.0
2020-12-03 19:11:00,0.0
2020-12-03 20:11:00,0.0
2020-12-03 21:11:00,0.0
2020-12-03 22:11:00,0.0
2020-12-03 23:11:00,0.0
2020-12-04 00:11:00,0.0
2020-12-04 01:11:00,0.0
2020-12-04 02:11:00,0.0
2020-12-04 03:11:00,0.0
2020-12-04 04:11:00,0.0
2020-12-04 05:11:00,0.0
2020-12-04 06:11:00,0.0
2020-12-04 07:11:00,0.0
2020-12-04 08:11:00,0.00624
2020-12-04 09:11:00,0.08597
2020-12-04 10:11:00,0.12811
2020-12-04 11:11:00,0.09641
2020-12-04 12:11:00,0.12806
2020-12-04 13:11:00,0.02524
2020-12-04 14:11:00,0.05148
2020-12-04 15:11:00,0.0
2020-12-04 16:11:00,0.0
2020-12-04 17:11:00,0.0
2020-12-04 18:11:00,0.0
2020-12-04 19:11:00,0.0
2020-12-04 20:11:00,0.0
2020-12-04 21:11:00,0.0
2020-12-04 22:11:00,0.0
2020-12-04 23:11:00,0.0
2020-12-05 00:11:00,0.0
2020-12-05 01:11:00,0.0
2020-12-05 02:11:00,0.0
2020-12-05 03:11:00,0.0
2020-12-05 04:11:00,0.0
2020-12-05 05:11:00,0.0
2020-12-05 06:11:00,0.0
2020-12-05 07:11:00,0.0
2020-12-05 08:11:00,0.015609999999999999
2020-12-05 09:11:00,0.23986000000000002
2020-12-05 10:11:00,0.30571
2020-12-05 11:11:00,0.12585
2020-12-05 12:11:00,0.27415
2020-12-05 13:11:00,0.022170000000000002
2020-12-05 14:11:00,0.0023799999999999997
2020-12-05 15:11:00,0.0
2020-12-05 16:11:00,0.0
2020-12-05 17:11:00,0.0
2020-12-05 18:11:00,0.0
2020-12-05 19:11:00,0.0
2020-12-05 20:11:00,0.0
2020-12-05 21:11:00,0.0
2020-12-05 22:11:00,0.0
2020-12-05 23:11:00,0.0
2020-12-06 00:11:00,0.0
2020-12-06 01:11:00,0.0
2020-12-06 02:11:00,0.0
2020-12-06 03:11:00,0.0
2020-12-06 04:11:00,0.0
2020-12-06 05:11:00,0.0
2020-12-06 06:11:00,0.0
2020-12-06 07:11:00,0.0
2020-12-06 08:11:00,0.11757
2020-12-06 09:11:00,0.41956
2020-12-06 10:11:00,0.41966000000000003
2020-12-06 11:11:00,0.26077
2020-12-06 12:11:00,0.21212999999999999
2020-12-06 13:11:00,0.33612000000000003
2020-12-06 14:11:00,0.07525
2020-12-06 15:11:00,0.0
2020-12-06 16:11:00,0.0
2020-12-06 17:11:00,0.0
2020-12-06 18:11:00,0.0
2020-12-06 19:11:00,0.0
2020-12-06 20:11:00,0.0
2020-12-06 21:11:00,0.0
2020-12-06 22:11:00,0.0
2020-12-06 23:11:00,0.0
2020-12-07 00:11:00,0.0
2020-12-07 01:11:00,0.0
2020-12-07 02:11:00,0.0
2020-12-07 03:11:00,0.0
2020-12-07 04:11:00,0.0
2020-12-07 05:11:00,0.0
2020-12-07 06:11:00,0.0
2020-12-07 07:11:00,0.0
2020-12-07 08:11:00,0.01319
2020-12-07 09:11:00,0.01908
2020-12-07 10:11:00,0.01973
2020-12-07 11:11:00,0.00704
2020-12-07 12:11:00,0.00536
2020-12-07 13:11:00,0.0023
2020-12-07 14:11:00,0.004860000000000001
2020-12-07 15:11:00,0.0
2020-12-07 16:11:00,0.0
2020-12-07 17:11:00,0.0
2020-12-07 18:11:00,0.0
2020-12-07 19:11:00,0.0
2020-12-07 20:11:00,0.0
2020-12-07 21:11:00,0.0
2020-12-07 22:11:00,0.0
2020-12-07 23:11:00,0.0
2020-12-08 00:11:00,0.0
2020-12-08 01:11:00,0.0
2020-12-08 02:11:00,0.0
2020-12-08 03:11:00,0.0
2020-12-08 04:11:00,0.0
2020-12-08 05:11:00,0.0
2020-12-08 06:11:00,0.0
2020-12-08 07:11:00,0.0
2020-12-08 08:11:00,0.11292
2020-12-08 09:11:00,0.4869
2020-12-08 10:11:00,0.5847899999999999
2020-12-08 11:11:00,0.60561
2020-12-08 12:11:00,0.5565800000000001
2020-12-08 13:11:00,0.32647000000000004
2020-12-08 14:11:00,0.07856999999999999
2020-12-08 15:11:00,0.0
2020-12-08 16:11:00,0.0
2020-12-08 17:11:00,0.0
2020-12-08 18:11:00,0.0
2020-12-08 19:11:00,0.0
2020-12-08 20:11:00,0.0
2020-12-08 21:11:00,0.0
2020-12-08 22:11:00,0.0
2020-12-08 23:11:00,0.0
2020-12-09 00:11:00,0.0
2020-12-09 01:11:00,0.0
2020-12-09 02:11:00,0.0
2020-12-09 03:11:00,0.0
2020-12-09 04:11:00,0.0
2020-12-09 05:11:00,0.0
2020-12-09 06:11:00,0.0
2020-12-09 07:11:00,0.0
2020-12-09 08:11:00,0.00444
2020-12-09 09:11:00,0.030969999999999998
2020-12-09 10:11:00,0.1457
2020-12-09 11:11:00,0.04113
2020-12-09 12:11:00,0.13735
2020-12-09 13:11:00,0.0023599999999999997
2020-12-09 14:11:00,0.01307
2020-12-09 15:11:00,0.0
2020-12-09 16:11:00,0.0
2020-12-09 17:11:00,0.0
2020-12-09 18:11:00,0.0
2020-12-09 19:11:00,0.0
2020-12-09 20:11:00,0.0
2020-12-09 21:11:00,0.0
2020-12-09 22:11:00,0.0
2020-12-09 23:11:00,0.0
2020-12-10 00:11:00,0.0
2020-12-10 01:11:00,0.0
2020-12-10 02:11:00,0.0
2020-12-10 03:11:00,0.0
2020-12-10 04:11:00,0.0
2020-12-10 05:11:00,0.0
2020-12-10 06:11:00,0.0
2020-12-10 07:11:00,0.0
2020-12-10 08:11:00,0.00198
2020-12-10 09:11:00,0.019960000000000002
2020-12-10 10:11:00,0.02134
2020-12-10 11:11:00,0.02131
2020-12-10 12:11:00,0.01643
2020-12-10 13:11:00,0.00922
2020-12-10 14:11:00,0.00028000000000000003
2020-12-10 15:11:00,0.0
2020-12-10 16:11:00,0.0
2020-12-10 17:11:00,0.0
2020-12-10 18:11:00,0.0
2020-12-10 19:11:00,0.0
2020-12-10 20:11:00,0.0
2020-12-10 21:11:00,0.0
2020-12-10 22:11:00,0.0
2020-12-10 23:11:00,0.0
2020-12-11 00:11:00,0.0
2020-12-11 01:11:00,0.0
2020-12-11 02:11:00,0.0
2020-12-11 03:11:00,0.0
2020-12-11 04:11:00,0.0
2020-12-11 05:11:00,0.0
2020-12-11 06:11:00,0.0
2020-12-11 07:11:00,0.0
2020-12-11 08:11:00,0.00108
2020-12-11 09:11:00,0.00623
2020-12-11 10:11:00,0.03519
2020-12-11 11:11:00,0.06301
2020-12-11 12:11:00,0.02045
2020-12-11 13:11:00,0.02041
2020-12-11 14:11:00,0.0325
2020-12-11 15:11:00,0.0
2020-12-11 16:11:00,0.0
2020-12-11 17:11:00,0.0
2020-12-11 18:11:00,0.0
2020-12-11 19:11:00,0.0
2020-12-11 20:11:00,0.0
2020-12-11 21:11:00,0.0
2020-12-11 22:11:00,0.0
2020-12-11 23:11:00,0.0
2020-12-12 00:11:00,0.0
2020-12-12 01:11:00,0.0
2020-12-12 02:11:00,0.0
2020-12-12 03:11:00,0.0
2020-12-12 04:11:00,0.0
2020-12-12 05:11:00,0.0
2020-12-12 06:11:00,0.0
2020-12-12 07:11:00,0.0
2020-12-12 08:11:00,0.0111
2020-12-12 09:11:00,0.1997
2020-12-12 10:11:00,0.27409
2020-12-12 11:11:00,0.33253
2020-12-12 12:11:00,0.18928999999999999
2020-12-12 13:11:00,0.01348
2020-12-12 14:11:00,0.0019199999999999998
2020-12-12 15:11:00,0.0
2020-12-12 16:11:00,0.0
2020-12-12 17:11:00,0.0
2020-12-12 18:11:00,0.0
2020-12-12 19:11:00,0.0
2020-12-12 20:11:00,0.0
2020-12-12 21:11:00,0.0
2020-12-12 22:11:00,0.0
2020-12-12 23:11:00,0.0
2020-12-13 00:11:00,0.0
2020-12-13 01:11:00,0.0
2020-12-13 02:11:00,0.0
2020-12-13 03:11:00,0.0
2020-12-13 04:11:00,0.0
2020-12-13 05:11:00,0.0
2020-12-13 06:11:00,0.0
2020-12-13 07:11:00,0.0
2020-12-13 08:11:00,0.01038
2020-12-13 09:11:00,0.02817
2020-12-13 10:11:00,0.04365
2020-12-13 11:11:00,0.02163
2020-12-13 12:11:00,0.15078999999999998
2020-12-13 13:11:00,0.20127
2020-12-13 14:11:00,0.0
2020-12-13 15:11:00,0.0
2020-12-13 16:11:00,0.0
2020-12-13 17:11:00,0.0
2020-12-13 18:11:00,0.0
2020-12-13 19:11:00,0.0
2020-12-13 20:11:00,0.0
2020-12-13 21:11:00,0.0
2020-12-13 22:11:00,0.0
2020-12-13 23:11:00,0.0
2020-12-14 00:11:00,0.0
2020-12-14 01:11:00,0.0
2020-12-14 02:11:00,0.0
2020-12-14 03:11:00,0.0
2020-12-14 04:11:00,0.0
2020-12-14 05:11:00,0.0
2020-12-14 06:11:00,0.0
2020-12-14 07:11:00,0.0
2020-12-14 08:11:00,0.11824
2020-12-14 09:11:00,0.10313
2020-12-14 10:11:00,0.15391
2020-12-14 11:11:00,0.45873
2020-12-14 12:11:00,0.25165
2020-12-14 13:11:00,0.05013
2020-12-14 14:11:00,0.02589
2020-12-14 15:11:00,0.0
2020-12-14 16:11:00,0.0
2020-12-14 17:11:00,0.0
2020-12-14 18:11:00,0.0
2020-12-14 19:11:00,0.0
2020-12-14 20:11:00,0.0
2020-12-14 21:11:00,0.0
2020-12-14 22:11:00,0.0
2020-12-14 23:11:00,0.0
2020-12-15 00:11:00,0.0
2020-12-15 01:11:00,0.0
2020-12-15 02:11:00,0.0
2020-12-15 03:11:00,0.0
2020-12-15 04:11:00,0.0
2020-12-15 05:11:00,0.0
2020-12-15 06:11:00,0.0
2020-12-15 07:11:00,0.0
2020-12-15 08:11:00,0.0415
2020-12-15 09:11:00,0.28226
2020-12-15 10:11:00,0.10991
2020-12-15 11:11:00,0.022789999999999998
2020-12-15 12:11:00,0.17366
2020-12-15 13:11:00,0.04858
2020-12-15 14:11:00,0.00488
2020-12-15 15:11:00,0.0
2020-12-15 16:11:00,0.0
2020-12-15 17:11:00,0.0
2020-12-15 18:11:00,0.0
2020-12-15 19:11:00,0.0
2020-12-15 20:11:00,0.0
2020-12-15 21:11:00,0.0
2020-12-15 22:11:00,0.0
2020-12-15 23:11:00,0.0
2020-12-16 00:11:00,0.0
2020-12-16 01:11:00,0.0
2020-12-16 02:11:00,0.0
2020-12-16 03:11:00,0.0
2020-12-16 04:11:00,0.0
2020-12-16 05:11:00,0.0
2020-12-16 06:11:00,0.0
2020-12-16 07:11:00,0.0
2020-12-16 08:11:00,0.1653
2020-12-16 09:11:00,0.11627
2020-12-16 10:11:00,0.25023
2020-12-16 11:11:00,0.0835
2020-12-16 12:11:00,0.14919
2020-12-16 13:11:00,0.060840000000000005
2020-12-16 14:11:00,0.00099
2020-12-16 15:11:00,0.0
2020-12-16 16:11:00,0.0
2020-12-16 17:11:00,0.0
2020-12-16 18:11:00,0.0
2020-12-16 19:11:00,0.0
2020-12-16 20:11:00,0.0
2020-12-16 21:11:00,0.0
2020-12-16 22:11:00,0.0
2020-12-16 23:11:00,0.0
2020-12-17 00:11:00,0.0
2020-12-17 01:11:00,0.0
2020-12-17 02:11:00,0.0
2020-12-17 03:11:00,0.0
2020-12-17 04:11:00,0.0
2020-12-17 05:11:00,0.0
2020-12-17 06:11:00,0.0
2020-12-17 07:11:00,0.0
2020-12-17 08:11:00,0.0019199999999999998
2020-12-17 09:11:00,0.09201999999999999
2020-12-17 10:11:00,0.43365
2020-12-17 11:11:00,0.04159
2020-12-17 12:11:00,0.31177
2020-12-17 13:11:00,0.35667000000000004
2020-12-17 14:11:00,0.052899999999999996
2020-12-17 15:11:00,0.0
2020-12-17 16:11:00,0.0
2020-12-17 17:11:00,0.0
2020-12-17 18:11:00,0.0
2020-12-17 19:11:00,0.0
2020-12-17 20:11:00,0.0
2020-12-17 21:11:00,0.0
2020-12-17 22:11:00,0.0
2020-12-17 23:11:00,0.0
2020-12-18 00:11:00,0.0
2020-12-18 01:11:00,0.0
2020-12-18 02:11:00,0.0
2020-12-18 03:11:00,0.0
2020-12-18 04:11:00,0.0
2020-12-18 05:11:00,0.0
2020-12-18 06:11:00,0.0
2020-12-18 07:11:00,0.0
2020-12-18 08:11:00,0.32652
2020-12-18 09:11:00,0.44662
2020-12-18 10:11:00,0.5789099999999999
2020-12-18 11:11:00,0.54534
2020-12-18 12:11:00,0.50087
2020-12-18 13:11:00,0.28599
2020-12-18 14:11:00,0.05397
2020-12-18 15:11:00,0.0
2020-12-18 16:11:00,0.0
2020-12-18 17:11:00,0.0
2020-12-18 18:11:00,0.0
2020-12-18 19:11:00,0.0
2020-12-18 20:11:00,0.0
2020-12-18 21:11:00,0.0
2020-12-18 22:11:00,0.0
2020-12-18 23:11:00,0.0
2020-12-19 00:11:00,0.0
2020-12-19 01:11:00,0.0
2020-12-19 02:11:00,0.0
2020-12-19 03:11:00,0.0
2020-12-19 04:11:00,0.0
2020-12-19 05:11:00,0.0
2020-12-19 06:11:00,0.0
2020-12-19 07:11:00,0.0
2020-12-19 08:11:00,0.2018
2020-12-19 09:11:00,0.53236
2020-12-19 10:11:00,0.59541
2020-12-19 11:11:00,0.62041
2020-12-19 12:11:00,0.5455099999999999
2020-12-19 13:11:00,0.3872
2020-12-19 14:11:00,0.054020000000000006
2020-12-19 15:11:00,0.0
2020-12-19 16:11:00,0.0
2020-12-19 17:11:00,0.0
2020-12-19 18:11:00,0.0
2020-12-19 19:11:00,0.0
2020-12-19 20:11:00,0.0
2020-12-19 21:11:00,0.0
2020-12-19 22:11:00,0.0
2020-12-19 23:11:00,0.0
2020-12-20 00:11:00,0.0
2020-12-20 01:11:00,0.0
2020-12-20 02:11:00,0.0
2020-12-20 03:11:00,0.0
2020-12-20 04:11:00,0.0
2020-12-20 05:11:00,0.0
2020-12-20 06:11:00,0.0
2020-12-20 07:11:00,0.0
2020-12-20 08:11:00,0.26800999999999997
2020-12-20 09:11:00,0.45308
2020-12-20 10:11:00,0.4644
2020-12-20 11:11:00,0.52432
2020-12-20 12:11:00,0.31649
2020-12-20 13:11:00,0.10697
2020-12-20 14:11:00,0.00235
2020-12-20 15:11:00,0.0
2020-12-20 16:11:00,0.0
2020-12-20 17:11:00,0.0
2020-12-20 18:11:00,0.0
2020-12-20 19:11:00,0.0
2020-12-20 20:11:00,0.0
2020-12-20 21:11:00,0.0
2020-12-20 22:11:00,0.0
2020-12-20 23:11:00,0.0
2020-12-21 00:11:00,0.0
2020-12-21 01:11:00,0.0
2020-12-21 02:11:00,0.0
2020-12-21 03:11:00,0.0
2020-12-21 04:11:00,0.0
2020-12-21 05:11:00,0.0
2020-12-21 06:11:00,0.0
2020-12-21 07:11:00,0.0
2020-12-21 08:11:00,0.23161
2020-12-21 09:11:00,0.51422
2020-12-21 10:11:00,0.58549
2020-12-21 11:11:00,0.62178
2020-12-21 12:11:00,0.59214
2020-12-21 13:11:00,0.2765
2020-12-21 14:11:00,0.18527000000000002
2020-12-21 15:11:00,0.0
2020-12-21 16:11:00,0.0
2020-12-21 17:11:00,0.0
2020-12-21 18:11:00,0.0
2020-12-21 19:11:00,0.0
2020-12-21 20:11:00,0.0
2020-12-21 21:11:00,0.0
2020-12-21 22:11:00,0.0
2020-12-21 23:11:00,0.0
2020-12-22 00:11:00,0.0
2020-12-22 01:11:00,0.0
2020-12-22 02:11:00,0.0
2020-12-22 03:11:00,0.0
2020-12-22 04:11:00,0.0
2020-12-22 05:11:00,0.0
2020-12-22 06:11:00,0.0
2020-12-22 07:11:00,0.0
2020-12-22 08:11:00,0.00181
2020-12-22 09:11:00,0.06613
2020-12-22 10:11:00,0.01877
2020-12-22 11:11:00,0.04187
2020-12-22 12:11:00,0.33838
2020-12-22 13:11:00,0.15888
2020-12-22 14:11:00,0.00368
2020-12-22 15:11:00,0.0
2020-12-22 16:11:00,0.0
2020-12-22 17:11:00,0.0
2020-12-22 18:11:00,0.0
2020-12-22 19:11:00,0.0
2020-12-22 20:11:00,0.0
2020-12-22 21:11:00,0.0
2020-12-22 22:11:00,0.0
2020-12-22 23:11:00,0.0
2020-12-23 00:11:00,0.0
2020-12-23 01:11:00,0.0
2020-12-23 02:11:00,0.0
2020-12-23 03:11:00,0.0
2020-12-23 04:11:00,0.0
2020-12-23 05:11:00,0.0
2020-12-23 06:11:00,0.0
2020-12-23 07:11:00,0.0
2020-12-23 08:11:00,0.004889999999999999
2020-12-23 09:11:00,0.0484
2020-12-23 10:11:00,0.03842
2020-12-23 11:11:00,0.08704
2020-12-23 12:11:00,0.13227
2020-12-23 13:11:00,0.008230000000000001
2020-12-23 14:11:00,0.00327
2020-12-23 15:11:00,0.0
2020-12-23 16:11:00,0.0
2020-12-23 17:11:00,0.0
2020-12-23 18:11:00,0.0
2020-12-23 19:11:00,0.0
2020-12-23 20:11:00,0.0
2020-12-23 21:11:00,0.0
2020-12-23 22:11:00,0.0
2020-12-23 23:11:00,0.0
2020-12-24 00:11:00,0.0
2020-12-24 01:11:00,0.0
2020-12-24 02:11:00,0.0
2020-12-24 03:11:00,0.0
2020-12-24 04:11:00,0.0
2020-12-24 05:11:00,0.0
2020-12-24 06:11:00,0.0
2020-12-24 07:11:00,0.0
2020-12-24 08:11:00,0.18586000000000003
2020-12-24 09:11:00,0.03474
2020-12-24 10:11:00,0.03325
2020-12-24 11:11:00,0.039850000000000003
2020-12-24 12:11:00,0.035590000000000004
2020-12-24 13:11:00,0.02287
2020-12-24 14:11:00,0.03345
2020-12-24 15:11:00,0.0
2020-12-24 16:11:00,0.0
2020-12-24 17:11:00,0.0
2020-12-24 18:11:00,0.0
2020-12-24 19:11:00,0.0
2020-12-24 20:11:00,0.0
2020-12-24 21:11:00,0.0
2020-12-24 22:11:00,0.0
2020-12-24 23:11:00,0.0
2020-12-25 00:11:00,0.0
2020-12-25 01:11:00,0.0
2020-12-25 02:11:00,0.0
2020-12-25 03:11:00,0.0
2020-12-25 04:11:00,0.0
2020-12-25 05:11:00,0.0
2020-12-25 06:11:00,0.0
2020-12-25 07:11:00,0.0
2020-12-25 08:11:00,0.07553
2020-12-25 09:11:00,0.18574000000000002
2020-12-25 10:11:00,0.14805000000000001
2020-12-25 11:11:00,0.06363
2020-12-25 12:11:00,0.026
2020-12-25 13:11:00,0.053380000000000004
2020-12-25 14:11:00,0.00289
2020-12-25 15:11:00,0.0
2020-12-25 16:11:00,0.0
2020-12-25 17:11:00,0.0
2020-12-25 18:11:00,0.0
2020-12-25 19:11:00,0.0
2020-12-25 20:11:00,0.0
2020-12-25 21:11:00,0.0
2020-12-25 22:11:00,0.0
2020-12-25 23:11:00,0.0
2020-12-26 00:11:00,0.0
2020-12-26 01:11:00,0.0
2020-12-26 02:11:00,0.0
2020-12-26 03:11:00,0.0
2020-12-26 04:11:00,0.0
2020-12-26 05:11:00,0.0
2020-12-26 06:11:00,0.0
2020-12-26 07:11:00,0.0
2020-12-26 08:11:00,0.0029500000000000004
2020-12-26 09:11:00,0.1155
2020-12-26 10:11:00,0.041100000000000005
2020-12-26 11:11:00,0.036469999999999995
2020-12-26 12:11:00,0.15181999999999998
2020-12-26 13:11:00,0.10108
2020-12-26 14:11:00,0.027690000000000003
2020-12-26 15:11:00,0.0
2020-12-26 16:11:00,0.0
2020-12-26 17:11:00,0.0
2020-12-26 18:11:00,0.0
2020-12-26 19:11:00,0.0
2020-12-26 20:11:00,0.0
2020-12-26 21:11:00,0.0
2020-12-26 22:11:00,0.0
2020-12-26 23:11:00,0.0
2020-12-27 00:11:00,0.0
2020-12-27 01:11:00,0.0
2020-12-27 02:11:00,0.0
2020-12-27 03:11:00,0.0
2020-12-27 04:11:00,0.0
2020-12-27 05:11:00,0.0
2020-12-27 06:11:00,0.0
2020-12-27 07:11:00,0.0
2020-12-27 08:11:00,0.19321000000000002
2020-12-27 09:11:00,0.20189
2020-12-27 10:11:00,0.31261
2020-12-27 11:11:00,0.06451000000000001
2020-12-27 12:11:00,0.034820000000000004
2020-12-27 13:11:00,0.023850000000000003
2020-12-27 14:11:00,0.02736
2020-12-27 15:11:00,0.0
2020-12-27 16:11:00,0.0
2020-12-27 17:11:00,0.0
2020-12-27 18:11:00,0.0
2020-12-27 19:11:00,0.0
2020-12-27 20:11:00,0.0
2020-12-27 21:11:00,0.0
2020-12-27 22:11:00,0.0
2020-12-27 23:11:00,0.0
2020-12-28 00:11:00,0.0
2020-12-28 01:11:00,0.0
2020-12-28 02:11:00,0.0
2020-12-28 03:11:00,0.0
2020-12-28 04:11:00,0.0
2020-12-28 05:11:00,0.0
2020-12-28 06:11:00,0.0
2020-12-28 07:11:00,0.0
2020-12-28 08:11:00,0.05824
2020-12-28 09:11:00,0.3579
2020-12-28 10:11:00,0.37071
2020-12-28 11:11:00,0.50724
2020-12-28 12:11:00,0.20373
2020-12-28 13:11:00,0.09051999999999999
2020-12-28 14:11:00,0.02863
2020-12-28 15:11:00,0.0
2020-12-28 16:11:00,0.0
2020-12-28 17:11:00,0.0
2020-12-28 18:11:00,0.0
2020-12-28 19:11:00,0.0
2020-12-28 20:11:00,0.0
2020-12-28 21:11:00,0.0
2020-12-28 22:11:00,0.0
2020-12-28 23:11:00,0.0
2020-12-29 00:11:00,0.0
2020-12-29 01:11:00,0.0
2020-12-29 02:11:00,0.0
2020-12-29 03:11:00,0.0
2020-12-29 04:11:00,0.0
2020-12-29 05:11:00,0.0
2020-12-29 06:11:00,0.0
2020-12-29 07:11:00,0.0
2020-12-29 08:11:00,0.22238
2020-12-29 09:11:00,0.52301
2020-12-29 10:11:00,0.58797
2020-12-29 11:11:00,0.29479
2020-12-29 12:11:00,0.055490000000000005
2020-12-29 13:11:00,0.012199999999999999
2020-12-29 14:11:00,0.0060999999999999995
2020-12-29 15:11:00,0.0
2020-12-29 16:11:00,0.0
2020-12-29 17:11:00,0.0
2020-12-29 18:11:00,0.0
2020-12-29 19:11:00,0.0
2020-12-29 20:11:00,0.0
2020-12-29 21:11:00,0.0
2020-12-29 22:11:00,0.0
2020-12-29 23:11:00,0.0
2020-12-30 00:11:00,0.0
2020-12-30 01:11:00,0.0
2020-12-30 02:11:00,0.0
2020-12-30 03:11:00,0.0
2020-12-30 04:11:00,0.0
2020-12-30 05:11:00,0.0
2020-12-30 06:11:00,0.0
2020-12-30 07:11:00,0.0
2020-12-30 08:11:00,0.20773
2020-12-30 09:11:00,0.51312
2020-12-30 10:11:00,0.6105700000000001
2020-12-30 11:11:00,0.66552
2020-12-30 12:11:00,0.57898
2020-12-30 13:11:00,0.44903
2020-12-30 14:11:00,0.041460000000000004
2020-12-30 15:11:00,0.0
2020-12-30 16:11:00,0.0
2020-12-30 17:11:00,0.0
2020-12-30 18:11:00,0.0
2020-12-30 19:11:00,0.0
2020-12-30 20:11:00,0.0
2020-12-30 21:11:00,0.0
2020-12-30 22:11:00,0.0
2020-12-30 23:11:00,0.0
2020-12-31 00:11:00,0.0
2020-12-31 01:11:00,0.0
2020-12-31 02:11:00,0.0
2020-12-31 03:11:00,0.0
2020-12-31 04:11:00,0.0
2020-12-31 05:11:00,0.0
2020-12-31 06:11:00,0.0
2020-12-31 07:11:00,0.0
2020-12-31 08:11:00,0.04288
2020-12-31 09:11:00,0.09523000000000001
2020-12-31 10:11:00,0.07887000000000001
2020-12-31 11:11:00,0.5116
2020-12-31 12:11:00,0.41346
2020-12-31 13:11:00,0.21534
2020-12-31 14:11:00,0.03603
2020-12-31 15:11:00,0.0
2020-12-31 16:11:00,0.0
2020-12-31 17:11:00,0.0
2020-12-31 18:11:00,0.0
2020-12-31 19:11:00,0.0
2020-12-31 20:11:00,0.0
2020-12-31 21:11:00,0.0
2020-12-31 22:11:00,0.0
2020-12-31 23:11:00,0.0
