Timestamp,SPOT_EUR_MWh
2024-12-31 23:00:00,118.46
2025-01-01 00:00:00,129.07
2025-01-01 01:00:00,121.1
2025-01-01 02:00:00,94.28
2025-01-01 03:00:00,63.69
2025-01-01 04:00:00,102.26
2025-01-01 05:00:00,99.93
2025-01-01 06:00:00,93.56
2025-01-01 07:00:00,43.13
2025-01-01 08:00:00,47.8
2025-01-01 09:00:00,38.5
2025-01-01 10:00:00,39.82
2025-01-01 11:00:00,40.25
2025-01-01 12:00:00,42.59
2025-01-01 13:00:00,60.75
2025-01-01 14:00:00,80.8
2025-01-01 15:00:00,100.01
2025-01-01 16:00:00,109.62
2025-01-01 17:00:00,118.92
2025-01-01 18:00:00,123.5
2025-01-01 19:00:00,123.08
2025-01-01 20:00:00,113.59
2025-01-01 21:00:00,124.62
2025-01-01 22:00:00,90.99
2025-01-01 23:00:00,68.35
2025-01-02 00:00:00,84.57
2025-01-02 01:00:00,81.39
2025-01-02 02:00:00,50.73
2025-01-02 03:00:00,59.02
2025-01-02 04:00:00,79.36
2025-01-02 05:00:00,107.9
2025-01-02 06:00:00,128.31
2025-01-02 07:00:00,130.44
2025-01-02 08:00:00,133.32
2025-01-02 09:00:00,128.94
2025-01-02 10:00:00,124.02
2025-01-02 11:00:00,123.55
2025-01-02 12:00:00,116.95
2025-01-02 13:00:00,125.12
2025-01-02 14:00:00,130.11
2025-01-02 15:00:00,148.47
2025-01-02 16:00:00,159.05
2025-01-02 17:00:00,155.36
2025-01-02 18:00:00,147.83
2025-01-02 19:00:00,130.8
2025-01-02 20:00:00,124.87
2025-01-02 21:00:00,117.89
2025-01-02 22:00:00,105.02
2025-01-02 23:00:00,103.88
2025-01-03 00:00:00,95.18
2025-01-03 01:00:00,89.94
2025-01-03 02:00:00,87.72
2025-01-03 03:00:00,86.03
2025-01-03 04:00:00,92.25
2025-01-03 05:00:00,108.78
2025-01-03 06:00:00,132.34
2025-01-03 07:00:00,135.47
2025-01-03 08:00:00,133.66
2025-01-03 09:00:00,125.3
2025-01-03 10:00:00,113.83
2025-01-03 11:00:00,111.47
2025-01-03 12:00:00,109.45
2025-01-03 13:00:00,114.73
2025-01-03 14:00:00,128.22
2025-01-03 15:00:00,139.96
2025-01-03 16:00:00,141.2
2025-01-03 17:00:00,142.46
2025-01-03 18:00:00,141.43
2025-01-03 19:00:00,135.44
2025-01-03 20:00:00,121.05
2025-01-03 21:00:00,123.58
2025-01-03 22:00:00,120.17
2025-01-03 23:00:00,109.06
2025-01-04 00:00:00,103.95
2025-01-04 01:00:00,101.08
2025-01-04 02:00:00,98.89
2025-01-04 03:00:00,99.93
2025-01-04 04:00:00,105.16
2025-01-04 05:00:00,112.05
2025-01-04 06:00:00,123.24
2025-01-04 07:00:00,128.39
2025-01-04 08:00:00,130.75
2025-01-04 09:00:00,130.34
2025-01-04 10:00:00,128.29
2025-01-04 11:00:00,130.03
2025-01-04 12:00:00,129.85
2025-01-04 13:00:00,136.4
2025-01-04 14:00:00,140.6
2025-01-04 15:00:00,157.23
2025-01-04 16:00:00,163.03
2025-01-04 17:00:00,160.75
2025-01-04 18:00:00,157.49
2025-01-04 19:00:00,140.52
2025-01-04 20:00:00,133.78
2025-01-04 21:00:00,128.64
2025-01-04 22:00:00,113.99
2025-01-04 23:00:00,111.95
2025-01-05 00:00:00,98.69
2025-01-05 01:00:00,96.2
2025-01-05 02:00:00,94.17
2025-01-05 03:00:00,94.17
2025-01-05 04:00:00,91.31
2025-01-05 05:00:00,92.89
2025-01-05 06:00:00,97.92
2025-01-05 07:00:00,98.95
2025-01-05 08:00:00,100.42
2025-01-05 09:00:00,97.21
2025-01-05 10:00:00,102.49
2025-01-05 11:00:00,100.2
2025-01-05 12:00:00,106.31
2025-01-05 13:00:00,113.81
2025-01-05 14:00:00,118.36
2025-01-05 15:00:00,134.47
2025-01-05 16:00:00,136.78
2025-01-05 17:00:00,133.39
2025-01-05 18:00:00,141.43
2025-01-05 19:00:00,132.03
2025-01-05 20:00:00,126.36
2025-01-05 21:00:00,99.98
2025-01-05 22:00:00,71.2
2025-01-05 23:00:00,107.63
2025-01-06 00:00:00,88.92
2025-01-06 01:00:00,66.29
2025-01-06 02:00:00,62.64
2025-01-06 03:00:00,62.87
2025-01-06 04:00:00,85.14
2025-01-06 05:00:00,105.03
2025-01-06 06:00:00,117.64
2025-01-06 07:00:00,119.32
2025-01-06 08:00:00,103.06
2025-01-06 09:00:00,88.93
2025-01-06 10:00:00,71.76
2025-01-06 11:00:00,77.89
2025-01-06 12:00:00,96.0
2025-01-06 13:00:00,119.08
2025-01-06 14:00:00,103.14
2025-01-06 15:00:00,126.36
2025-01-06 16:00:00,135.79
2025-01-06 17:00:00,132.54
2025-01-06 18:00:00,132.8
2025-01-06 19:00:00,127.16
2025-01-06 20:00:00,107.47
2025-01-06 21:00:00,103.02
2025-01-06 22:00:00,74.71
2025-01-06 23:00:00,30.93
2025-01-07 00:00:00,51.03
2025-01-07 01:00:00,45.37
2025-01-07 02:00:00,12.21
2025-01-07 03:00:00,59.78
2025-01-07 04:00:00,76.16
2025-01-07 05:00:00,122.04
2025-01-07 06:00:00,144.52
2025-01-07 07:00:00,130.88
2025-01-07 08:00:00,131.42
2025-01-07 09:00:00,122.06
2025-01-07 10:00:00,121.55
2025-01-07 11:00:00,122.26
2025-01-07 12:00:00,128.65
2025-01-07 13:00:00,139.39
2025-01-07 14:00:00,147.14
2025-01-07 15:00:00,149.54
2025-01-07 16:00:00,145.43
2025-01-07 17:00:00,144.08
2025-01-07 18:00:00,148.06
2025-01-07 19:00:00,136.85
2025-01-07 20:00:00,122.34
2025-01-07 21:00:00,112.47
2025-01-07 22:00:00,112.04
2025-01-07 23:00:00,83.43
2025-01-08 00:00:00,76.02
2025-01-08 01:00:00,74.03
2025-01-08 02:00:00,69.67
2025-01-08 03:00:00,86.77
2025-01-08 04:00:00,101.53
2025-01-08 05:00:00,124.83
2025-01-08 06:00:00,149.0
2025-01-08 07:00:00,148.17
2025-01-08 08:00:00,124.26
2025-01-08 09:00:00,109.28
2025-01-08 10:00:00,102.3
2025-01-08 11:00:00,104.02
2025-01-08 12:00:00,115.84
2025-01-08 13:00:00,125.79
2025-01-08 14:00:00,144.0
2025-01-08 15:00:00,152.73
2025-01-08 16:00:00,152.33
2025-01-08 17:00:00,149.4
2025-01-08 18:00:00,149.18
2025-01-08 19:00:00,136.68
2025-01-08 20:00:00,125.36
2025-01-08 21:00:00,116.36
2025-01-08 22:00:00,106.51
2025-01-08 23:00:00,106.62
2025-01-09 00:00:00,106.65
2025-01-09 01:00:00,104.04
2025-01-09 02:00:00,102.88
2025-01-09 03:00:00,107.47
2025-01-09 04:00:00,110.36
2025-01-09 05:00:00,121.85
2025-01-09 06:00:00,142.11
2025-01-09 07:00:00,154.28
2025-01-09 08:00:00,147.3
2025-01-09 09:00:00,139.39
2025-01-09 10:00:00,132.05
2025-01-09 11:00:00,122.7
2025-01-09 12:00:00,117.85
2025-01-09 13:00:00,121.3
2025-01-09 14:00:00,131.41
2025-01-09 15:00:00,139.87
2025-01-09 16:00:00,139.26
2025-01-09 17:00:00,142.92
2025-01-09 18:00:00,138.5
2025-01-09 19:00:00,129.34
2025-01-09 20:00:00,113.12
2025-01-09 21:00:00,102.89
2025-01-09 22:00:00,89.77
2025-01-09 23:00:00,87.24
2025-01-10 00:00:00,80.39
2025-01-10 01:00:00,76.62
2025-01-10 02:00:00,74.98
2025-01-10 03:00:00,71.11
2025-01-10 04:00:00,95.05
2025-01-10 05:00:00,121.38
2025-01-10 06:00:00,145.0
2025-01-10 07:00:00,155.0
2025-01-10 08:00:00,140.87
2025-01-10 09:00:00,123.57
2025-01-10 10:00:00,113.59
2025-01-10 11:00:00,107.43
2025-01-10 12:00:00,105.01
2025-01-10 13:00:00,110.01
2025-01-10 14:00:00,128.69
2025-01-10 15:00:00,143.28
2025-01-10 16:00:00,145.0
2025-01-10 17:00:00,145.99
2025-01-10 18:00:00,143.58
2025-01-10 19:00:00,134.94
2025-01-10 20:00:00,122.51
2025-01-10 21:00:00,119.9
2025-01-10 22:00:00,113.56
2025-01-10 23:00:00,109.43
2025-01-11 00:00:00,100.02
2025-01-11 01:00:00,96.69
2025-01-11 02:00:00,93.06
2025-01-11 03:00:00,92.19
2025-01-11 04:00:00,93.65
2025-01-11 05:00:00,95.07
2025-01-11 06:00:00,109.39
2025-01-11 07:00:00,113.14
2025-01-11 08:00:00,109.46
2025-01-11 09:00:00,105.34
2025-01-11 10:00:00,99.88
2025-01-11 11:00:00,96.87
2025-01-11 12:00:00,93.15
2025-01-11 13:00:00,98.28
2025-01-11 14:00:00,105.3
2025-01-11 15:00:00,125.0
2025-01-11 16:00:00,131.87
2025-01-11 17:00:00,131.4
2025-01-11 18:00:00,129.21
2025-01-11 19:00:00,121.89
2025-01-11 20:00:00,113.64
2025-01-11 21:00:00,108.24
2025-01-11 22:00:00,105.88
2025-01-11 23:00:00,96.9
2025-01-12 00:00:00,88.93
2025-01-12 01:00:00,89.04
2025-01-12 02:00:00,85.35
2025-01-12 03:00:00,85.0
2025-01-12 04:00:00,85.19
2025-01-12 05:00:00,87.81
2025-01-12 06:00:00,101.75
2025-01-12 07:00:00,116.5
2025-01-12 08:00:00,120.07
2025-01-12 09:00:00,117.77
2025-01-12 10:00:00,105.61
2025-01-12 11:00:00,102.99
2025-01-12 12:00:00,99.61
2025-01-12 13:00:00,105.6
2025-01-12 14:00:00,120.48
2025-01-12 15:00:00,135.34
2025-01-12 16:00:00,143.02
2025-01-12 17:00:00,146.66
2025-01-12 18:00:00,144.24
2025-01-12 19:00:00,135.99
2025-01-12 20:00:00,127.84
2025-01-12 21:00:00,121.61
2025-01-12 22:00:00,114.9
2025-01-12 23:00:00,112.39
2025-01-13 00:00:00,105.07
2025-01-13 01:00:00,104.46
2025-01-13 02:00:00,100.37
2025-01-13 03:00:00,100.0
2025-01-13 04:00:00,110.2
2025-01-13 05:00:00,139.95
2025-01-13 06:00:00,176.71
2025-01-13 07:00:00,217.72
2025-01-13 08:00:00,172.98
2025-01-13 09:00:00,140.71
2025-01-13 10:00:00,120.8
2025-01-13 11:00:00,114.12
2025-01-13 12:00:00,118.44
2025-01-13 13:00:00,123.7
2025-01-13 14:00:00,140.32
2025-01-13 15:00:00,154.99
2025-01-13 16:00:00,154.49
2025-01-13 17:00:00,156.2
2025-01-13 18:00:00,155.05
2025-01-13 19:00:00,139.33
2025-01-13 20:00:00,126.18
2025-01-13 21:00:00,119.26
2025-01-13 22:00:00,108.13
2025-01-13 23:00:00,110.12
2025-01-14 00:00:00,107.01
2025-01-14 01:00:00,102.73
2025-01-14 02:00:00,101.35
2025-01-14 03:00:00,104.32
2025-01-14 04:00:00,109.4
2025-01-14 05:00:00,138.52
2025-01-14 06:00:00,161.02
2025-01-14 07:00:00,185.24
2025-01-14 08:00:00,152.01
2025-01-14 09:00:00,131.02
2025-01-14 10:00:00,124.65
2025-01-14 11:00:00,120.0
2025-01-14 12:00:00,120.0
2025-01-14 13:00:00,132.01
2025-01-14 14:00:00,158.05
2025-01-14 15:00:00,175.04
2025-01-14 16:00:00,207.61
2025-01-14 17:00:00,206.9
2025-01-14 18:00:00,190.09
2025-01-14 19:00:00,167.62
2025-01-14 20:00:00,152.57
2025-01-14 21:00:00,145.0
2025-01-14 22:00:00,125.0
2025-01-14 23:00:00,117.01
2025-01-15 00:00:00,112.63
2025-01-15 01:00:00,111.33
2025-01-15 02:00:00,108.83
2025-01-15 03:00:00,115.0
2025-01-15 04:00:00,126.44
2025-01-15 05:00:00,145.75
2025-01-15 06:00:00,195.66
2025-01-15 07:00:00,309.03
2025-01-15 08:00:00,310.82
2025-01-15 09:00:00,297.91
2025-01-15 10:00:00,296.1
2025-01-15 11:00:00,284.53
2025-01-15 12:00:00,281.26
2025-01-15 13:00:00,279.88
2025-01-15 14:00:00,298.56
2025-01-15 15:00:00,302.01
2025-01-15 16:00:00,343.51
2025-01-15 17:00:00,302.07
2025-01-15 18:00:00,253.78
2025-01-15 19:00:00,179.35
2025-01-15 20:00:00,156.18
2025-01-15 21:00:00,144.58
2025-01-15 22:00:00,123.9
2025-01-15 23:00:00,126.14
2025-01-16 00:00:00,121.56
2025-01-16 01:00:00,118.88
2025-01-16 02:00:00,117.04
2025-01-16 03:00:00,119.75
2025-01-16 04:00:00,128.34
2025-01-16 05:00:00,153.57
2025-01-16 06:00:00,192.04
2025-01-16 07:00:00,203.85
2025-01-16 08:00:00,175.0
2025-01-16 09:00:00,151.9
2025-01-16 10:00:00,140.64
2025-01-16 11:00:00,135.05
2025-01-16 12:00:00,138.7
2025-01-16 13:00:00,145.0
2025-01-16 14:00:00,167.36
2025-01-16 15:00:00,180.0
2025-01-16 16:00:00,191.55
2025-01-16 17:00:00,184.32
2025-01-16 18:00:00,179.97
2025-01-16 19:00:00,159.6
2025-01-16 20:00:00,148.95
2025-01-16 21:00:00,140.55
2025-01-16 22:00:00,129.08
2025-01-16 23:00:00,127.38
2025-01-17 00:00:00,123.77
2025-01-17 01:00:00,120.64
2025-01-17 02:00:00,118.77
2025-01-17 03:00:00,118.73
2025-01-17 04:00:00,125.07
2025-01-17 05:00:00,140.8
2025-01-17 06:00:00,175.01
2025-01-17 07:00:00,208.13
2025-01-17 08:00:00,175.34
2025-01-17 09:00:00,157.35
2025-01-17 10:00:00,140.6
2025-01-17 11:00:00,126.44
2025-01-17 12:00:00,124.03
2025-01-17 13:00:00,133.74
2025-01-17 14:00:00,151.39
2025-01-17 15:00:00,168.87
2025-01-17 16:00:00,178.44
2025-01-17 17:00:00,179.92
2025-01-17 18:00:00,174.22
2025-01-17 19:00:00,157.91
2025-01-17 20:00:00,145.0
2025-01-17 21:00:00,139.97
2025-01-17 22:00:00,128.15
2025-01-17 23:00:00,126.26
2025-01-18 00:00:00,121.23
2025-01-18 01:00:00,121.44
2025-01-18 02:00:00,118.91
2025-01-18 03:00:00,117.04
2025-01-18 04:00:00,119.83
2025-01-18 05:00:00,122.2
2025-01-18 06:00:00,135.8
2025-01-18 07:00:00,145.96
2025-01-18 08:00:00,144.1
2025-01-18 09:00:00,133.97
2025-01-18 10:00:00,121.79
2025-01-18 11:00:00,118.87
2025-01-18 12:00:00,115.01
2025-01-18 13:00:00,119.6
2025-01-18 14:00:00,137.66
2025-01-18 15:00:00,160.13
2025-01-18 16:00:00,167.51
2025-01-18 17:00:00,167.57
2025-01-18 18:00:00,167.85
2025-01-18 19:00:00,156.12
2025-01-18 20:00:00,143.42
2025-01-18 21:00:00,136.4
2025-01-18 22:00:00,129.36
2025-01-18 23:00:00,129.91
2025-01-19 00:00:00,125.03
2025-01-19 01:00:00,123.73
2025-01-19 02:00:00,121.24
2025-01-19 03:00:00,120.18
2025-01-19 04:00:00,120.0
2025-01-19 05:00:00,121.69
2025-01-19 06:00:00,124.11
2025-01-19 07:00:00,123.68
2025-01-19 08:00:00,126.13
2025-01-19 09:00:00,126.54
2025-01-19 10:00:00,124.29
2025-01-19 11:00:00,112.25
2025-01-19 12:00:00,107.51
2025-01-19 13:00:00,116.81
2025-01-19 14:00:00,127.62
2025-01-19 15:00:00,149.22
2025-01-19 16:00:00,160.3
2025-01-19 17:00:00,165.58
2025-01-19 18:00:00,164.09
2025-01-19 19:00:00,159.04
2025-01-19 20:00:00,150.49
2025-01-19 21:00:00,134.41
2025-01-19 22:00:00,123.99
2025-01-19 23:00:00,122.48
2025-01-20 00:00:00,119.83
2025-01-20 01:00:00,116.61
2025-01-20 02:00:00,114.41
2025-01-20 03:00:00,115.45
2025-01-20 04:00:00,130.14
2025-01-20 05:00:00,162.18
2025-01-20 06:00:00,278.5
2025-01-20 07:00:00,426.71
2025-01-20 08:00:00,291.54
2025-01-20 09:00:00,236.29
2025-01-20 10:00:00,192.4
2025-01-20 11:00:00,179.06
2025-01-20 12:00:00,171.39
2025-01-20 13:00:00,191.78
2025-01-20 14:00:00,275.71
2025-01-20 15:00:00,398.83
2025-01-20 16:00:00,561.75
2025-01-20 17:00:00,473.28
2025-01-20 18:00:00,295.57
2025-01-20 19:00:00,220.0
2025-01-20 20:00:00,170.0
2025-01-20 21:00:00,159.36
2025-01-20 22:00:00,142.82
2025-01-20 23:00:00,136.0
2025-01-21 00:00:00,130.65
2025-01-21 01:00:00,123.94
2025-01-21 02:00:00,123.38
2025-01-21 03:00:00,129.27
2025-01-21 04:00:00,147.02
2025-01-21 05:00:00,184.0
2025-01-21 06:00:00,274.31
2025-01-21 07:00:00,367.32
2025-01-21 08:00:00,256.16
2025-01-21 09:00:00,229.55
2025-01-21 10:00:00,195.22
2025-01-21 11:00:00,189.1
2025-01-21 12:00:00,174.51
2025-01-21 13:00:00,194.0
2025-01-21 14:00:00,277.33
2025-01-21 15:00:00,222.77
2025-01-21 16:00:00,307.88
2025-01-21 17:00:00,254.89
2025-01-21 18:00:00,203.59
2025-01-21 19:00:00,175.78
2025-01-21 20:00:00,155.79
2025-01-21 21:00:00,141.62
2025-01-21 22:00:00,132.17
2025-01-21 23:00:00,131.09
2025-01-22 00:00:00,126.0
2025-01-22 01:00:00,124.83
2025-01-22 02:00:00,125.45
2025-01-22 03:00:00,127.47
2025-01-22 04:00:00,138.2
2025-01-22 05:00:00,186.81
2025-01-22 06:00:00,305.87
2025-01-22 07:00:00,244.57
2025-01-22 08:00:00,199.41
2025-01-22 09:00:00,179.06
2025-01-22 10:00:00,172.94
2025-01-22 11:00:00,165.0
2025-01-22 12:00:00,170.0
2025-01-22 13:00:00,179.92
2025-01-22 14:00:00,197.18
2025-01-22 15:00:00,245.08
2025-01-22 16:00:00,245.08
2025-01-22 17:00:00,203.1
2025-01-22 18:00:00,203.08
2025-01-22 19:00:00,200.21
2025-01-22 20:00:00,153.51
2025-01-22 21:00:00,144.62
2025-01-22 22:00:00,131.82
2025-01-22 23:00:00,123.33
2025-01-23 00:00:00,118.33
2025-01-23 01:00:00,110.75
2025-01-23 02:00:00,108.92
2025-01-23 03:00:00,112.73
2025-01-23 04:00:00,123.31
2025-01-23 05:00:00,160.81
2025-01-23 06:00:00,185.05
2025-01-23 07:00:00,171.97
2025-01-23 08:00:00,167.0
2025-01-23 09:00:00,151.27
2025-01-23 10:00:00,148.4
2025-01-23 11:00:00,142.94
2025-01-23 12:00:00,144.94
2025-01-23 13:00:00,152.2
2025-01-23 14:00:00,169.15
2025-01-23 15:00:00,182.3
2025-01-23 16:00:00,185.97
2025-01-23 17:00:00,177.42
2025-01-23 18:00:00,172.44
2025-01-23 19:00:00,175.3
2025-01-23 20:00:00,144.0
2025-01-23 21:00:00,141.8
2025-01-23 22:00:00,121.9
2025-01-23 23:00:00,115.41
2025-01-24 00:00:00,106.75
2025-01-24 01:00:00,102.3
2025-01-24 02:00:00,101.11
2025-01-24 03:00:00,108.34
2025-01-24 04:00:00,129.64
2025-01-24 05:00:00,155.0
2025-01-24 06:00:00,170.0
2025-01-24 07:00:00,160.95
2025-01-24 08:00:00,146.83
2025-01-24 09:00:00,142.28
2025-01-24 10:00:00,131.54
2025-01-24 11:00:00,127.94
2025-01-24 12:00:00,125.5
2025-01-24 13:00:00,130.57
2025-01-24 14:00:00,145.8
2025-01-24 15:00:00,170.0
2025-01-24 16:00:00,173.13
2025-01-24 17:00:00,167.78
2025-01-24 18:00:00,164.23
2025-01-24 19:00:00,154.34
2025-01-24 20:00:00,144.23
2025-01-24 21:00:00,138.86
2025-01-24 22:00:00,131.37
2025-01-24 23:00:00,109.28
2025-01-25 00:00:00,102.87
2025-01-25 01:00:00,91.73
2025-01-25 02:00:00,88.55
2025-01-25 03:00:00,90.58
2025-01-25 04:00:00,98.71
2025-01-25 05:00:00,112.12
2025-01-25 06:00:00,123.96
2025-01-25 07:00:00,110.28
2025-01-25 08:00:00,107.53
2025-01-25 09:00:00,96.16
2025-01-25 10:00:00,90.54
2025-01-25 11:00:00,87.22
2025-01-25 12:00:00,85.75
2025-01-25 13:00:00,99.32
2025-01-25 14:00:00,119.27
2025-01-25 15:00:00,151.71
2025-01-25 16:00:00,156.43
2025-01-25 17:00:00,158.05
2025-01-25 18:00:00,156.79
2025-01-25 19:00:00,149.29
2025-01-25 20:00:00,143.77
2025-01-25 21:00:00,137.5
2025-01-25 22:00:00,125.29
2025-01-25 23:00:00,131.89
2025-01-26 00:00:00,120.49
2025-01-26 01:00:00,118.41
2025-01-26 02:00:00,111.91
2025-01-26 03:00:00,112.54
2025-01-26 04:00:00,114.54
2025-01-26 05:00:00,116.68
2025-01-26 06:00:00,124.06
2025-01-26 07:00:00,132.82
2025-01-26 08:00:00,130.35
2025-01-26 09:00:00,112.58
2025-01-26 10:00:00,104.64
2025-01-26 11:00:00,97.76
2025-01-26 12:00:00,95.75
2025-01-26 13:00:00,112.79
2025-01-26 14:00:00,121.56
2025-01-26 15:00:00,136.41
2025-01-26 16:00:00,144.58
2025-01-26 17:00:00,132.57
2025-01-26 18:00:00,134.04
2025-01-26 19:00:00,126.1
2025-01-26 20:00:00,116.81
2025-01-26 21:00:00,97.69
2025-01-26 22:00:00,78.52
2025-01-26 23:00:00,60.36
2025-01-27 00:00:00,55.81
2025-01-27 01:00:00,41.52
2025-01-27 02:00:00,29.41
2025-01-27 03:00:00,44.65
2025-01-27 04:00:00,102.75
2025-01-27 05:00:00,141.2
2025-01-27 06:00:00,170.14
2025-01-27 07:00:00,159.3
2025-01-27 08:00:00,131.13
2025-01-27 09:00:00,101.25
2025-01-27 10:00:00,96.95
2025-01-27 11:00:00,86.21
2025-01-27 12:00:00,105.03
2025-01-27 13:00:00,129.77
2025-01-27 14:00:00,146.88
2025-01-27 15:00:00,173.53
2025-01-27 16:00:00,170.57
2025-01-27 17:00:00,171.49
2025-01-27 18:00:00,170.0
2025-01-27 19:00:00,153.0
2025-01-27 20:00:00,130.68
2025-01-27 21:00:00,119.27
2025-01-27 22:00:00,99.23
2025-01-27 23:00:00,95.52
2025-01-28 00:00:00,78.71
2025-01-28 01:00:00,87.38
2025-01-28 02:00:00,81.15
2025-01-28 03:00:00,80.47
2025-01-28 04:00:00,112.63
2025-01-28 05:00:00,139.1
2025-01-28 06:00:00,138.23
2025-01-28 07:00:00,139.38
2025-01-28 08:00:00,124.06
2025-01-28 09:00:00,131.95
2025-01-28 10:00:00,126.62
2025-01-28 11:00:00,123.26
2025-01-28 12:00:00,128.09
2025-01-28 13:00:00,132.62
2025-01-28 14:00:00,123.22
2025-01-28 15:00:00,141.99
2025-01-28 16:00:00,142.91
2025-01-28 17:00:00,148.4
2025-01-28 18:00:00,139.82
2025-01-28 19:00:00,140.45
2025-01-28 20:00:00,114.39
2025-01-28 21:00:00,116.54
2025-01-28 22:00:00,98.4
2025-01-28 23:00:00,98.78
2025-01-29 00:00:00,90.76
2025-01-29 01:00:00,84.74
2025-01-29 02:00:00,85.48
2025-01-29 03:00:00,90.66
2025-01-29 04:00:00,112.36
2025-01-29 05:00:00,143.47
2025-01-29 06:00:00,160.0
2025-01-29 07:00:00,146.54
2025-01-29 08:00:00,137.68
2025-01-29 09:00:00,112.08
2025-01-29 10:00:00,94.34
2025-01-29 11:00:00,86.41
2025-01-29 12:00:00,86.72
2025-01-29 13:00:00,98.19
2025-01-29 14:00:00,130.37
2025-01-29 15:00:00,161.14
2025-01-29 16:00:00,165.94
2025-01-29 17:00:00,158.37
2025-01-29 18:00:00,158.4
2025-01-29 19:00:00,146.42
2025-01-29 20:00:00,135.04
2025-01-29 21:00:00,122.16
2025-01-29 22:00:00,103.02
2025-01-29 23:00:00,102.8
2025-01-30 00:00:00,102.05
2025-01-30 01:00:00,99.44
2025-01-30 02:00:00,102.57
2025-01-30 03:00:00,102.33
2025-01-30 04:00:00,114.54
2025-01-30 05:00:00,145.43
2025-01-30 06:00:00,154.63
2025-01-30 07:00:00,160.3
2025-01-30 08:00:00,151.87
2025-01-30 09:00:00,132.69
2025-01-30 10:00:00,123.25
2025-01-30 11:00:00,112.69
2025-01-30 12:00:00,113.3
2025-01-30 13:00:00,130.03
2025-01-30 14:00:00,153.25
2025-01-30 15:00:00,160.72
2025-01-30 16:00:00,175.12
2025-01-30 17:00:00,171.6
2025-01-30 18:00:00,161.28
2025-01-30 19:00:00,151.45
2025-01-30 20:00:00,135.14
2025-01-30 21:00:00,126.96
2025-01-30 22:00:00,120.2
2025-01-30 23:00:00,120.0
2025-01-31 00:00:00,117.53
2025-01-31 01:00:00,114.09
2025-01-31 02:00:00,114.58
2025-01-31 03:00:00,117.4
2025-01-31 04:00:00,121.87
2025-01-31 05:00:00,148.61
2025-01-31 06:00:00,160.09
2025-01-31 07:00:00,163.7
2025-01-31 08:00:00,154.82
2025-01-31 09:00:00,130.1
2025-01-31 10:00:00,126.2
2025-01-31 11:00:00,120.06
2025-01-31 12:00:00,121.19
2025-01-31 13:00:00,120.07
2025-01-31 14:00:00,153.66
2025-01-31 15:00:00,167.5
2025-01-31 16:00:00,180.0
2025-01-31 17:00:00,184.48
2025-01-31 18:00:00,178.99
2025-01-31 19:00:00,162.66
2025-01-31 20:00:00,152.7
2025-01-31 21:00:00,149.0
2025-01-31 22:00:00,133.52
2025-01-31 23:00:00,138.47
2025-02-01 00:00:00,130.57
2025-02-01 01:00:00,125.14
2025-02-01 02:00:00,119.3
2025-02-01 03:00:00,120.06
2025-02-01 04:00:00,121.6
2025-02-01 05:00:00,127.34
2025-02-01 06:00:00,144.74
2025-02-01 07:00:00,153.46
2025-02-01 08:00:00,142.44
2025-02-01 09:00:00,128.4
2025-02-01 10:00:00,120.08
2025-02-01 11:00:00,110.29
2025-02-01 12:00:00,103.4
2025-02-01 13:00:00,113.7
2025-02-01 14:00:00,130.8
2025-02-01 15:00:00,155.96
2025-02-01 16:00:00,165.67
2025-02-01 17:00:00,166.59
2025-02-01 18:00:00,162.98
2025-02-01 19:00:00,156.6
2025-02-01 20:00:00,145.24
2025-02-01 21:00:00,141.73
2025-02-01 22:00:00,131.74
2025-02-01 23:00:00,133.26
2025-02-02 00:00:00,126.91
2025-02-02 01:00:00,122.99
2025-02-02 02:00:00,120.66
2025-02-02 03:00:00,122.34
2025-02-02 04:00:00,123.41
2025-02-02 05:00:00,128.09
2025-02-02 06:00:00,135.9
2025-02-02 07:00:00,137.3
2025-02-02 08:00:00,137.7
2025-02-02 09:00:00,130.04
2025-02-02 10:00:00,129.33
2025-02-02 11:00:00,122.24
2025-02-02 12:00:00,111.88
2025-02-02 13:00:00,117.0
2025-02-02 14:00:00,130.34
2025-02-02 15:00:00,156.07
2025-02-02 16:00:00,167.1
2025-02-02 17:00:00,171.72
2025-02-02 18:00:00,173.95
2025-02-02 19:00:00,165.5
2025-02-02 20:00:00,155.77
2025-02-02 21:00:00,148.44
2025-02-02 22:00:00,133.24
2025-02-02 23:00:00,129.54
2025-02-03 00:00:00,126.63
2025-02-03 01:00:00,124.72
2025-02-03 02:00:00,120.04
2025-02-03 03:00:00,123.24
2025-02-03 04:00:00,127.77
2025-02-03 05:00:00,159.18
2025-02-03 06:00:00,207.88
2025-02-03 07:00:00,243.23
2025-02-03 08:00:00,178.04
2025-02-03 09:00:00,149.95
2025-02-03 10:00:00,126.24
2025-02-03 11:00:00,117.27
2025-02-03 12:00:00,115.74
2025-02-03 13:00:00,124.48
2025-02-03 14:00:00,148.03
2025-02-03 15:00:00,165.63
2025-02-03 16:00:00,209.52
2025-02-03 17:00:00,200.73
2025-02-03 18:00:00,201.1
2025-02-03 19:00:00,167.74
2025-02-03 20:00:00,153.0
2025-02-03 21:00:00,144.19
2025-02-03 22:00:00,135.81
2025-02-03 23:00:00,132.4
2025-02-04 00:00:00,125.54
2025-02-04 01:00:00,123.18
2025-02-04 02:00:00,123.99
2025-02-04 03:00:00,123.25
2025-02-04 04:00:00,127.63
2025-02-04 05:00:00,155.0
2025-02-04 06:00:00,190.27
2025-02-04 07:00:00,211.99
2025-02-04 08:00:00,163.31
2025-02-04 09:00:00,136.53
2025-02-04 10:00:00,126.86
2025-02-04 11:00:00,118.25
2025-02-04 12:00:00,113.19
2025-02-04 13:00:00,120.09
2025-02-04 14:00:00,143.21
2025-02-04 15:00:00,166.45
2025-02-04 16:00:00,173.2
2025-02-04 17:00:00,175.0
2025-02-04 18:00:00,171.88
2025-02-04 19:00:00,158.92
2025-02-04 20:00:00,135.02
2025-02-04 21:00:00,132.02
2025-02-04 22:00:00,125.08
2025-02-04 23:00:00,116.93
2025-02-05 00:00:00,111.97
2025-02-05 01:00:00,111.09
2025-02-05 02:00:00,109.94
2025-02-05 03:00:00,115.68
2025-02-05 04:00:00,122.57
2025-02-05 05:00:00,151.43
2025-02-05 06:00:00,168.83
2025-02-05 07:00:00,180.81
2025-02-05 08:00:00,159.33
2025-02-05 09:00:00,134.93
2025-02-05 10:00:00,124.15
2025-02-05 11:00:00,118.71
2025-02-05 12:00:00,120.26
2025-02-05 13:00:00,128.85
2025-02-05 14:00:00,144.12
2025-02-05 15:00:00,159.04
2025-02-05 16:00:00,177.0
2025-02-05 17:00:00,189.9
2025-02-05 18:00:00,189.63
2025-02-05 19:00:00,170.0
2025-02-05 20:00:00,155.42
2025-02-05 21:00:00,143.7
2025-02-05 22:00:00,134.1
2025-02-05 23:00:00,133.67
2025-02-06 00:00:00,130.02
2025-02-06 01:00:00,126.01
2025-02-06 02:00:00,125.01
2025-02-06 03:00:00,125.01
2025-02-06 04:00:00,133.96
2025-02-06 05:00:00,153.51
2025-02-06 06:00:00,180.09
2025-02-06 07:00:00,218.03
2025-02-06 08:00:00,178.77
2025-02-06 09:00:00,158.82
2025-02-06 10:00:00,149.59
2025-02-06 11:00:00,144.34
2025-02-06 12:00:00,141.06
2025-02-06 13:00:00,140.98
2025-02-06 14:00:00,150.26
2025-02-06 15:00:00,166.79
2025-02-06 16:00:00,173.44
2025-02-06 17:00:00,176.19
2025-02-06 18:00:00,171.25
2025-02-06 19:00:00,160.0
2025-02-06 20:00:00,144.94
2025-02-06 21:00:00,138.97
2025-02-06 22:00:00,121.95
2025-02-06 23:00:00,126.05
2025-02-07 00:00:00,112.7
2025-02-07 01:00:00,108.82
2025-02-07 02:00:00,105.0
2025-02-07 03:00:00,109.63
2025-02-07 04:00:00,118.02
2025-02-07 05:00:00,153.3
2025-02-07 06:00:00,169.23
2025-02-07 07:00:00,164.94
2025-02-07 08:00:00,150.46
2025-02-07 09:00:00,134.95
2025-02-07 10:00:00,118.79
2025-02-07 11:00:00,115.37
2025-02-07 12:00:00,114.89
2025-02-07 13:00:00,118.04
2025-02-07 14:00:00,133.3
2025-02-07 15:00:00,165.17
2025-02-07 16:00:00,169.89
2025-02-07 17:00:00,170.0
2025-02-07 18:00:00,167.57
2025-02-07 19:00:00,162.03
2025-02-07 20:00:00,138.68
2025-02-07 21:00:00,117.79
2025-02-07 22:00:00,111.79
2025-02-07 23:00:00,90.92
2025-02-08 00:00:00,88.19
2025-02-08 01:00:00,86.9
2025-02-08 02:00:00,89.12
2025-02-08 03:00:00,89.69
2025-02-08 04:00:00,90.99
2025-02-08 05:00:00,96.55
2025-02-08 06:00:00,107.24
2025-02-08 07:00:00,113.31
2025-02-08 08:00:00,101.62
2025-02-08 09:00:00,96.89
2025-02-08 10:00:00,90.16
2025-02-08 11:00:00,89.63
2025-02-08 12:00:00,91.12
2025-02-08 13:00:00,95.26
2025-02-08 14:00:00,118.0
2025-02-08 15:00:00,148.01
2025-02-08 16:00:00,159.99
2025-02-08 17:00:00,160.53
2025-02-08 18:00:00,158.0
2025-02-08 19:00:00,152.84
2025-02-08 20:00:00,149.0
2025-02-08 21:00:00,142.5
2025-02-08 22:00:00,133.66
2025-02-08 23:00:00,135.0
2025-02-09 00:00:00,126.03
2025-02-09 01:00:00,121.52
2025-02-09 02:00:00,119.3
2025-02-09 03:00:00,116.82
2025-02-09 04:00:00,117.0
2025-02-09 05:00:00,117.0
2025-02-09 06:00:00,133.43
2025-02-09 07:00:00,136.77
2025-02-09 08:00:00,122.54
2025-02-09 09:00:00,113.82
2025-02-09 10:00:00,110.59
2025-02-09 11:00:00,104.26
2025-02-09 12:00:00,101.32
2025-02-09 13:00:00,109.9
2025-02-09 14:00:00,120.4
2025-02-09 15:00:00,149.0
2025-02-09 16:00:00,158.59
2025-02-09 17:00:00,172.64
2025-02-09 18:00:00,172.27
2025-02-09 19:00:00,163.01
2025-02-09 20:00:00,144.24
2025-02-09 21:00:00,143.0
2025-02-09 22:00:00,129.24
2025-02-09 23:00:00,120.27
2025-02-10 00:00:00,115.7
2025-02-10 01:00:00,112.98
2025-02-10 02:00:00,108.76
2025-02-10 03:00:00,108.37
2025-02-10 04:00:00,117.36
2025-02-10 05:00:00,159.91
2025-02-10 06:00:00,179.23
2025-02-10 07:00:00,181.36
2025-02-10 08:00:00,163.18
2025-02-10 09:00:00,160.0
2025-02-10 10:00:00,146.22
2025-02-10 11:00:00,128.08
2025-02-10 12:00:00,123.51
2025-02-10 13:00:00,132.26
2025-02-10 14:00:00,166.62
2025-02-10 15:00:00,185.0
2025-02-10 16:00:00,191.9
2025-02-10 17:00:00,195.32
2025-02-10 18:00:00,186.1
2025-02-10 19:00:00,181.01
2025-02-10 20:00:00,160.36
2025-02-10 21:00:00,157.0
2025-02-10 22:00:00,128.4
2025-02-10 23:00:00,130.81
2025-02-11 00:00:00,121.76
2025-02-11 01:00:00,122.09
2025-02-11 02:00:00,116.55
2025-02-11 03:00:00,121.37
2025-02-11 04:00:00,154.2
2025-02-11 05:00:00,179.02
2025-02-11 06:00:00,236.42
2025-02-11 07:00:00,178.26
2025-02-11 08:00:00,145.48
2025-02-11 09:00:00,122.95
2025-02-11 10:00:00,121.38
2025-02-11 11:00:00,121.85
2025-02-11 12:00:00,119.86
2025-02-11 13:00:00,129.52
2025-02-11 14:00:00,156.97
2025-02-11 15:00:00,181.3
2025-02-11 16:00:00,185.32
2025-02-11 17:00:00,209.54
2025-02-11 18:00:00,196.3
2025-02-11 19:00:00,176.4
2025-02-11 20:00:00,168.27
2025-02-11 21:00:00,157.78
2025-02-11 22:00:00,132.08
2025-02-11 23:00:00,129.46
2025-02-12 00:00:00,127.87
2025-02-12 01:00:00,126.82
2025-02-12 02:00:00,126.59
2025-02-12 03:00:00,128.74
2025-02-12 04:00:00,135.24
2025-02-12 05:00:00,168.93
2025-02-12 06:00:00,180.71
2025-02-12 07:00:00,180.0
2025-02-12 08:00:00,174.92
2025-02-12 09:00:00,166.02
2025-02-12 10:00:00,159.05
2025-02-12 11:00:00,149.64
2025-02-12 12:00:00,151.99
2025-02-12 13:00:00,163.79
2025-02-12 14:00:00,177.3
2025-02-12 15:00:00,197.5
2025-02-12 16:00:00,240.99
2025-02-12 17:00:00,240.22
2025-02-12 18:00:00,212.95
2025-02-12 19:00:00,212.12
2025-02-12 20:00:00,174.26
2025-02-12 21:00:00,168.67
2025-02-12 22:00:00,156.85
2025-02-12 23:00:00,156.5
2025-02-13 00:00:00,148.33
2025-02-13 01:00:00,147.3
2025-02-13 02:00:00,142.66
2025-02-13 03:00:00,147.47
2025-02-13 04:00:00,160.4
2025-02-13 05:00:00,200.56
2025-02-13 06:00:00,438.98
2025-02-13 07:00:00,314.9
2025-02-13 08:00:00,255.02
2025-02-13 09:00:00,208.48
2025-02-13 10:00:00,187.97
2025-02-13 11:00:00,191.68
2025-02-13 12:00:00,220.04
2025-02-13 13:00:00,239.4
2025-02-13 14:00:00,261.45
2025-02-13 15:00:00,260.03
2025-02-13 16:00:00,231.21
2025-02-13 17:00:00,206.2
2025-02-13 18:00:00,196.52
2025-02-13 19:00:00,178.19
2025-02-13 20:00:00,162.92
2025-02-13 21:00:00,153.12
2025-02-13 22:00:00,139.18
2025-02-13 23:00:00,140.3
2025-02-14 00:00:00,135.34
2025-02-14 01:00:00,130.68
2025-02-14 02:00:00,130.97
2025-02-14 03:00:00,131.48
2025-02-14 04:00:00,140.9
2025-02-14 05:00:00,164.22
2025-02-14 06:00:00,217.22
2025-02-14 07:00:00,258.96
2025-02-14 08:00:00,211.63
2025-02-14 09:00:00,179.0
2025-02-14 10:00:00,164.86
2025-02-14 11:00:00,150.37
2025-02-14 12:00:00,150.66
2025-02-14 13:00:00,159.0
2025-02-14 14:00:00,170.98
2025-02-14 15:00:00,193.21
2025-02-14 16:00:00,282.0
2025-02-14 17:00:00,281.98
2025-02-14 18:00:00,222.79
2025-02-14 19:00:00,183.55
2025-02-14 20:00:00,163.42
2025-02-14 21:00:00,153.0
2025-02-14 22:00:00,140.03
2025-02-14 23:00:00,136.47
2025-02-15 00:00:00,131.47
2025-02-15 01:00:00,120.81
2025-02-15 02:00:00,119.71
2025-02-15 03:00:00,120.13
2025-02-15 04:00:00,121.99
2025-02-15 05:00:00,136.05
2025-02-15 06:00:00,150.52
2025-02-15 07:00:00,149.54
2025-02-15 08:00:00,137.11
2025-02-15 09:00:00,124.59
2025-02-15 10:00:00,118.36
2025-02-15 11:00:00,112.39
2025-02-15 12:00:00,110.01
2025-02-15 13:00:00,116.96
2025-02-15 14:00:00,131.11
2025-02-15 15:00:00,153.25
2025-02-15 16:00:00,173.1
2025-02-15 17:00:00,177.95
2025-02-15 18:00:00,171.64
2025-02-15 19:00:00,162.3
2025-02-15 20:00:00,147.91
2025-02-15 21:00:00,137.91
2025-02-15 22:00:00,131.85
2025-02-15 23:00:00,134.11
2025-02-16 00:00:00,128.9
2025-02-16 01:00:00,123.57
2025-02-16 02:00:00,119.9
2025-02-16 03:00:00,119.57
2025-02-16 04:00:00,120.77
2025-02-16 05:00:00,123.16
2025-02-16 06:00:00,132.88
2025-02-16 07:00:00,140.09
2025-02-16 08:00:00,139.14
2025-02-16 09:00:00,132.99
2025-02-16 10:00:00,132.63
2025-02-16 11:00:00,129.41
2025-02-16 12:00:00,129.54
2025-02-16 13:00:00,132.6
2025-02-16 14:00:00,139.43
2025-02-16 15:00:00,158.07
2025-02-16 16:00:00,173.1
2025-02-16 17:00:00,176.21
2025-02-16 18:00:00,171.37
2025-02-16 19:00:00,164.87
2025-02-16 20:00:00,156.45
2025-02-16 21:00:00,147.3
2025-02-16 22:00:00,131.51
2025-02-16 23:00:00,131.69
2025-02-17 00:00:00,121.06
2025-02-17 01:00:00,120.34
2025-02-17 02:00:00,126.55
2025-02-17 03:00:00,130.31
2025-02-17 04:00:00,141.37
2025-02-17 05:00:00,173.0
2025-02-17 06:00:00,208.35
2025-02-17 07:00:00,209.79
2025-02-17 08:00:00,171.3
2025-02-17 09:00:00,139.67
2025-02-17 10:00:00,117.81
2025-02-17 11:00:00,112.48
2025-02-17 12:00:00,107.36
2025-02-17 13:00:00,121.78
2025-02-17 14:00:00,147.46
2025-02-17 15:00:00,171.72
2025-02-17 16:00:00,219.75
2025-02-17 17:00:00,266.32
2025-02-17 18:00:00,216.46
2025-02-17 19:00:00,179.03
2025-02-17 20:00:00,161.59
2025-02-17 21:00:00,153.72
2025-02-17 22:00:00,140.81
2025-02-17 23:00:00,135.6
2025-02-18 00:00:00,131.55
2025-02-18 01:00:00,125.89
2025-02-18 02:00:00,122.29
2025-02-18 03:00:00,125.6
2025-02-18 04:00:00,146.97
2025-02-18 05:00:00,199.92
2025-02-18 06:00:00,321.33
2025-02-18 07:00:00,193.8
2025-02-18 08:00:00,160.0
2025-02-18 09:00:00,140.31
2025-02-18 10:00:00,130.32
2025-02-18 11:00:00,127.41
2025-02-18 12:00:00,137.27
2025-02-18 13:00:00,145.13
2025-02-18 14:00:00,157.14
2025-02-18 15:00:00,251.4
2025-02-18 16:00:00,243.86
2025-02-18 17:00:00,231.51
2025-02-18 18:00:00,224.08
2025-02-18 19:00:00,174.81
2025-02-18 20:00:00,163.0
2025-02-18 21:00:00,152.97
2025-02-18 22:00:00,133.24
2025-02-18 23:00:00,126.82
2025-02-19 00:00:00,125.68
2025-02-19 01:00:00,124.34
2025-02-19 02:00:00,123.7
2025-02-19 03:00:00,128.01
2025-02-19 04:00:00,142.33
2025-02-19 05:00:00,165.06
2025-02-19 06:00:00,195.78
2025-02-19 07:00:00,174.98
2025-02-19 08:00:00,150.76
2025-02-19 09:00:00,114.26
2025-02-19 10:00:00,113.31
2025-02-19 11:00:00,107.1
2025-02-19 12:00:00,106.82
2025-02-19 13:00:00,114.34
2025-02-19 14:00:00,136.63
2025-02-19 15:00:00,167.31
2025-02-19 16:00:00,212.46
2025-02-19 17:00:00,213.07
2025-02-19 18:00:00,189.82
2025-02-19 19:00:00,172.77
2025-02-19 20:00:00,159.76
2025-02-19 21:00:00,155.45
2025-02-19 22:00:00,146.6
2025-02-19 23:00:00,120.12
2025-02-20 00:00:00,117.91
2025-02-20 01:00:00,114.42
2025-02-20 02:00:00,110.03
2025-02-20 03:00:00,117.51
2025-02-20 04:00:00,142.01
2025-02-20 05:00:00,173.51
2025-02-20 06:00:00,216.71
2025-02-20 07:00:00,178.5
2025-02-20 08:00:00,120.89
2025-02-20 09:00:00,106.08
2025-02-20 10:00:00,91.47
2025-02-20 11:00:00,93.31
2025-02-20 12:00:00,98.39
2025-02-20 13:00:00,106.43
2025-02-20 14:00:00,141.03
2025-02-20 15:00:00,166.03
2025-02-20 16:00:00,230.31
2025-02-20 17:00:00,240.51
2025-02-20 18:00:00,221.35
2025-02-20 19:00:00,165.32
2025-02-20 20:00:00,155.69
2025-02-20 21:00:00,152.86
2025-02-20 22:00:00,126.73
2025-02-20 23:00:00,108.92
2025-02-21 00:00:00,105.06
2025-02-21 01:00:00,107.65
2025-02-21 02:00:00,109.5
2025-02-21 03:00:00,108.52
2025-02-21 04:00:00,131.44
2025-02-21 05:00:00,154.32
2025-02-21 06:00:00,174.57
2025-02-21 07:00:00,145.69
2025-02-21 08:00:00,129.95
2025-02-21 09:00:00,104.32
2025-02-21 10:00:00,88.28
2025-02-21 11:00:00,80.49
2025-02-21 12:00:00,79.91
2025-02-21 13:00:00,100.5
2025-02-21 14:00:00,104.06
2025-02-21 15:00:00,152.48
2025-02-21 16:00:00,169.26
2025-02-21 17:00:00,170.3
2025-02-21 18:00:00,170.05
2025-02-21 19:00:00,157.28
2025-02-21 20:00:00,140.09
2025-02-21 21:00:00,126.32
2025-02-21 22:00:00,108.51
2025-02-21 23:00:00,113.85
2025-02-22 00:00:00,109.32
2025-02-22 01:00:00,106.85
2025-02-22 02:00:00,102.05
2025-02-22 03:00:00,103.78
2025-02-22 04:00:00,109.78
2025-02-22 05:00:00,131.6
2025-02-22 06:00:00,124.42
2025-02-22 07:00:00,97.14
2025-02-22 08:00:00,70.83
2025-02-22 09:00:00,59.02
2025-02-22 10:00:00,57.13
2025-02-22 11:00:00,53.37
2025-02-22 12:00:00,56.36
2025-02-22 13:00:00,68.29
2025-02-22 14:00:00,114.02
2025-02-22 15:00:00,156.15
2025-02-22 16:00:00,174.35
2025-02-22 17:00:00,165.01
2025-02-22 18:00:00,174.13
2025-02-22 19:00:00,163.23
2025-02-22 20:00:00,146.31
2025-02-22 21:00:00,141.42
2025-02-22 22:00:00,139.84
2025-02-22 23:00:00,121.65
2025-02-23 00:00:00,121.06
2025-02-23 01:00:00,113.53
2025-02-23 02:00:00,112.91
2025-02-23 03:00:00,114.04
2025-02-23 04:00:00,119.07
2025-02-23 05:00:00,131.7
2025-02-23 06:00:00,128.94
2025-02-23 07:00:00,117.49
2025-02-23 08:00:00,103.03
2025-02-23 09:00:00,88.05
2025-02-23 10:00:00,89.64
2025-02-23 11:00:00,76.31
2025-02-23 12:00:00,75.74
2025-02-23 13:00:00,106.57
2025-02-23 14:00:00,142.29
2025-02-23 15:00:00,201.07
2025-02-23 16:00:00,175.58
2025-02-23 17:00:00,178.75
2025-02-23 18:00:00,175.04
2025-02-23 19:00:00,161.44
2025-02-23 20:00:00,156.33
2025-02-23 21:00:00,138.56
2025-02-23 22:00:00,134.0
2025-02-23 23:00:00,126.03
2025-02-24 00:00:00,113.59
2025-02-24 01:00:00,109.59
2025-02-24 02:00:00,107.52
2025-02-24 03:00:00,110.9
2025-02-24 04:00:00,143.23
2025-02-24 05:00:00,189.08
2025-02-24 06:00:00,219.92
2025-02-24 07:00:00,170.52
2025-02-24 08:00:00,156.61
2025-02-24 09:00:00,139.81
2025-02-24 10:00:00,125.76
2025-02-24 11:00:00,120.87
2025-02-24 12:00:00,119.16
2025-02-24 13:00:00,134.23
2025-02-24 14:00:00,174.8
2025-02-24 15:00:00,207.1
2025-02-24 16:00:00,233.93
2025-02-24 17:00:00,268.8
2025-02-24 18:00:00,255.71
2025-02-24 19:00:00,190.44
2025-02-24 20:00:00,164.4
2025-02-24 21:00:00,153.56
2025-02-24 22:00:00,128.87
2025-02-24 23:00:00,134.32
2025-02-25 00:00:00,123.41
2025-02-25 01:00:00,119.32
2025-02-25 02:00:00,118.93
2025-02-25 03:00:00,122.86
2025-02-25 04:00:00,140.37
2025-02-25 05:00:00,191.1
2025-02-25 06:00:00,218.51
2025-02-25 07:00:00,171.59
2025-02-25 08:00:00,156.09
2025-02-25 09:00:00,143.2
2025-02-25 10:00:00,129.24
2025-02-25 11:00:00,127.96
2025-02-25 12:00:00,130.29
2025-02-25 13:00:00,139.79
2025-02-25 14:00:00,154.76
2025-02-25 15:00:00,188.03
2025-02-25 16:00:00,242.59
2025-02-25 17:00:00,265.93
2025-02-25 18:00:00,226.51
2025-02-25 19:00:00,178.98
2025-02-25 20:00:00,151.59
2025-02-25 21:00:00,140.01
2025-02-25 22:00:00,128.74
2025-02-25 23:00:00,125.02
2025-02-26 00:00:00,123.05
2025-02-26 01:00:00,119.3
2025-02-26 02:00:00,118.93
2025-02-26 03:00:00,119.3
2025-02-26 04:00:00,124.8
2025-02-26 05:00:00,169.28
2025-02-26 06:00:00,198.72
2025-02-26 07:00:00,176.95
2025-02-26 08:00:00,156.84
2025-02-26 09:00:00,146.01
2025-02-26 10:00:00,132.87
2025-02-26 11:00:00,121.7
2025-02-26 12:00:00,123.01
2025-02-26 13:00:00,130.75
2025-02-26 14:00:00,147.51
2025-02-26 15:00:00,172.11
2025-02-26 16:00:00,177.36
2025-02-26 17:00:00,187.39
2025-02-26 18:00:00,179.38
2025-02-26 19:00:00,166.07
2025-02-26 20:00:00,140.81
2025-02-26 21:00:00,132.4
2025-02-26 22:00:00,118.75
2025-02-26 23:00:00,109.93
2025-02-27 00:00:00,103.81
2025-02-27 01:00:00,102.76
2025-02-27 02:00:00,101.59
2025-02-27 03:00:00,101.55
2025-02-27 04:00:00,108.81
2025-02-27 05:00:00,142.25
2025-02-27 06:00:00,159.84
2025-02-27 07:00:00,164.89
2025-02-27 08:00:00,149.31
2025-02-27 09:00:00,135.0
2025-02-27 10:00:00,125.06
2025-02-27 11:00:00,118.37
2025-02-27 12:00:00,116.44
2025-02-27 13:00:00,119.75
2025-02-27 14:00:00,135.38
2025-02-27 15:00:00,163.63
2025-02-27 16:00:00,167.21
2025-02-27 17:00:00,174.06
2025-02-27 18:00:00,168.15
2025-02-27 19:00:00,159.6
2025-02-27 20:00:00,140.0
2025-02-27 21:00:00,129.45
2025-02-27 22:00:00,114.78
2025-02-27 23:00:00,118.93
2025-02-28 00:00:00,110.54
2025-02-28 01:00:00,109.38
2025-02-28 02:00:00,107.09
2025-02-28 03:00:00,112.73
2025-02-28 04:00:00,120.4
2025-02-28 05:00:00,148.04
2025-02-28 06:00:00,169.8
2025-02-28 07:00:00,161.06
2025-02-28 08:00:00,147.69
2025-02-28 09:00:00,129.72
2025-02-28 10:00:00,117.94
2025-02-28 11:00:00,110.45
2025-02-28 12:00:00,110.24
2025-02-28 13:00:00,112.8
2025-02-28 14:00:00,127.07
2025-02-28 15:00:00,150.72
2025-02-28 16:00:00,173.41
2025-02-28 17:00:00,178.79
2025-02-28 18:00:00,181.96
2025-02-28 19:00:00,167.02
2025-02-28 20:00:00,148.81
2025-02-28 21:00:00,135.0
2025-02-28 22:00:00,123.25
2025-02-28 23:00:00,129.18
2025-03-01 00:00:00,120.83
2025-03-01 01:00:00,117.33
2025-03-01 02:00:00,113.32
2025-03-01 03:00:00,110.59
2025-03-01 04:00:00,115.68
2025-03-01 05:00:00,126.96
2025-03-01 06:00:00,138.04
2025-03-01 07:00:00,140.08
2025-03-01 08:00:00,139.86
2025-03-01 09:00:00,128.0
2025-03-01 10:00:00,114.97
2025-03-01 11:00:00,104.02
2025-03-01 12:00:00,100.27
2025-03-01 13:00:00,104.56
2025-03-01 14:00:00,124.46
2025-03-01 15:00:00,146.33
2025-03-01 16:00:00,182.05
2025-03-01 17:00:00,181.48
2025-03-01 18:00:00,173.2
2025-03-01 19:00:00,152.66
2025-03-01 20:00:00,136.0
2025-03-01 21:00:00,124.86
2025-03-01 22:00:00,119.92
2025-03-01 23:00:00,125.37
2025-03-02 00:00:00,115.15
2025-03-02 01:00:00,103.0
2025-03-02 02:00:00,100.5
2025-03-02 03:00:00,105.48
2025-03-02 04:00:00,107.21
2025-03-02 05:00:00,118.75
2025-03-02 06:00:00,119.72
2025-03-02 07:00:00,108.35
2025-03-02 08:00:00,89.0
2025-03-02 09:00:00,68.3
2025-03-02 10:00:00,49.0
2025-03-02 11:00:00,27.5
2025-03-02 12:00:00,18.44
2025-03-02 13:00:00,53.66
2025-03-02 14:00:00,72.35
2025-03-02 15:00:00,115.02
2025-03-02 16:00:00,146.23
2025-03-02 17:00:00,156.11
2025-03-02 18:00:00,157.06
2025-03-02 19:00:00,148.33
2025-03-02 20:00:00,139.0
2025-03-02 21:00:00,123.93
2025-03-02 22:00:00,113.67
2025-03-02 23:00:00,115.02
2025-03-03 00:00:00,108.85
2025-03-03 01:00:00,107.33
2025-03-03 02:00:00,103.3
2025-03-03 03:00:00,106.81
2025-03-03 04:00:00,119.43
2025-03-03 05:00:00,140.09
2025-03-03 06:00:00,163.0
2025-03-03 07:00:00,147.74
2025-03-03 08:00:00,109.11
2025-03-03 09:00:00,103.9
2025-03-03 10:00:00,83.51
2025-03-03 11:00:00,89.53
2025-03-03 12:00:00,57.98
2025-03-03 13:00:00,86.7
2025-03-03 14:00:00,111.14
2025-03-03 15:00:00,137.35
2025-03-03 16:00:00,169.35
2025-03-03 17:00:00,220.61
2025-03-03 18:00:00,183.23
2025-03-03 19:00:00,159.84
2025-03-03 20:00:00,156.71
2025-03-03 21:00:00,145.09
2025-03-03 22:00:00,141.24
2025-03-03 23:00:00,128.55
2025-03-04 00:00:00,119.9
2025-03-04 01:00:00,109.86
2025-03-04 02:00:00,108.19
2025-03-04 03:00:00,115.0
2025-03-04 04:00:00,150.68
2025-03-04 05:00:00,174.08
2025-03-04 06:00:00,175.68
2025-03-04 07:00:00,141.95
2025-03-04 08:00:00,115.78
2025-03-04 09:00:00,96.08
2025-03-04 10:00:00,110.53
2025-03-04 11:00:00,37.34
2025-03-04 12:00:00,29.61
2025-03-04 13:00:00,67.04
2025-03-04 14:00:00,100.44
2025-03-04 15:00:00,149.21
2025-03-04 16:00:00,177.98
2025-03-04 17:00:00,229.77
2025-03-04 18:00:00,186.2
2025-03-04 19:00:00,164.22
2025-03-04 20:00:00,148.78
2025-03-04 21:00:00,140.0
2025-03-04 22:00:00,130.18
2025-03-04 23:00:00,128.92
2025-03-05 00:00:00,117.41
2025-03-05 01:00:00,112.36
2025-03-05 02:00:00,107.7
2025-03-05 03:00:00,117.0
2025-03-05 04:00:00,131.12
2025-03-05 05:00:00,163.16
2025-03-05 06:00:00,152.0
2025-03-05 07:00:00,109.35
2025-03-05 08:00:00,75.55
2025-03-05 09:00:00,23.69
2025-03-05 10:00:00,11.43
2025-03-05 11:00:00,7.46
2025-03-05 12:00:00,1.2
2025-03-05 13:00:00,3.95
2025-03-05 14:00:00,73.53
2025-03-05 15:00:00,121.73
2025-03-05 16:00:00,151.89
2025-03-05 17:00:00,186.56
2025-03-05 18:00:00,166.6
2025-03-05 19:00:00,150.85
2025-03-05 20:00:00,143.59
2025-03-05 21:00:00,126.91
2025-03-05 22:00:00,118.71
2025-03-05 23:00:00,101.85
2025-03-06 00:00:00,102.48
2025-03-06 01:00:00,102.25
2025-03-06 02:00:00,104.27
2025-03-06 03:00:00,111.1
2025-03-06 04:00:00,130.94
2025-03-06 05:00:00,163.05
2025-03-06 06:00:00,154.09
2025-03-06 07:00:00,108.5
2025-03-06 08:00:00,79.71
2025-03-06 09:00:00,57.8
2025-03-06 10:00:00,5.39
2025-03-06 11:00:00,1.64
2025-03-06 12:00:00,0.76
2025-03-06 13:00:00,13.16
2025-03-06 14:00:00,74.61
2025-03-06 15:00:00,123.06
2025-03-06 16:00:00,179.22
2025-03-06 17:00:00,197.91
2025-03-06 18:00:00,182.97
2025-03-06 19:00:00,156.73
2025-03-06 20:00:00,139.0
2025-03-06 21:00:00,128.03
2025-03-06 22:00:00,117.01
2025-03-06 23:00:00,105.2
2025-03-07 00:00:00,104.05
2025-03-07 01:00:00,99.69
2025-03-07 02:00:00,100.91
2025-03-07 03:00:00,105.13
2025-03-07 04:00:00,123.97
2025-03-07 05:00:00,151.52
2025-03-07 06:00:00,152.3
2025-03-07 07:00:00,124.53
2025-03-07 08:00:00,83.33
2025-03-07 09:00:00,65.83
2025-03-07 10:00:00,31.81
2025-03-07 11:00:00,12.79
2025-03-07 12:00:00,8.01
2025-03-07 13:00:00,38.55
2025-03-07 14:00:00,96.38
2025-03-07 15:00:00,136.03
2025-03-07 16:00:00,158.93
2025-03-07 17:00:00,220.3
2025-03-07 18:00:00,191.01
2025-03-07 19:00:00,160.16
2025-03-07 20:00:00,140.5
2025-03-07 21:00:00,130.05
2025-03-07 22:00:00,123.19
2025-03-07 23:00:00,132.29
2025-03-08 00:00:00,124.95
2025-03-08 01:00:00,129.5
2025-03-08 02:00:00,127.1
2025-03-08 03:00:00,129.55
2025-03-08 04:00:00,135.84
2025-03-08 05:00:00,135.2
2025-03-08 06:00:00,125.12
2025-03-08 07:00:00,98.04
2025-03-08 08:00:00,72.54
2025-03-08 09:00:00,18.05
2025-03-08 10:00:00,2.26
2025-03-08 11:00:00,0.84
2025-03-08 12:00:00,0.04
2025-03-08 13:00:00,0.07
2025-03-08 14:00:00,60.57
2025-03-08 15:00:00,113.38
2025-03-08 16:00:00,161.77
2025-03-08 17:00:00,203.01
2025-03-08 18:00:00,175.54
2025-03-08 19:00:00,143.48
2025-03-08 20:00:00,131.86
2025-03-08 21:00:00,125.0
2025-03-08 22:00:00,112.95
2025-03-08 23:00:00,108.7
2025-03-09 00:00:00,105.73
2025-03-09 01:00:00,103.96
2025-03-09 02:00:00,106.67
2025-03-09 03:00:00,109.71
2025-03-09 04:00:00,112.5
2025-03-09 05:00:00,110.22
2025-03-09 06:00:00,98.62
2025-03-09 07:00:00,68.34
2025-03-09 08:00:00,29.27
2025-03-09 09:00:00,10.1
2025-03-09 10:00:00,1.75
2025-03-09 11:00:00,0.8
2025-03-09 12:00:00,-0.24
2025-03-09 13:00:00,0.77
2025-03-09 14:00:00,17.39
2025-03-09 15:00:00,99.05
2025-03-09 16:00:00,137.51
2025-03-09 17:00:00,145.64
2025-03-09 18:00:00,143.48
2025-03-09 19:00:00,135.16
2025-03-09 20:00:00,127.45
2025-03-09 21:00:00,115.64
2025-03-09 22:00:00,110.18
2025-03-09 23:00:00,98.75
2025-03-10 00:00:00,97.76
2025-03-10 01:00:00,99.45
2025-03-10 02:00:00,99.65
2025-03-10 03:00:00,99.14
2025-03-10 04:00:00,111.53
2025-03-10 05:00:00,150.0
2025-03-10 06:00:00,157.9
2025-03-10 07:00:00,133.9
2025-03-10 08:00:00,99.14
2025-03-10 09:00:00,83.42
2025-03-10 10:00:00,77.18
2025-03-10 11:00:00,76.02
2025-03-10 12:00:00,77.32
2025-03-10 13:00:00,85.03
2025-03-10 14:00:00,100.7
2025-03-10 15:00:00,132.76
2025-03-10 16:00:00,144.9
2025-03-10 17:00:00,172.44
2025-03-10 18:00:00,158.99
2025-03-10 19:00:00,140.78
2025-03-10 20:00:00,128.35
2025-03-10 21:00:00,107.77
2025-03-10 22:00:00,98.71
2025-03-10 23:00:00,106.04
2025-03-11 00:00:00,103.58
2025-03-11 01:00:00,100.68
2025-03-11 02:00:00,101.87
2025-03-11 03:00:00,104.98
2025-03-11 04:00:00,113.16
2025-03-11 05:00:00,140.3
2025-03-11 06:00:00,146.19
2025-03-11 07:00:00,143.51
2025-03-11 08:00:00,130.17
2025-03-11 09:00:00,102.19
2025-03-11 10:00:00,98.16
2025-03-11 11:00:00,97.5
2025-03-11 12:00:00,100.11
2025-03-11 13:00:00,104.56
2025-03-11 14:00:00,116.02
2025-03-11 15:00:00,139.53
2025-03-11 16:00:00,157.41
2025-03-11 17:00:00,189.2
2025-03-11 18:00:00,176.76
2025-03-11 19:00:00,147.48
2025-03-11 20:00:00,134.23
2025-03-11 21:00:00,122.96
2025-03-11 22:00:00,107.61
2025-03-11 23:00:00,102.09
2025-03-12 00:00:00,100.75
2025-03-12 01:00:00,98.17
2025-03-12 02:00:00,98.52
2025-03-12 03:00:00,103.69
2025-03-12 04:00:00,113.55
2025-03-12 05:00:00,137.12
2025-03-12 06:00:00,152.87
2025-03-12 07:00:00,144.89
2025-03-12 08:00:00,125.0
2025-03-12 09:00:00,102.24
2025-03-12 10:00:00,99.55
2025-03-12 11:00:00,98.06
2025-03-12 12:00:00,99.52
2025-03-12 13:00:00,101.72
2025-03-12 14:00:00,119.44
2025-03-12 15:00:00,135.35
2025-03-12 16:00:00,148.59
2025-03-12 17:00:00,189.71
2025-03-12 18:00:00,178.9
2025-03-12 19:00:00,147.17
2025-03-12 20:00:00,132.2
2025-03-12 21:00:00,120.0
2025-03-12 22:00:00,109.91
2025-03-12 23:00:00,108.86
2025-03-13 00:00:00,109.38
2025-03-13 01:00:00,113.09
2025-03-13 02:00:00,111.4
2025-03-13 03:00:00,107.3
2025-03-13 04:00:00,106.54
2025-03-13 05:00:00,132.99
2025-03-13 06:00:00,154.31
2025-03-13 07:00:00,148.67
2025-03-13 08:00:00,123.19
2025-03-13 09:00:00,114.8
2025-03-13 10:00:00,102.79
2025-03-13 11:00:00,99.74
2025-03-13 12:00:00,106.66
2025-03-13 13:00:00,100.23
2025-03-13 14:00:00,109.46
2025-03-13 15:00:00,122.69
2025-03-13 16:00:00,141.83
2025-03-13 17:00:00,166.05
2025-03-13 18:00:00,173.47
2025-03-13 19:00:00,149.0
2025-03-13 20:00:00,135.69
2025-03-13 21:00:00,127.87
2025-03-13 22:00:00,114.1
2025-03-13 23:00:00,109.09
2025-03-14 00:00:00,106.0
2025-03-14 01:00:00,105.9
2025-03-14 02:00:00,103.83
2025-03-14 03:00:00,105.3
2025-03-14 04:00:00,114.17
2025-03-14 05:00:00,143.03
2025-03-14 06:00:00,154.32
2025-03-14 07:00:00,146.23
2025-03-14 08:00:00,125.28
2025-03-14 09:00:00,105.08
2025-03-14 10:00:00,100.41
2025-03-14 11:00:00,100.35
2025-03-14 12:00:00,100.46
2025-03-14 13:00:00,103.48
2025-03-14 14:00:00,110.75
2025-03-14 15:00:00,127.38
2025-03-14 16:00:00,141.16
2025-03-14 17:00:00,151.52
2025-03-14 18:00:00,149.99
2025-03-14 19:00:00,130.01
2025-03-14 20:00:00,111.39
2025-03-14 21:00:00,114.0
2025-03-14 22:00:00,105.17
2025-03-14 23:00:00,112.15
2025-03-15 00:00:00,103.14
2025-03-15 01:00:00,96.0
2025-03-15 02:00:00,89.9
2025-03-15 03:00:00,86.9
2025-03-15 04:00:00,90.55
2025-03-15 05:00:00,97.01
2025-03-15 06:00:00,99.42
2025-03-15 07:00:00,96.14
2025-03-15 08:00:00,82.97
2025-03-15 09:00:00,77.55
2025-03-15 10:00:00,93.14
2025-03-15 11:00:00,50.59
2025-03-15 12:00:00,48.0
2025-03-15 13:00:00,54.51
2025-03-15 14:00:00,73.44
2025-03-15 15:00:00,87.05
2025-03-15 16:00:00,131.67
2025-03-15 17:00:00,142.05
2025-03-15 18:00:00,132.96
2025-03-15 19:00:00,121.46
2025-03-15 20:00:00,108.5
2025-03-15 21:00:00,105.02
2025-03-15 22:00:00,95.25
2025-03-15 23:00:00,90.01
2025-03-16 00:00:00,85.79
2025-03-16 01:00:00,79.62
2025-03-16 02:00:00,78.18
2025-03-16 03:00:00,78.6
2025-03-16 04:00:00,80.51
2025-03-16 05:00:00,85.14
2025-03-16 06:00:00,82.07
2025-03-16 07:00:00,77.95
2025-03-16 08:00:00,69.25
2025-03-16 09:00:00,31.87
2025-03-16 10:00:00,13.13
2025-03-16 11:00:00,8.66
2025-03-16 12:00:00,5.56
2025-03-16 13:00:00,9.94
2025-03-16 14:00:00,31.0
2025-03-16 15:00:00,72.78
2025-03-16 16:00:00,119.99
2025-03-16 17:00:00,133.16
2025-03-16 18:00:00,140.0
2025-03-16 19:00:00,126.4
2025-03-16 20:00:00,108.94
2025-03-16 21:00:00,102.14
2025-03-16 22:00:00,82.19
2025-03-16 23:00:00,82.97
2025-03-17 00:00:00,83.2
2025-03-17 01:00:00,80.92
2025-03-17 02:00:00,80.91
2025-03-17 03:00:00,85.85
2025-03-17 04:00:00,103.3
2025-03-17 05:00:00,135.18
2025-03-17 06:00:00,152.87
2025-03-17 07:00:00,136.69
2025-03-17 08:00:00,106.77
2025-03-17 09:00:00,84.93
2025-03-17 10:00:00,78.38
2025-03-17 11:00:00,68.97
2025-03-17 12:00:00,46.1
2025-03-17 13:00:00,50.3
2025-03-17 14:00:00,71.44
2025-03-17 15:00:00,102.81
2025-03-17 16:00:00,151.76
2025-03-17 17:00:00,167.99
2025-03-17 18:00:00,170.0
2025-03-17 19:00:00,141.5
2025-03-17 20:00:00,119.75
2025-03-17 21:00:00,108.49
2025-03-17 22:00:00,93.5
2025-03-17 23:00:00,92.2
2025-03-18 00:00:00,89.99
2025-03-18 01:00:00,92.94
2025-03-18 02:00:00,90.36
2025-03-18 03:00:00,97.3
2025-03-18 04:00:00,113.66
2025-03-18 05:00:00,142.04
2025-03-18 06:00:00,136.68
2025-03-18 07:00:00,113.86
2025-03-18 08:00:00,78.73
2025-03-18 09:00:00,31.61
2025-03-18 10:00:00,3.15
2025-03-18 11:00:00,4.28
2025-03-18 12:00:00,3.33
2025-03-18 13:00:00,7.52
2025-03-18 14:00:00,69.78
2025-03-18 15:00:00,106.7
2025-03-18 16:00:00,149.5
2025-03-18 17:00:00,170.88
2025-03-18 18:00:00,164.99
2025-03-18 19:00:00,144.04
2025-03-18 20:00:00,125.09
2025-03-18 21:00:00,119.19
2025-03-18 22:00:00,104.67
2025-03-18 23:00:00,111.1
2025-03-19 00:00:00,106.91
2025-03-19 01:00:00,105.11
2025-03-19 02:00:00,104.45
2025-03-19 03:00:00,109.5
2025-03-19 04:00:00,128.13
2025-03-19 05:00:00,164.25
2025-03-19 06:00:00,147.49
2025-03-19 07:00:00,105.96
2025-03-19 08:00:00,27.39
2025-03-19 09:00:00,21.75
2025-03-19 10:00:00,1.61
2025-03-19 11:00:00,0.15
2025-03-19 12:00:00,1.33
2025-03-19 13:00:00,3.99
2025-03-19 14:00:00,68.84
2025-03-19 15:00:00,117.95
2025-03-19 16:00:00,164.16
2025-03-19 17:00:00,247.57
2025-03-19 18:00:00,214.34
2025-03-19 19:00:00,168.17
2025-03-19 20:00:00,145.3
2025-03-19 21:00:00,130.79
2025-03-19 22:00:00,115.31
2025-03-19 23:00:00,125.02
2025-03-20 00:00:00,110.31
2025-03-20 01:00:00,105.33
2025-03-20 02:00:00,107.03
2025-03-20 03:00:00,113.11
2025-03-20 04:00:00,130.02
2025-03-20 05:00:00,154.16
2025-03-20 06:00:00,144.64
2025-03-20 07:00:00,100.23
2025-03-20 08:00:00,80.78
2025-03-20 09:00:00,38.54
2025-03-20 10:00:00,3.42
2025-03-20 11:00:00,0.43
2025-03-20 12:00:00,0.65
2025-03-20 13:00:00,17.7
2025-03-20 14:00:00,84.56
2025-03-20 15:00:00,128.0
2025-03-20 16:00:00,172.83
2025-03-20 17:00:00,255.22
2025-03-20 18:00:00,231.32
2025-03-20 19:00:00,166.93
2025-03-20 20:00:00,148.26
2025-03-20 21:00:00,136.51
2025-03-20 22:00:00,127.38
2025-03-20 23:00:00,132.98
2025-03-21 00:00:00,123.27
2025-03-21 01:00:00,119.97
2025-03-21 02:00:00,114.3
2025-03-21 03:00:00,119.35
2025-03-21 04:00:00,140.35
2025-03-21 05:00:00,171.3
2025-03-21 06:00:00,154.21
2025-03-21 07:00:00,115.08
2025-03-21 08:00:00,76.12
2025-03-21 09:00:00,42.08
2025-03-21 10:00:00,7.34
2025-03-21 11:00:00,1.79
2025-03-21 12:00:00,0.24
2025-03-21 13:00:00,6.54
2025-03-21 14:00:00,57.67
2025-03-21 15:00:00,117.95
2025-03-21 16:00:00,147.29
2025-03-21 17:00:00,199.6
2025-03-21 18:00:00,170.1
2025-03-21 19:00:00,146.0
2025-03-21 20:00:00,133.67
2025-03-21 21:00:00,116.9
2025-03-21 22:00:00,100.74
2025-03-21 23:00:00,99.44
2025-03-22 00:00:00,90.34
2025-03-22 01:00:00,96.06
2025-03-22 02:00:00,98.97
2025-03-22 03:00:00,98.66
2025-03-22 04:00:00,102.73
2025-03-22 05:00:00,91.73
2025-03-22 06:00:00,73.06
2025-03-22 07:00:00,61.08
2025-03-22 08:00:00,51.24
2025-03-22 09:00:00,23.08
2025-03-22 10:00:00,15.82
2025-03-22 11:00:00,50.87
2025-03-22 12:00:00,54.23
2025-03-22 13:00:00,59.67
2025-03-22 14:00:00,91.07
2025-03-22 15:00:00,115.4
2025-03-22 16:00:00,119.65
2025-03-22 17:00:00,127.23
2025-03-22 18:00:00,124.43
2025-03-22 19:00:00,112.59
2025-03-22 20:00:00,78.06
2025-03-22 21:00:00,75.35
2025-03-22 22:00:00,62.43
2025-03-22 23:00:00,38.31
2025-03-23 00:00:00,36.88
2025-03-23 01:00:00,44.81
2025-03-23 02:00:00,43.92
2025-03-23 03:00:00,44.48
2025-03-23 04:00:00,44.12
2025-03-23 05:00:00,45.62
2025-03-23 06:00:00,39.15
2025-03-23 07:00:00,27.55
2025-03-23 08:00:00,22.51
2025-03-23 09:00:00,13.78
2025-03-23 10:00:00,9.6
2025-03-23 11:00:00,13.49
2025-03-23 12:00:00,5.01
2025-03-23 13:00:00,11.46
2025-03-23 14:00:00,43.31
2025-03-23 15:00:00,90.24
2025-03-23 16:00:00,131.06
2025-03-23 17:00:00,145.4
2025-03-23 18:00:00,144.0
2025-03-23 19:00:00,141.76
2025-03-23 20:00:00,131.65
2025-03-23 21:00:00,127.33
2025-03-23 22:00:00,114.24
2025-03-23 23:00:00,111.13
2025-03-24 00:00:00,108.22
2025-03-24 01:00:00,102.44
2025-03-24 02:00:00,99.35
2025-03-24 03:00:00,102.72
2025-03-24 04:00:00,120.62
2025-03-24 05:00:00,143.21
2025-03-24 06:00:00,164.24
2025-03-24 07:00:00,162.44
2025-03-24 08:00:00,136.4
2025-03-24 09:00:00,111.63
2025-03-24 10:00:00,110.66
2025-03-24 11:00:00,105.39
2025-03-24 12:00:00,108.38
2025-03-24 13:00:00,117.17
2025-03-24 14:00:00,125.94
2025-03-24 15:00:00,136.1
2025-03-24 16:00:00,155.2
2025-03-24 17:00:00,206.97
2025-03-24 18:00:00,192.96
2025-03-24 19:00:00,162.02
2025-03-24 20:00:00,139.9
2025-03-24 21:00:00,127.0
2025-03-24 22:00:00,115.9
2025-03-24 23:00:00,102.66
2025-03-25 00:00:00,102.86
2025-03-25 01:00:00,101.41
2025-03-25 02:00:00,105.49
2025-03-25 03:00:00,104.83
2025-03-25 04:00:00,109.91
2025-03-25 05:00:00,140.18
2025-03-25 06:00:00,144.0
2025-03-25 07:00:00,139.35
2025-03-25 08:00:00,115.9
2025-03-25 09:00:00,109.22
2025-03-25 10:00:00,103.95
2025-03-25 11:00:00,98.7
2025-03-25 12:00:00,100.07
2025-03-25 13:00:00,110.66
2025-03-25 14:00:00,120.62
2025-03-25 15:00:00,136.14
2025-03-25 16:00:00,146.7
2025-03-25 17:00:00,178.23
2025-03-25 18:00:00,172.75
2025-03-25 19:00:00,148.6
2025-03-25 20:00:00,136.3
2025-03-25 21:00:00,126.09
2025-03-25 22:00:00,102.05
2025-03-25 23:00:00,101.02
2025-03-26 00:00:00,98.72
2025-03-26 01:00:00,98.55
2025-03-26 02:00:00,99.7
2025-03-26 03:00:00,101.85
2025-03-26 04:00:00,110.9
2025-03-26 05:00:00,135.05
2025-03-26 06:00:00,143.68
2025-03-26 07:00:00,138.09
2025-03-26 08:00:00,112.23
2025-03-26 09:00:00,100.32
2025-03-26 10:00:00,97.04
2025-03-26 11:00:00,95.15
2025-03-26 12:00:00,85.07
2025-03-26 13:00:00,94.75
2025-03-26 14:00:00,102.05
2025-03-26 15:00:00,116.88
2025-03-26 16:00:00,141.84
2025-03-26 17:00:00,167.07
2025-03-26 18:00:00,171.98
2025-03-26 19:00:00,156.79
2025-03-26 20:00:00,131.87
2025-03-26 21:00:00,123.54
2025-03-26 22:00:00,110.68
2025-03-26 23:00:00,105.4
2025-03-27 00:00:00,99.78
2025-03-27 01:00:00,98.47
2025-03-27 02:00:00,100.43
2025-03-27 03:00:00,99.04
2025-03-27 04:00:00,106.04
2025-03-27 05:00:00,132.13
2025-03-27 06:00:00,141.08
2025-03-27 07:00:00,123.5
2025-03-27 08:00:00,89.92
2025-03-27 09:00:00,80.99
2025-03-27 10:00:00,45.74
2025-03-27 11:00:00,39.21
2025-03-27 12:00:00,25.13
2025-03-27 13:00:00,59.07
2025-03-27 14:00:00,84.43
2025-03-27 15:00:00,102.03
2025-03-27 16:00:00,134.68
2025-03-27 17:00:00,161.09
2025-03-27 18:00:00,171.43
2025-03-27 19:00:00,142.15
2025-03-27 20:00:00,125.16
2025-03-27 21:00:00,113.77
2025-03-27 22:00:00,101.43
2025-03-27 23:00:00,91.91
2025-03-28 00:00:00,79.51
2025-03-28 01:00:00,79.03
2025-03-28 02:00:00,79.93
2025-03-28 03:00:00,80.42
2025-03-28 04:00:00,110.0
2025-03-28 05:00:00,130.77
2025-03-28 06:00:00,122.2
2025-03-28 07:00:00,102.08
2025-03-28 08:00:00,78.31
2025-03-28 09:00:00,70.46
2025-03-28 10:00:00,51.01
2025-03-28 11:00:00,68.11
2025-03-28 12:00:00,82.38
2025-03-28 13:00:00,76.18
2025-03-28 14:00:00,104.55
2025-03-28 15:00:00,110.18
2025-03-28 16:00:00,137.01
2025-03-28 17:00:00,166.74
2025-03-28 18:00:00,165.83
2025-03-28 19:00:00,152.39
2025-03-28 20:00:00,129.31
2025-03-28 21:00:00,122.19
2025-03-28 22:00:00,112.57
2025-03-28 23:00:00,119.38
2025-03-29 00:00:00,108.02
2025-03-29 01:00:00,100.05
2025-03-29 02:00:00,100.11
2025-03-29 03:00:00,100.92
2025-03-29 04:00:00,96.77
2025-03-29 05:00:00,96.95
2025-03-29 06:00:00,101.87
2025-03-29 07:00:00,97.04
2025-03-29 08:00:00,81.41
2025-03-29 09:00:00,92.01
2025-03-29 10:00:00,95.73
2025-03-29 11:00:00,91.25
2025-03-29 12:00:00,84.11
2025-03-29 13:00:00,86.71
2025-03-29 14:00:00,90.3
2025-03-29 15:00:00,110.62
2025-03-29 16:00:00,125.88
2025-03-29 17:00:00,154.48
2025-03-29 18:00:00,158.46
2025-03-29 19:00:00,130.9
2025-03-29 20:00:00,106.16
2025-03-29 21:00:00,86.02
2025-03-29 22:00:00,70.22
2025-03-29 23:00:00,46.22
2025-03-30 00:00:00,15.88
2025-03-30 01:00:00,5.09
2025-03-30 02:00:00,1.2
2025-03-30 03:00:00,0.09
2025-03-30 04:00:00,0.93
2025-03-30 05:00:00,0.99
2025-03-30 06:00:00,1.45
2025-03-30 07:00:00,0.09
2025-03-30 08:00:00,-0.76
2025-03-30 09:00:00,-3.8
2025-03-30 10:00:00,-15.4
2025-03-30 11:00:00,-22.76
2025-03-30 12:00:00,-22.92
2025-03-30 13:00:00,-11.74
2025-03-30 14:00:00,-3.96
2025-03-30 15:00:00,0.24
2025-03-30 16:00:00,38.1
2025-03-30 17:00:00,92.0
2025-03-30 18:00:00,92.13
2025-03-30 19:00:00,86.44
2025-03-30 20:00:00,82.88
2025-03-30 21:00:00,54.14
2025-03-30 22:00:00,71.8
2025-03-30 23:00:00,65.7
2025-03-31 00:00:00,66.64
2025-03-31 01:00:00,70.97
2025-03-31 02:00:00,73.94
2025-03-31 03:00:00,98.56
2025-03-31 04:00:00,136.48
2025-03-31 05:00:00,178.31
2025-03-31 06:00:00,176.19
2025-03-31 07:00:00,138.64
2025-03-31 08:00:00,115.65
2025-03-31 09:00:00,107.15
2025-03-31 10:00:00,94.0
2025-03-31 11:00:00,86.67
2025-03-31 12:00:00,80.17
2025-03-31 13:00:00,77.56
2025-03-31 14:00:00,86.53
2025-03-31 15:00:00,112.05
2025-03-31 16:00:00,142.51
2025-03-31 17:00:00,204.72
2025-03-31 18:00:00,181.63
2025-03-31 19:00:00,137.51
2025-03-31 20:00:00,116.54
2025-03-31 21:00:00,102.83
2025-03-31 22:00:00,102.69
2025-03-31 23:00:00,96.91
2025-04-01 00:00:00,95.03
2025-04-01 01:00:00,96.58
2025-04-01 02:00:00,94.22
2025-04-01 03:00:00,103.86
2025-04-01 04:00:00,133.28
2025-04-01 05:00:00,175.49
2025-04-01 06:00:00,159.37
2025-04-01 07:00:00,110.45
2025-04-01 08:00:00,90.61
2025-04-01 09:00:00,78.47
2025-04-01 10:00:00,69.14
2025-04-01 11:00:00,48.23
2025-04-01 12:00:00,50.7
2025-04-01 13:00:00,60.83
2025-04-01 14:00:00,93.5
2025-04-01 15:00:00,102.86
2025-04-01 16:00:00,137.57
2025-04-01 17:00:00,169.22
2025-04-01 18:00:00,142.76
2025-04-01 19:00:00,115.87
2025-04-01 20:00:00,98.25
2025-04-01 21:00:00,81.42
2025-04-01 22:00:00,70.88
2025-04-01 23:00:00,70.95
2025-04-02 00:00:00,70.9
2025-04-02 01:00:00,72.7
2025-04-02 02:00:00,73.77
2025-04-02 03:00:00,87.43
2025-04-02 04:00:00,121.65
2025-04-02 05:00:00,155.9
2025-04-02 06:00:00,126.57
2025-04-02 07:00:00,87.19
2025-04-02 08:00:00,67.83
2025-04-02 09:00:00,51.8
2025-04-02 10:00:00,51.32
2025-04-02 11:00:00,51.79
2025-04-02 12:00:00,53.69
2025-04-02 13:00:00,72.37
2025-04-02 14:00:00,82.67
2025-04-02 15:00:00,106.06
2025-04-02 16:00:00,114.36
2025-04-02 17:00:00,149.88
2025-04-02 18:00:00,133.59
2025-04-02 19:00:00,109.52
2025-04-02 20:00:00,90.7
2025-04-02 21:00:00,76.39
2025-04-02 22:00:00,72.49
2025-04-02 23:00:00,76.15
2025-04-03 00:00:00,72.52
2025-04-03 01:00:00,73.56
2025-04-03 02:00:00,78.95
2025-04-03 03:00:00,102.01
2025-04-03 04:00:00,140.06
2025-04-03 05:00:00,167.3
2025-04-03 06:00:00,133.3
2025-04-03 07:00:00,79.11
2025-04-03 08:00:00,41.75
2025-04-03 09:00:00,1.56
2025-04-03 10:00:00,-0.08
2025-04-03 11:00:00,-3.24
2025-04-03 12:00:00,-1.28
2025-04-03 13:00:00,4.19
2025-04-03 14:00:00,43.01
2025-04-03 15:00:00,89.08
2025-04-03 16:00:00,144.93
2025-04-03 17:00:00,189.53
2025-04-03 18:00:00,179.41
2025-04-03 19:00:00,143.06
2025-04-03 20:00:00,115.84
2025-04-03 21:00:00,106.92
2025-04-03 22:00:00,111.88
2025-04-03 23:00:00,107.0
2025-04-04 00:00:00,107.84
2025-04-04 01:00:00,107.92
2025-04-04 02:00:00,111.29
2025-04-04 03:00:00,117.92
2025-04-04 04:00:00,160.16
2025-04-04 05:00:00,186.93
2025-04-04 06:00:00,142.69
2025-04-04 07:00:00,97.0
2025-04-04 08:00:00,66.39
2025-04-04 09:00:00,7.82
2025-04-04 10:00:00,0.0
2025-04-04 11:00:00,-0.92
2025-04-04 12:00:00,-0.83
2025-04-04 13:00:00,0.8
2025-04-04 14:00:00,37.43
2025-04-04 15:00:00,109.67
2025-04-04 16:00:00,133.35
2025-04-04 17:00:00,179.99
2025-04-04 18:00:00,167.05
2025-04-04 19:00:00,133.66
2025-04-04 20:00:00,127.22
2025-04-04 21:00:00,111.11
2025-04-04 22:00:00,124.44
2025-04-04 23:00:00,111.58
2025-04-05 00:00:00,108.68
2025-04-05 01:00:00,108.34
2025-04-05 02:00:00,107.94
2025-04-05 03:00:00,107.88
2025-04-05 04:00:00,120.44
2025-04-05 05:00:00,117.06
2025-04-05 06:00:00,104.0
2025-04-05 07:00:00,58.18
2025-04-05 08:00:00,0.66
2025-04-05 09:00:00,-0.76
2025-04-05 10:00:00,-18.05
2025-04-05 11:00:00,-42.75
2025-04-05 12:00:00,-44.02
2025-04-05 13:00:00,-29.67
2025-04-05 14:00:00,-0.67
2025-04-05 15:00:00,15.27
2025-04-05 16:00:00,77.72
2025-04-05 17:00:00,129.1
2025-04-05 18:00:00,120.8
2025-04-05 19:00:00,94.92
2025-04-05 20:00:00,78.99
2025-04-05 21:00:00,68.75
2025-04-05 22:00:00,70.45
2025-04-05 23:00:00,62.62
2025-04-06 00:00:00,64.98
2025-04-06 01:00:00,71.65
2025-04-06 02:00:00,73.52
2025-04-06 03:00:00,81.69
2025-04-06 04:00:00,80.67
2025-04-06 05:00:00,82.2
2025-04-06 06:00:00,43.04
2025-04-06 07:00:00,0.1
2025-04-06 08:00:00,-1.95
2025-04-06 09:00:00,-26.86
2025-04-06 10:00:00,-58.54
2025-04-06 11:00:00,-97.87
2025-04-06 12:00:00,-99.63
2025-04-06 13:00:00,-57.79
2025-04-06 14:00:00,-14.91
2025-04-06 15:00:00,30.7
2025-04-06 16:00:00,128.67
2025-04-06 17:00:00,144.04
2025-04-06 18:00:00,140.13
2025-04-06 19:00:00,125.75
2025-04-06 20:00:00,115.37
2025-04-06 21:00:00,102.91
2025-04-06 22:00:00,90.63
2025-04-06 23:00:00,89.38
2025-04-07 00:00:00,85.64
2025-04-07 01:00:00,88.0
2025-04-07 02:00:00,89.68
2025-04-07 03:00:00,103.43
2025-04-07 04:00:00,132.67
2025-04-07 05:00:00,175.01
2025-04-07 06:00:00,144.32
2025-04-07 07:00:00,109.31
2025-04-07 08:00:00,85.05
2025-04-07 09:00:00,64.82
2025-04-07 10:00:00,39.36
2025-04-07 11:00:00,41.31
2025-04-07 12:00:00,61.31
2025-04-07 13:00:00,86.18
2025-04-07 14:00:00,97.39
2025-04-07 15:00:00,113.43
2025-04-07 16:00:00,145.08
2025-04-07 17:00:00,181.14
2025-04-07 18:00:00,172.95
2025-04-07 19:00:00,140.99
2025-04-07 20:00:00,125.87
2025-04-07 21:00:00,110.0
2025-04-07 22:00:00,95.16
2025-04-07 23:00:00,90.24
2025-04-08 00:00:00,91.47
2025-04-08 01:00:00,93.6
2025-04-08 02:00:00,95.76
2025-04-08 03:00:00,112.0
2025-04-08 04:00:00,151.27
2025-04-08 05:00:00,179.2
2025-04-08 06:00:00,136.77
2025-04-08 07:00:00,91.33
2025-04-08 08:00:00,81.85
2025-04-08 09:00:00,78.94
2025-04-08 10:00:00,65.5
2025-04-08 11:00:00,60.67
2025-04-08 12:00:00,75.0
2025-04-08 13:00:00,84.14
2025-04-08 14:00:00,90.5
2025-04-08 15:00:00,101.68
2025-04-08 16:00:00,142.69
2025-04-08 17:00:00,193.4
2025-04-08 18:00:00,194.41
2025-04-08 19:00:00,144.92
2025-04-08 20:00:00,125.04
2025-04-08 21:00:00,111.1
2025-04-08 22:00:00,113.71
2025-04-08 23:00:00,105.71
2025-04-09 00:00:00,103.02
2025-04-09 01:00:00,102.84
2025-04-09 02:00:00,104.68
2025-04-09 03:00:00,121.95
2025-04-09 04:00:00,165.98
2025-04-09 05:00:00,175.0
2025-04-09 06:00:00,131.73
2025-04-09 07:00:00,102.62
2025-04-09 08:00:00,87.3
2025-04-09 09:00:00,67.81
2025-04-09 10:00:00,15.87
2025-04-09 11:00:00,21.11
2025-04-09 12:00:00,54.74
2025-04-09 13:00:00,76.73
2025-04-09 14:00:00,104.54
2025-04-09 15:00:00,109.9
2025-04-09 16:00:00,126.33
2025-04-09 17:00:00,172.8
2025-04-09 18:00:00,178.1
2025-04-09 19:00:00,142.3
2025-04-09 20:00:00,122.96
2025-04-09 21:00:00,112.55
2025-04-09 22:00:00,103.91
2025-04-09 23:00:00,97.1
2025-04-10 00:00:00,95.83
2025-04-10 01:00:00,95.15
2025-04-10 02:00:00,99.67
2025-04-10 03:00:00,109.25
2025-04-10 04:00:00,146.51
2025-04-10 05:00:00,180.83
2025-04-10 06:00:00,139.65
2025-04-10 07:00:00,105.1
2025-04-10 08:00:00,87.46
2025-04-10 09:00:00,70.52
2025-04-10 10:00:00,41.0
2025-04-10 11:00:00,2.61
2025-04-10 12:00:00,0.09
2025-04-10 13:00:00,2.17
2025-04-10 14:00:00,68.08
2025-04-10 15:00:00,81.86
2025-04-10 16:00:00,112.07
2025-04-10 17:00:00,162.62
2025-04-10 18:00:00,168.48
2025-04-10 19:00:00,125.69
2025-04-10 20:00:00,108.99
2025-04-10 21:00:00,86.64
2025-04-10 22:00:00,83.51
2025-04-10 23:00:00,79.89
2025-04-11 00:00:00,70.01
2025-04-11 01:00:00,71.32
2025-04-11 02:00:00,77.62
2025-04-11 03:00:00,86.98
2025-04-11 04:00:00,110.48
2025-04-11 05:00:00,112.19
2025-04-11 06:00:00,92.86
2025-04-11 07:00:00,64.29
2025-04-11 08:00:00,15.57
2025-04-11 09:00:00,0.34
2025-04-11 10:00:00,-0.25
2025-04-11 11:00:00,-0.64
2025-04-11 12:00:00,-1.67
2025-04-11 13:00:00,-0.03
2025-04-11 14:00:00,75.0
2025-04-11 15:00:00,92.58
2025-04-11 16:00:00,126.28
2025-04-11 17:00:00,159.8
2025-04-11 18:00:00,174.8
2025-04-11 19:00:00,145.57
2025-04-11 20:00:00,131.47
2025-04-11 21:00:00,111.46
2025-04-11 22:00:00,112.59
2025-04-11 23:00:00,109.32
2025-04-12 00:00:00,105.48
2025-04-12 01:00:00,103.82
2025-04-12 02:00:00,104.73
2025-04-12 03:00:00,104.97
2025-04-12 04:00:00,112.13
2025-04-12 05:00:00,108.94
2025-04-12 06:00:00,99.9
2025-04-12 07:00:00,69.96
2025-04-12 08:00:00,20.19
2025-04-12 09:00:00,0.0
2025-04-12 10:00:00,-7.43
2025-04-12 11:00:00,-0.01
2025-04-12 12:00:00,-30.54
2025-04-12 13:00:00,-6.07
2025-04-12 14:00:00,0.75
2025-04-12 15:00:00,85.58
2025-04-12 16:00:00,121.0
2025-04-12 17:00:00,172.49
2025-04-12 18:00:00,166.64
2025-04-12 19:00:00,120.08
2025-04-12 20:00:00,113.85
2025-04-12 21:00:00,94.87
2025-04-12 22:00:00,91.74
2025-04-12 23:00:00,74.38
2025-04-13 00:00:00,61.39
2025-04-13 01:00:00,81.9
2025-04-13 02:00:00,63.05
2025-04-13 03:00:00,64.11
2025-04-13 04:00:00,63.01
2025-04-13 05:00:00,27.75
2025-04-13 06:00:00,13.51
2025-04-13 07:00:00,8.43
2025-04-13 08:00:00,0.0
2025-04-13 09:00:00,-0.02
2025-04-13 10:00:00,-3.72
2025-04-13 11:00:00,-18.84
2025-04-13 12:00:00,-25.38
2025-04-13 13:00:00,-9.93
2025-04-13 14:00:00,-0.01
2025-04-13 15:00:00,63.07
2025-04-13 16:00:00,107.44
2025-04-13 17:00:00,135.36
2025-04-13 18:00:00,124.54
2025-04-13 19:00:00,122.02
2025-04-13 20:00:00,107.72
2025-04-13 21:00:00,99.67
2025-04-13 22:00:00,93.0
2025-04-13 23:00:00,87.77
2025-04-14 00:00:00,86.97
2025-04-14 01:00:00,87.37
2025-04-14 02:00:00,90.36
2025-04-14 03:00:00,105.95
2025-04-14 04:00:00,124.08
2025-04-14 05:00:00,153.1
2025-04-14 06:00:00,144.39
2025-04-14 07:00:00,112.85
2025-04-14 08:00:00,102.67
2025-04-14 09:00:00,101.78
2025-04-14 10:00:00,111.46
2025-04-14 11:00:00,88.68
2025-04-14 12:00:00,81.98
2025-04-14 13:00:00,90.08
2025-04-14 14:00:00,108.58
2025-04-14 15:00:00,108.94
2025-04-14 16:00:00,134.01
2025-04-14 17:00:00,172.15
2025-04-14 18:00:00,160.36
2025-04-14 19:00:00,111.84
2025-04-14 20:00:00,93.03
2025-04-14 21:00:00,84.36
2025-04-14 22:00:00,84.38
2025-04-14 23:00:00,82.03
2025-04-15 00:00:00,76.05
2025-04-15 01:00:00,74.05
2025-04-15 02:00:00,76.48
2025-04-15 03:00:00,90.9
2025-04-15 04:00:00,107.26
2025-04-15 05:00:00,118.06
2025-04-15 06:00:00,111.17
2025-04-15 07:00:00,104.95
2025-04-15 08:00:00,100.77
2025-04-15 09:00:00,99.0
2025-04-15 10:00:00,107.18
2025-04-15 11:00:00,101.2
2025-04-15 12:00:00,101.2
2025-04-15 13:00:00,95.24
2025-04-15 14:00:00,101.62
2025-04-15 15:00:00,104.27
2025-04-15 16:00:00,114.0
2025-04-15 17:00:00,146.94
2025-04-15 18:00:00,153.74
2025-04-15 19:00:00,118.05
2025-04-15 20:00:00,111.29
2025-04-15 21:00:00,102.36
2025-04-15 22:00:00,91.44
2025-04-15 23:00:00,86.68
2025-04-16 00:00:00,87.21
2025-04-16 01:00:00,91.64
2025-04-16 02:00:00,98.16
2025-04-16 03:00:00,107.74
2025-04-16 04:00:00,129.19
2025-04-16 05:00:00,135.58
2025-04-16 06:00:00,109.94
2025-04-16 07:00:00,68.31
2025-04-16 08:00:00,33.27
2025-04-16 09:00:00,13.8
2025-04-16 10:00:00,7.59
2025-04-16 11:00:00,3.92
2025-04-16 12:00:00,3.15
2025-04-16 13:00:00,14.36
2025-04-16 14:00:00,61.34
2025-04-16 15:00:00,97.92
2025-04-16 16:00:00,118.26
2025-04-16 17:00:00,156.45
2025-04-16 18:00:00,159.92
2025-04-16 19:00:00,123.05
2025-04-16 20:00:00,110.38
2025-04-16 21:00:00,98.59
2025-04-16 22:00:00,92.4
2025-04-16 23:00:00,87.14
2025-04-17 00:00:00,85.93
2025-04-17 01:00:00,85.37
2025-04-17 02:00:00,87.27
2025-04-17 03:00:00,94.18
2025-04-17 04:00:00,111.8
2025-04-17 05:00:00,123.74
2025-04-17 06:00:00,119.05
2025-04-17 07:00:00,72.22
2025-04-17 08:00:00,36.59
2025-04-17 09:00:00,12.29
2025-04-17 10:00:00,8.53
2025-04-17 11:00:00,5.46
2025-04-17 12:00:00,11.4
2025-04-17 13:00:00,75.15
2025-04-17 14:00:00,91.71
2025-04-17 15:00:00,103.37
2025-04-17 16:00:00,116.99
2025-04-17 17:00:00,133.88
2025-04-17 18:00:00,126.4
2025-04-17 19:00:00,113.75
2025-04-17 20:00:00,98.9
2025-04-17 21:00:00,97.02
2025-04-17 22:00:00,90.02
2025-04-17 23:00:00,81.81
2025-04-18 00:00:00,78.35
2025-04-18 01:00:00,78.18
2025-04-18 02:00:00,80.01
2025-04-18 03:00:00,79.17
2025-04-18 04:00:00,81.26
2025-04-18 05:00:00,85.12
2025-04-18 06:00:00,85.76
2025-04-18 07:00:00,85.21
2025-04-18 08:00:00,88.42
2025-04-18 09:00:00,89.08
2025-04-18 10:00:00,80.99
2025-04-18 11:00:00,69.98
2025-04-18 12:00:00,67.43
2025-04-18 13:00:00,70.49
2025-04-18 14:00:00,82.48
2025-04-18 15:00:00,97.1
2025-04-18 16:00:00,110.73
2025-04-18 17:00:00,132.37
2025-04-18 18:00:00,139.42
2025-04-18 19:00:00,122.12
2025-04-18 20:00:00,114.33
2025-04-18 21:00:00,105.57
2025-04-18 22:00:00,95.92
2025-04-18 23:00:00,85.5
2025-04-19 00:00:00,90.14
2025-04-19 01:00:00,88.4
2025-04-19 02:00:00,90.78
2025-04-19 03:00:00,97.5
2025-04-19 04:00:00,102.17
2025-04-19 05:00:00,98.47
2025-04-19 06:00:00,83.73
2025-04-19 07:00:00,53.69
2025-04-19 08:00:00,14.51
2025-04-19 09:00:00,4.54
2025-04-19 10:00:00,0.0
2025-04-19 11:00:00,-2.4
2025-04-19 12:00:00,-5.79
2025-04-19 13:00:00,-0.7
2025-04-19 14:00:00,0.2
2025-04-19 15:00:00,74.0
2025-04-19 16:00:00,115.64
2025-04-19 17:00:00,137.5
2025-04-19 18:00:00,160.3
2025-04-19 19:00:00,135.96
2025-04-19 20:00:00,115.38
2025-04-19 21:00:00,101.65
2025-04-19 22:00:00,103.29
2025-04-19 23:00:00,99.83
2025-04-20 00:00:00,95.0
2025-04-20 01:00:00,99.67
2025-04-20 02:00:00,98.19
2025-04-20 03:00:00,93.2
2025-04-20 04:00:00,94.03
2025-04-20 05:00:00,77.7
2025-04-20 06:00:00,59.14
2025-04-20 07:00:00,-0.51
2025-04-20 08:00:00,-1.03
2025-04-20 09:00:00,-42.59
2025-04-20 10:00:00,-104.76
2025-04-20 11:00:00,-102.49
2025-04-20 12:00:00,-64.46
2025-04-20 13:00:00,-8.88
2025-04-20 14:00:00,0.0
2025-04-20 15:00:00,62.62
2025-04-20 16:00:00,107.34
2025-04-20 17:00:00,111.33
2025-04-20 18:00:00,137.01
2025-04-20 19:00:00,127.81
2025-04-20 20:00:00,121.39
2025-04-20 21:00:00,111.41
2025-04-20 22:00:00,106.76
2025-04-20 23:00:00,100.35
2025-04-21 00:00:00,94.59
2025-04-21 01:00:00,94.21
2025-04-21 02:00:00,98.7
2025-04-21 03:00:00,97.71
2025-04-21 04:00:00,93.43
2025-04-21 05:00:00,87.75
2025-04-21 06:00:00,74.08
2025-04-21 07:00:00,33.98
2025-04-21 08:00:00,-5.36
2025-04-21 09:00:00,-3.09
2025-04-21 10:00:00,-29.62
2025-04-21 11:00:00,-36.99
2025-04-21 12:00:00,-5.32
2025-04-21 13:00:00,9.27
2025-04-21 14:00:00,43.36
2025-04-21 15:00:00,76.69
2025-04-21 16:00:00,99.87
2025-04-21 17:00:00,120.8
2025-04-21 18:00:00,138.65
2025-04-21 19:00:00,132.1
2025-04-21 20:00:00,122.77
2025-04-21 21:00:00,106.51
2025-04-21 22:00:00,97.29
2025-04-21 23:00:00,89.88
2025-04-22 00:00:00,88.69
2025-04-22 01:00:00,86.13
2025-04-22 02:00:00,85.79
2025-04-22 03:00:00,100.85
2025-04-22 04:00:00,125.0
2025-04-22 05:00:00,151.66
2025-04-22 06:00:00,140.31
2025-04-22 07:00:00,104.01
2025-04-22 08:00:00,91.07
2025-04-22 09:00:00,79.96
2025-04-22 10:00:00,75.6
2025-04-22 11:00:00,66.3
2025-04-22 12:00:00,71.79
2025-04-22 13:00:00,79.27
2025-04-22 14:00:00,89.03
2025-04-22 15:00:00,106.71
2025-04-22 16:00:00,159.26
2025-04-22 17:00:00,245.55
2025-04-22 18:00:00,243.76
2025-04-22 19:00:00,153.23
2025-04-22 20:00:00,124.94
2025-04-22 21:00:00,120.0
2025-04-22 22:00:00,111.15
2025-04-22 23:00:00,103.07
2025-04-23 00:00:00,100.84
2025-04-23 01:00:00,101.27
2025-04-23 02:00:00,106.24
2025-04-23 03:00:00,114.71
2025-04-23 04:00:00,137.43
2025-04-23 05:00:00,144.23
2025-04-23 06:00:00,115.49
2025-04-23 07:00:00,100.55
2025-04-23 08:00:00,86.02
2025-04-23 09:00:00,88.07
2025-04-23 10:00:00,80.0
2025-04-23 11:00:00,80.0
2025-04-23 12:00:00,88.04
2025-04-23 13:00:00,97.21
2025-04-23 14:00:00,104.49
2025-04-23 15:00:00,113.66
2025-04-23 16:00:00,141.38
2025-04-23 17:00:00,212.74
2025-04-23 18:00:00,226.4
2025-04-23 19:00:00,127.9
2025-04-23 20:00:00,108.66
2025-04-23 21:00:00,101.79
2025-04-23 22:00:00,96.87
2025-04-23 23:00:00,90.88
2025-04-24 00:00:00,89.28
2025-04-24 01:00:00,87.79
2025-04-24 02:00:00,88.45
2025-04-24 03:00:00,95.36
2025-04-24 04:00:00,111.84
2025-04-24 05:00:00,120.24
2025-04-24 06:00:00,117.82
2025-04-24 07:00:00,102.21
2025-04-24 08:00:00,93.49
2025-04-24 09:00:00,82.74
2025-04-24 10:00:00,79.19
2025-04-24 11:00:00,75.42
2025-04-24 12:00:00,78.26
2025-04-24 13:00:00,82.06
2025-04-24 14:00:00,88.1
2025-04-24 15:00:00,100.12
2025-04-24 16:00:00,111.63
2025-04-24 17:00:00,134.78
2025-04-24 18:00:00,151.12
2025-04-24 19:00:00,114.48
2025-04-24 20:00:00,106.53
2025-04-24 21:00:00,93.1
2025-04-24 22:00:00,94.24
2025-04-24 23:00:00,84.58
2025-04-25 00:00:00,83.31
2025-04-25 01:00:00,85.37
2025-04-25 02:00:00,86.71
2025-04-25 03:00:00,97.49
2025-04-25 04:00:00,105.85
2025-04-25 05:00:00,113.39
2025-04-25 06:00:00,105.19
2025-04-25 07:00:00,85.28
2025-04-25 08:00:00,81.92
2025-04-25 09:00:00,73.77
2025-04-25 10:00:00,68.31
2025-04-25 11:00:00,51.63
2025-04-25 12:00:00,44.94
2025-04-25 13:00:00,67.67
2025-04-25 14:00:00,83.03
2025-04-25 15:00:00,86.28
2025-04-25 16:00:00,101.16
2025-04-25 17:00:00,116.94
2025-04-25 18:00:00,123.0
2025-04-25 19:00:00,109.63
2025-04-25 20:00:00,100.37
2025-04-25 21:00:00,92.09
2025-04-25 22:00:00,104.5
2025-04-25 23:00:00,95.41
2025-04-26 00:00:00,94.95
2025-04-26 01:00:00,93.14
2025-04-26 02:00:00,92.44
2025-04-26 03:00:00,93.86
2025-04-26 04:00:00,95.67
2025-04-26 05:00:00,87.31
2025-04-26 06:00:00,68.66
2025-04-26 07:00:00,34.45
2025-04-26 08:00:00,2.55
2025-04-26 09:00:00,-0.01
2025-04-26 10:00:00,-0.01
2025-04-26 11:00:00,-0.02
2025-04-26 12:00:00,-3.0
2025-04-26 13:00:00,-0.91
2025-04-26 14:00:00,0.0
2025-04-26 15:00:00,30.99
2025-04-26 16:00:00,79.88
2025-04-26 17:00:00,99.58
2025-04-26 18:00:00,107.92
2025-04-26 19:00:00,94.95
2025-04-26 20:00:00,86.42
2025-04-26 21:00:00,73.98
2025-04-26 22:00:00,69.96
2025-04-26 23:00:00,61.0
2025-04-27 00:00:00,57.77
2025-04-27 01:00:00,58.29
2025-04-27 02:00:00,65.22
2025-04-27 03:00:00,66.48
2025-04-27 04:00:00,65.95
2025-04-27 05:00:00,62.06
2025-04-27 06:00:00,35.12
2025-04-27 07:00:00,0.04
2025-04-27 08:00:00,-3.0
2025-04-27 09:00:00,-28.62
2025-04-27 10:00:00,-79.34
2025-04-27 11:00:00,-104.05
2025-04-27 12:00:00,-100.75
2025-04-27 13:00:00,-48.55
2025-04-27 14:00:00,-5.17
2025-04-27 15:00:00,18.35
2025-04-27 16:00:00,94.51
2025-04-27 17:00:00,110.33
2025-04-27 18:00:00,123.6
2025-04-27 19:00:00,108.52
2025-04-27 20:00:00,99.0
2025-04-27 21:00:00,94.07
2025-04-27 22:00:00,94.06
2025-04-27 23:00:00,88.54
2025-04-28 00:00:00,83.88
2025-04-28 01:00:00,87.21
2025-04-28 02:00:00,92.65
2025-04-28 03:00:00,101.1
2025-04-28 04:00:00,139.59
2025-04-28 05:00:00,131.09
2025-04-28 06:00:00,95.42
2025-04-28 07:00:00,67.37
2025-04-28 08:00:00,9.73
2025-04-28 09:00:00,-0.01
2025-04-28 10:00:00,-3.29
2025-04-28 11:00:00,-5.9
2025-04-28 12:00:00,-6.18
2025-04-28 13:00:00,-1.54
2025-04-28 14:00:00,2.28
2025-04-28 15:00:00,74.26
2025-04-28 16:00:00,112.6
2025-04-28 17:00:00,149.62
2025-04-28 18:00:00,187.08
2025-04-28 19:00:00,128.87
2025-04-28 20:00:00,106.04
2025-04-28 21:00:00,97.18
2025-04-28 22:00:00,93.05
2025-04-28 23:00:00,89.04
2025-04-29 00:00:00,84.24
2025-04-29 01:00:00,82.13
2025-04-29 02:00:00,83.44
2025-04-29 03:00:00,93.28
2025-04-29 04:00:00,107.01
2025-04-29 05:00:00,112.88
2025-04-29 06:00:00,93.91
2025-04-29 07:00:00,66.82
2025-04-29 08:00:00,5.39
2025-04-29 09:00:00,0.0
2025-04-29 10:00:00,-0.76
2025-04-29 11:00:00,-1.9
2025-04-29 12:00:00,-1.61
2025-04-29 13:00:00,0.02
2025-04-29 14:00:00,15.38
2025-04-29 15:00:00,79.13
2025-04-29 16:00:00,101.85
2025-04-29 17:00:00,137.17
2025-04-29 18:00:00,171.7
2025-04-29 19:00:00,128.93
2025-04-29 20:00:00,110.15
2025-04-29 21:00:00,99.15
2025-04-29 22:00:00,95.0
2025-04-29 23:00:00,90.11
2025-04-30 00:00:00,89.9
2025-04-30 01:00:00,90.42
2025-04-30 02:00:00,94.16
2025-04-30 03:00:00,97.74
2025-04-30 04:00:00,114.86
2025-04-30 05:00:00,120.35
2025-04-30 06:00:00,94.67
2025-04-30 07:00:00,71.02
2025-04-30 08:00:00,7.08
2025-04-30 09:00:00,0.0
2025-04-30 10:00:00,-1.0
2025-04-30 11:00:00,-6.21
2025-04-30 12:00:00,-3.0
2025-04-30 13:00:00,-0.02
2025-04-30 14:00:00,20.56
2025-04-30 15:00:00,80.95
2025-04-30 16:00:00,102.95
2025-04-30 17:00:00,130.0
2025-04-30 18:00:00,173.14
2025-04-30 19:00:00,127.81
2025-04-30 20:00:00,108.84
2025-04-30 21:00:00,100.0
2025-04-30 22:00:00,100.79
2025-04-30 23:00:00,95.03
2025-05-01 00:00:00,93.45
2025-05-01 01:00:00,93.7
2025-05-01 02:00:00,93.81
2025-05-01 03:00:00,86.62
2025-05-01 04:00:00,80.73
2025-05-01 05:00:00,69.52
2025-05-01 06:00:00,53.64
2025-05-01 07:00:00,0.0
2025-05-01 08:00:00,-3.0
2025-05-01 09:00:00,-40.1
2025-05-01 10:00:00,-77.23
2025-05-01 11:00:00,-124.77
2025-05-01 12:00:00,-117.43
2025-05-01 13:00:00,-49.99
2025-05-01 14:00:00,-5.17
2025-05-01 15:00:00,35.84
2025-05-01 16:00:00,98.24
2025-05-01 17:00:00,129.21
2025-05-01 18:00:00,163.0
2025-05-01 19:00:00,119.57
2025-05-01 20:00:00,99.88
2025-05-01 21:00:00,86.33
2025-05-01 22:00:00,88.02
2025-05-01 23:00:00,71.8
2025-05-02 00:00:00,61.63
2025-05-02 01:00:00,62.05
2025-05-02 02:00:00,66.64
2025-05-02 03:00:00,77.8
2025-05-02 04:00:00,88.43
2025-05-02 05:00:00,75.53
2025-05-02 06:00:00,65.52
2025-05-02 07:00:00,21.26
2025-05-02 08:00:00,0.85
2025-05-02 09:00:00,-0.01
2025-05-02 10:00:00,-0.8
2025-05-02 11:00:00,-3.0
2025-05-02 12:00:00,-4.0
2025-05-02 13:00:00,-0.08
2025-05-02 14:00:00,0.3
2025-05-02 15:00:00,70.88
2025-05-02 16:00:00,103.68
2025-05-02 17:00:00,124.94
2025-05-02 18:00:00,146.6
2025-05-02 19:00:00,124.07
2025-05-02 20:00:00,109.62
2025-05-02 21:00:00,99.42
2025-05-02 22:00:00,100.44
2025-05-02 23:00:00,96.23
2025-05-03 00:00:00,94.52
2025-05-03 01:00:00,91.74
2025-05-03 02:00:00,88.53
2025-05-03 03:00:00,88.39
2025-05-03 04:00:00,86.52
2025-05-03 05:00:00,81.33
2025-05-03 06:00:00,66.54
2025-05-03 07:00:00,13.53
2025-05-03 08:00:00,0.01
2025-05-03 09:00:00,-0.01
2025-05-03 10:00:00,-1.16
2025-05-03 11:00:00,-3.04
2025-05-03 12:00:00,-2.69
2025-05-03 13:00:00,-0.03
2025-05-03 14:00:00,0.0
2025-05-03 15:00:00,29.76
2025-05-03 16:00:00,73.39
2025-05-03 17:00:00,82.02
2025-05-03 18:00:00,102.35
2025-05-03 19:00:00,90.31
2025-05-03 20:00:00,81.85
2025-05-03 21:00:00,75.5
2025-05-03 22:00:00,62.13
2025-05-03 23:00:00,46.28
2025-05-04 00:00:00,32.66
2025-05-04 01:00:00,20.73
2025-05-04 02:00:00,20.4
2025-05-04 03:00:00,15.58
2025-05-04 04:00:00,13.62
2025-05-04 05:00:00,7.83
2025-05-04 06:00:00,2.93
2025-05-04 07:00:00,0.0
2025-05-04 08:00:00,-0.01
2025-05-04 09:00:00,-0.01
2025-05-04 10:00:00,-0.02
2025-05-04 11:00:00,-2.0
2025-05-04 12:00:00,-5.01
2025-05-04 13:00:00,-1.59
2025-05-04 14:00:00,-0.01
2025-05-04 15:00:00,10.75
2025-05-04 16:00:00,85.25
2025-05-04 17:00:00,100.46
2025-05-04 18:00:00,108.61
2025-05-04 19:00:00,103.77
2025-05-04 20:00:00,99.17
2025-05-04 21:00:00,90.96
2025-05-04 22:00:00,67.28
2025-05-04 23:00:00,72.53
2025-05-05 00:00:00,62.85
2025-05-05 01:00:00,64.7
2025-05-05 02:00:00,67.85
2025-05-05 03:00:00,88.82
2025-05-05 04:00:00,104.64
2025-05-05 05:00:00,128.4
2025-05-05 06:00:00,112.99
2025-05-05 07:00:00,98.54
2025-05-05 08:00:00,93.22
2025-05-05 09:00:00,74.08
2025-05-05 10:00:00,59.61
2025-05-05 11:00:00,57.89
2025-05-05 12:00:00,58.56
2025-05-05 13:00:00,69.64
2025-05-05 14:00:00,97.1
2025-05-05 15:00:00,98.71
2025-05-05 16:00:00,114.14
2025-05-05 17:00:00,142.15
2025-05-05 18:00:00,179.84
2025-05-05 19:00:00,122.46
2025-05-05 20:00:00,105.21
2025-05-05 21:00:00,99.93
2025-05-05 22:00:00,83.12
2025-05-05 23:00:00,76.91
2025-05-06 00:00:00,73.0
2025-05-06 01:00:00,72.0
2025-05-06 02:00:00,82.43
2025-05-06 03:00:00,93.27
2025-05-06 04:00:00,108.28
2025-05-06 05:00:00,126.89
2025-05-06 06:00:00,116.16
2025-05-06 07:00:00,101.78
2025-05-06 08:00:00,94.04
2025-05-06 09:00:00,80.35
2025-05-06 10:00:00,75.09
2025-05-06 11:00:00,73.41
2025-05-06 12:00:00,81.0
2025-05-06 13:00:00,95.07
2025-05-06 14:00:00,100.76
2025-05-06 15:00:00,114.04
2025-05-06 16:00:00,134.95
2025-05-06 17:00:00,196.94
2025-05-06 18:00:00,150.28
2025-05-06 19:00:00,127.09
2025-05-06 20:00:00,107.86
2025-05-06 21:00:00,100.02
2025-05-06 22:00:00,97.73
2025-05-06 23:00:00,92.02
2025-05-07 00:00:00,89.99
2025-05-07 01:00:00,92.04
2025-05-07 02:00:00,92.07
2025-05-07 03:00:00,99.3
2025-05-07 04:00:00,122.82
2025-05-07 05:00:00,140.04
2025-05-07 06:00:00,120.8
2025-05-07 07:00:00,122.98
2025-05-07 08:00:00,122.34
2025-05-07 09:00:00,103.15
2025-05-07 10:00:00,90.71
2025-05-07 11:00:00,94.0
2025-05-07 12:00:00,94.08
2025-05-07 13:00:00,102.03
2025-05-07 14:00:00,105.0
2025-05-07 15:00:00,104.95
2025-05-07 16:00:00,115.89
2025-05-07 17:00:00,137.04
2025-05-07 18:00:00,148.71
2025-05-07 19:00:00,119.99
2025-05-07 20:00:00,111.91
2025-05-07 21:00:00,100.69
2025-05-07 22:00:00,100.82
2025-05-07 23:00:00,96.4
2025-05-08 00:00:00,96.29
2025-05-08 01:00:00,98.84
2025-05-08 02:00:00,95.67
2025-05-08 03:00:00,109.97
2025-05-08 04:00:00,124.57
2025-05-08 05:00:00,134.94
2025-05-08 06:00:00,119.57
2025-05-08 07:00:00,107.0
2025-05-08 08:00:00,94.0
2025-05-08 09:00:00,82.0
2025-05-08 10:00:00,68.97
2025-05-08 11:00:00,68.34
2025-05-08 12:00:00,75.29
2025-05-08 13:00:00,85.16
2025-05-08 14:00:00,99.04
2025-05-08 15:00:00,118.28
2025-05-08 16:00:00,122.89
2025-05-08 17:00:00,147.23
2025-05-08 18:00:00,182.81
2025-05-08 19:00:00,128.28
2025-05-08 20:00:00,123.8
2025-05-08 21:00:00,113.83
2025-05-08 22:00:00,100.76
2025-05-08 23:00:00,101.08
2025-05-09 00:00:00,98.09
2025-05-09 01:00:00,99.4
2025-05-09 02:00:00,99.42
2025-05-09 03:00:00,106.78
2025-05-09 04:00:00,125.06
2025-05-09 05:00:00,122.74
2025-05-09 06:00:00,91.01
2025-05-09 07:00:00,86.11
2025-05-09 08:00:00,55.39
2025-05-09 09:00:00,4.06
2025-05-09 10:00:00,3.34
2025-05-09 11:00:00,0.15
2025-05-09 12:00:00,0.02
2025-05-09 13:00:00,60.65
2025-05-09 14:00:00,87.66
2025-05-09 15:00:00,99.27
2025-05-09 16:00:00,111.12
2025-05-09 17:00:00,128.7
2025-05-09 18:00:00,179.22
2025-05-09 19:00:00,123.22
2025-05-09 20:00:00,107.13
2025-05-09 21:00:00,100.48
2025-05-09 22:00:00,101.5
2025-05-09 23:00:00,106.82
2025-05-10 00:00:00,102.59
2025-05-10 01:00:00,96.47
2025-05-10 02:00:00,100.29
2025-05-10 03:00:00,100.25
2025-05-10 04:00:00,97.38
2025-05-10 05:00:00,91.63
2025-05-10 06:00:00,68.71
2025-05-10 07:00:00,9.4
2025-05-10 08:00:00,-0.06
2025-05-10 09:00:00,-25.47
2025-05-10 10:00:00,-60.53
2025-05-10 11:00:00,-109.52
2025-05-10 12:00:00,-119.93
2025-05-10 13:00:00,-49.36
2025-05-10 14:00:00,-4.67
2025-05-10 15:00:00,41.83
2025-05-10 16:00:00,109.09
2025-05-10 17:00:00,126.86
2025-05-10 18:00:00,252.97
2025-05-10 19:00:00,119.31
2025-05-10 20:00:00,112.31
2025-05-10 21:00:00,101.12
2025-05-10 22:00:00,100.22
2025-05-10 23:00:00,99.46
2025-05-11 00:00:00,97.75
2025-05-11 01:00:00,100.03
2025-05-11 02:00:00,100.06
2025-05-11 03:00:00,100.05
2025-05-11 04:00:00,91.99
2025-05-11 05:00:00,68.71
2025-05-11 06:00:00,4.96
2025-05-11 07:00:00,-0.1
2025-05-11 08:00:00,-12.0
2025-05-11 09:00:00,-21.6
2025-05-11 10:00:00,-10.01
2025-05-11 11:00:00,-126.4
2025-05-11 12:00:00,-126.46
2025-05-11 13:00:00,-109.84
2025-05-11 14:00:00,-18.42
2025-05-11 15:00:00,0.0
2025-05-11 16:00:00,130.58
2025-05-11 17:00:00,175.3
2025-05-11 18:00:00,203.16
2025-05-11 19:00:00,120.06
2025-05-11 20:00:00,106.61
2025-05-11 21:00:00,92.27
2025-05-11 22:00:00,90.41
2025-05-11 23:00:00,85.44
2025-05-12 00:00:00,84.96
2025-05-12 01:00:00,85.61
2025-05-12 02:00:00,89.11
2025-05-12 03:00:00,111.67
2025-05-12 04:00:00,177.52
2025-05-12 05:00:00,174.28
2025-05-12 06:00:00,133.28
2025-05-12 07:00:00,98.43
2025-05-12 08:00:00,80.0
2025-05-12 09:00:00,65.4
2025-05-12 10:00:00,99.02
2025-05-12 11:00:00,107.51
2025-05-12 12:00:00,127.31
2025-05-12 13:00:00,95.02
2025-05-12 14:00:00,101.35
2025-05-12 15:00:00,148.96
2025-05-12 16:00:00,182.47
2025-05-12 17:00:00,282.26
2025-05-12 18:00:00,398.94
2025-05-12 19:00:00,198.69
2025-05-12 20:00:00,146.07
2025-05-12 21:00:00,114.45
2025-05-12 22:00:00,114.0
2025-05-12 23:00:00,101.18
2025-05-13 00:00:00,98.67
2025-05-13 01:00:00,97.37
2025-05-13 02:00:00,100.39
2025-05-13 03:00:00,126.49
2025-05-13 04:00:00,137.33
2025-05-13 05:00:00,128.54
2025-05-13 06:00:00,100.56
2025-05-13 07:00:00,82.66
2025-05-13 08:00:00,41.66
2025-05-13 09:00:00,12.46
2025-05-13 10:00:00,54.91
2025-05-13 11:00:00,82.26
2025-05-13 12:00:00,84.6
2025-05-13 13:00:00,99.86
2025-05-13 14:00:00,111.7
2025-05-13 15:00:00,97.94
2025-05-13 16:00:00,122.22
2025-05-13 17:00:00,202.5
2025-05-13 18:00:00,380.24
2025-05-13 19:00:00,161.98
2025-05-13 20:00:00,127.06
2025-05-13 21:00:00,113.99
2025-05-13 22:00:00,116.32
2025-05-13 23:00:00,104.97
2025-05-14 00:00:00,105.0
2025-05-14 01:00:00,104.76
2025-05-14 02:00:00,102.47
2025-05-14 03:00:00,109.5
2025-05-14 04:00:00,127.76
2025-05-14 05:00:00,122.1
2025-05-14 06:00:00,99.92
2025-05-14 07:00:00,73.09
2025-05-14 08:00:00,17.81
2025-05-14 09:00:00,24.57
2025-05-14 10:00:00,50.75
2025-05-14 11:00:00,55.29
2025-05-14 12:00:00,61.0
2025-05-14 13:00:00,63.37
2025-05-14 14:00:00,89.41
2025-05-14 15:00:00,100.0
2025-05-14 16:00:00,117.42
2025-05-14 17:00:00,189.09
2025-05-14 18:00:00,349.41
2025-05-14 19:00:00,139.36
2025-05-14 20:00:00,122.53
2025-05-14 21:00:00,115.0
2025-05-14 22:00:00,113.0
2025-05-14 23:00:00,105.0
2025-05-15 00:00:00,101.48
2025-05-15 01:00:00,103.72
2025-05-15 02:00:00,105.85
2025-05-15 03:00:00,112.45
2025-05-15 04:00:00,124.97
2025-05-15 05:00:00,131.75
2025-05-15 06:00:00,99.28
2025-05-15 07:00:00,69.08
2025-05-15 08:00:00,12.63
2025-05-15 09:00:00,7.88
2025-05-15 10:00:00,11.12
2025-05-15 11:00:00,20.28
2025-05-15 12:00:00,27.82
2025-05-15 13:00:00,56.0
2025-05-15 14:00:00,102.14
2025-05-15 15:00:00,116.22
2025-05-15 16:00:00,125.96
2025-05-15 17:00:00,157.71
2025-05-15 18:00:00,184.61
2025-05-15 19:00:00,136.15
2025-05-15 20:00:00,117.55
2025-05-15 21:00:00,114.22
2025-05-15 22:00:00,106.57
2025-05-15 23:00:00,91.1
2025-05-16 00:00:00,88.61
2025-05-16 01:00:00,87.57
2025-05-16 02:00:00,91.46
2025-05-16 03:00:00,97.49
2025-05-16 04:00:00,109.36
2025-05-16 05:00:00,116.75
2025-05-16 06:00:00,112.57
2025-05-16 07:00:00,103.65
2025-05-16 08:00:00,82.96
2025-05-16 09:00:00,55.1
2025-05-16 10:00:00,76.96
2025-05-16 11:00:00,77.07
2025-05-16 12:00:00,77.01
2025-05-16 13:00:00,29.11
2025-05-16 14:00:00,70.1
2025-05-16 15:00:00,80.61
2025-05-16 16:00:00,117.34
2025-05-16 17:00:00,130.0
2025-05-16 18:00:00,147.6
2025-05-16 19:00:00,133.73
2025-05-16 20:00:00,117.47
2025-05-16 21:00:00,106.19
2025-05-16 22:00:00,95.07
2025-05-16 23:00:00,95.1
2025-05-17 00:00:00,90.03
2025-05-17 01:00:00,90.5
2025-05-17 02:00:00,91.92
2025-05-17 03:00:00,97.26
2025-05-17 04:00:00,93.47
2025-05-17 05:00:00,91.09
2025-05-17 06:00:00,61.2
2025-05-17 07:00:00,1.23
2025-05-17 08:00:00,0.05
2025-05-17 09:00:00,4.01
2025-05-17 10:00:00,-4.47
2025-05-17 11:00:00,-10.01
2025-05-17 12:00:00,-11.26
2025-05-17 13:00:00,-4.85
2025-05-17 14:00:00,20.59
2025-05-17 15:00:00,117.9
2025-05-17 16:00:00,122.99
2025-05-17 17:00:00,113.31
2025-05-17 18:00:00,176.63
2025-05-17 19:00:00,152.05
2025-05-17 20:00:00,169.15
2025-05-17 21:00:00,136.66
2025-05-17 22:00:00,108.31
2025-05-17 23:00:00,103.17
2025-05-18 00:00:00,100.32
2025-05-18 01:00:00,99.12
2025-05-18 02:00:00,100.1
2025-05-18 03:00:00,99.77
2025-05-18 04:00:00,92.74
2025-05-18 05:00:00,88.61
2025-05-18 06:00:00,62.21
2025-05-18 07:00:00,8.0
2025-05-18 08:00:00,0.0
2025-05-18 09:00:00,-0.2
2025-05-18 10:00:00,-2.0
2025-05-18 11:00:00,-7.37
2025-05-18 12:00:00,-15.0
2025-05-18 13:00:00,-8.97
2025-05-18 14:00:00,-0.19
2025-05-18 15:00:00,25.05
2025-05-18 16:00:00,101.64
2025-05-18 17:00:00,123.02
2025-05-18 18:00:00,148.58
2025-05-18 19:00:00,133.52
2025-05-18 20:00:00,120.97
2025-05-18 21:00:00,106.51
2025-05-18 22:00:00,113.65
2025-05-18 23:00:00,107.45
2025-05-19 00:00:00,100.41
2025-05-19 01:00:00,97.2
2025-05-19 02:00:00,114.21
2025-05-19 03:00:00,127.28
2025-05-19 04:00:00,152.26
2025-05-19 05:00:00,135.18
2025-05-19 06:00:00,126.99
2025-05-19 07:00:00,97.06
2025-05-19 08:00:00,72.95
2025-05-19 09:00:00,29.2
2025-05-19 10:00:00,12.77
2025-05-19 11:00:00,5.0
2025-05-19 12:00:00,8.0
2025-05-19 13:00:00,29.34
2025-05-19 14:00:00,92.32
2025-05-19 15:00:00,113.71
2025-05-19 16:00:00,134.33
2025-05-19 17:00:00,160.77
2025-05-19 18:00:00,231.02
2025-05-19 19:00:00,154.22
2025-05-19 20:00:00,144.81
2025-05-19 21:00:00,125.22
2025-05-19 22:00:00,127.7
2025-05-19 23:00:00,111.13
2025-05-20 00:00:00,109.99
2025-05-20 01:00:00,117.82
2025-05-20 02:00:00,137.02
2025-05-20 03:00:00,144.85
2025-05-20 04:00:00,145.99
2025-05-20 05:00:00,136.13
2025-05-20 06:00:00,103.96
2025-05-20 07:00:00,116.77
2025-05-20 08:00:00,64.21
2025-05-20 09:00:00,16.0
2025-05-20 10:00:00,56.25
2025-05-20 11:00:00,58.82
2025-05-20 12:00:00,88.69
2025-05-20 13:00:00,113.77
2025-05-20 14:00:00,120.0
2025-05-20 15:00:00,119.95
2025-05-20 16:00:00,154.04
2025-05-20 17:00:00,215.04
2025-05-20 18:00:00,365.43
2025-05-20 19:00:00,215.03
2025-05-20 20:00:00,154.33
2025-05-20 21:00:00,119.01
2025-05-20 22:00:00,107.93
2025-05-20 23:00:00,102.33
2025-05-21 00:00:00,100.5
2025-05-21 01:00:00,100.0
2025-05-21 02:00:00,98.98
2025-05-21 03:00:00,104.25
2025-05-21 04:00:00,125.8
2025-05-21 05:00:00,138.0
2025-05-21 06:00:00,127.78
2025-05-21 07:00:00,127.78
2025-05-21 08:00:00,102.31
2025-05-21 09:00:00,96.0
2025-05-21 10:00:00,50.0
2025-05-21 11:00:00,45.17
2025-05-21 12:00:00,74.7
2025-05-21 13:00:00,82.0
2025-05-21 14:00:00,98.5
2025-05-21 15:00:00,110.56
2025-05-21 16:00:00,112.53
2025-05-21 17:00:00,145.12
2025-05-21 18:00:00,148.15
2025-05-21 19:00:00,145.15
2025-05-21 20:00:00,117.95
2025-05-21 21:00:00,112.89
2025-05-21 22:00:00,107.63
2025-05-21 23:00:00,97.04
2025-05-22 00:00:00,92.38
2025-05-22 01:00:00,94.16
2025-05-22 02:00:00,93.59
2025-05-22 03:00:00,100.44
2025-05-22 04:00:00,122.66
2025-05-22 05:00:00,124.91
2025-05-22 06:00:00,106.78
2025-05-22 07:00:00,90.73
2025-05-22 08:00:00,73.78
2025-05-22 09:00:00,70.02
2025-05-22 10:00:00,74.93
2025-05-22 11:00:00,81.26
2025-05-22 12:00:00,84.62
2025-05-22 13:00:00,95.73
2025-05-22 14:00:00,98.96
2025-05-22 15:00:00,105.52
2025-05-22 16:00:00,110.34
2025-05-22 17:00:00,130.0
2025-05-22 18:00:00,191.95
2025-05-22 19:00:00,139.01
2025-05-22 20:00:00,123.13
2025-05-22 21:00:00,112.37
2025-05-22 22:00:00,113.11
2025-05-22 23:00:00,102.02
2025-05-23 00:00:00,95.2
2025-05-23 01:00:00,94.98
2025-05-23 02:00:00,105.99
2025-05-23 03:00:00,124.52
2025-05-23 04:00:00,145.92
2025-05-23 05:00:00,157.6
2025-05-23 06:00:00,141.6
2025-05-23 07:00:00,111.23
2025-05-23 08:00:00,106.2
2025-05-23 09:00:00,97.1
2025-05-23 10:00:00,80.5
2025-05-23 11:00:00,71.43
2025-05-23 12:00:00,86.64
2025-05-23 13:00:00,90.7
2025-05-23 14:00:00,101.5
2025-05-23 15:00:00,93.87
2025-05-23 16:00:00,128.13
2025-05-23 17:00:00,144.73
2025-05-23 18:00:00,219.46
2025-05-23 19:00:00,151.88
2025-05-23 20:00:00,130.41
2025-05-23 21:00:00,113.22
2025-05-23 22:00:00,113.35
2025-05-23 23:00:00,102.78
2025-05-24 00:00:00,95.0
2025-05-24 01:00:00,90.4
2025-05-24 02:00:00,89.0
2025-05-24 03:00:00,89.41
2025-05-24 04:00:00,93.74
2025-05-24 05:00:00,79.66
2025-05-24 06:00:00,64.75
2025-05-24 07:00:00,12.26
2025-05-24 08:00:00,0.03
2025-05-24 09:00:00,0.73
2025-05-24 10:00:00,1.08
2025-05-24 11:00:00,1.29
2025-05-24 12:00:00,1.81
2025-05-24 13:00:00,0.0
2025-05-24 14:00:00,3.93
2025-05-24 15:00:00,55.63
2025-05-24 16:00:00,92.06
2025-05-24 17:00:00,121.33
2025-05-24 18:00:00,150.5
2025-05-24 19:00:00,130.28
2025-05-24 20:00:00,111.78
2025-05-24 21:00:00,97.1
2025-05-24 22:00:00,75.53
2025-05-24 23:00:00,49.27
2025-05-25 00:00:00,21.74
2025-05-25 01:00:00,8.47
2025-05-25 02:00:00,4.1
2025-05-25 03:00:00,3.89
2025-05-25 04:00:00,1.28
2025-05-25 05:00:00,1.33
2025-05-25 06:00:00,0.22
2025-05-25 07:00:00,0.27
2025-05-25 08:00:00,-0.8
2025-05-25 09:00:00,-2.16
2025-05-25 10:00:00,-1.95
2025-05-25 11:00:00,-3.55
2025-05-25 12:00:00,-7.06
2025-05-25 13:00:00,-4.65
2025-05-25 14:00:00,-1.44
2025-05-25 15:00:00,4.51
2025-05-25 16:00:00,42.52
2025-05-25 17:00:00,108.26
2025-05-25 18:00:00,115.13
2025-05-25 19:00:00,118.77
2025-05-25 20:00:00,106.58
2025-05-25 21:00:00,97.8
2025-05-25 22:00:00,96.8
2025-05-25 23:00:00,86.98
2025-05-26 00:00:00,83.72
2025-05-26 01:00:00,82.79
2025-05-26 02:00:00,87.88
2025-05-26 03:00:00,97.58
2025-05-26 04:00:00,137.73
2025-05-26 05:00:00,152.36
2025-05-26 06:00:00,142.03
2025-05-26 07:00:00,110.0
2025-05-26 08:00:00,72.79
2025-05-26 09:00:00,37.01
2025-05-26 10:00:00,23.13
2025-05-26 11:00:00,16.26
2025-05-26 12:00:00,10.22
2025-05-26 13:00:00,8.91
2025-05-26 14:00:00,33.3
2025-05-26 15:00:00,101.18
2025-05-26 16:00:00,127.0
2025-05-26 17:00:00,149.17
2025-05-26 18:00:00,220.96
2025-05-26 19:00:00,167.46
2025-05-26 20:00:00,161.8
2025-05-26 21:00:00,118.28
2025-05-26 22:00:00,103.23
2025-05-26 23:00:00,90.48
2025-05-27 00:00:00,81.77
2025-05-27 01:00:00,79.06
2025-05-27 02:00:00,82.54
2025-05-27 03:00:00,88.51
2025-05-27 04:00:00,99.58
2025-05-27 05:00:00,90.18
2025-05-27 06:00:00,70.95
2025-05-27 07:00:00,52.64
2025-05-27 08:00:00,4.6
2025-05-27 09:00:00,3.54
2025-05-27 10:00:00,0.18
2025-05-27 11:00:00,1.8
2025-05-27 12:00:00,4.86
2025-05-27 13:00:00,24.61
2025-05-27 14:00:00,62.4
2025-05-27 15:00:00,94.61
2025-05-27 16:00:00,116.2
2025-05-27 17:00:00,142.1
2025-05-27 18:00:00,221.01
2025-05-27 19:00:00,140.71
2025-05-27 20:00:00,114.99
2025-05-27 21:00:00,96.5
2025-05-27 22:00:00,89.55
2025-05-27 23:00:00,79.23
2025-05-28 00:00:00,77.31
2025-05-28 01:00:00,71.78
2025-05-28 02:00:00,75.23
2025-05-28 03:00:00,86.18
2025-05-28 04:00:00,104.99
2025-05-28 05:00:00,104.04
2025-05-28 06:00:00,100.33
2025-05-28 07:00:00,95.68
2025-05-28 08:00:00,81.72
2025-05-28 09:00:00,77.56
2025-05-28 10:00:00,70.3
2025-05-28 11:00:00,66.63
2025-05-28 12:00:00,64.49
2025-05-28 13:00:00,61.81
2025-05-28 14:00:00,83.54
2025-05-28 15:00:00,116.67
2025-05-28 16:00:00,130.0
2025-05-28 17:00:00,137.81
2025-05-28 18:00:00,164.99
2025-05-28 19:00:00,147.76
2025-05-28 20:00:00,132.85
2025-05-28 21:00:00,124.82
2025-05-28 22:00:00,96.01
2025-05-28 23:00:00,91.55
2025-05-29 00:00:00,89.96
2025-05-29 01:00:00,89.58
2025-05-29 02:00:00,89.29
2025-05-29 03:00:00,90.0
2025-05-29 04:00:00,101.2
2025-05-29 05:00:00,80.22
2025-05-29 06:00:00,81.64
2025-05-29 07:00:00,60.26
2025-05-29 08:00:00,17.15
2025-05-29 09:00:00,1.36
2025-05-29 10:00:00,-0.2
2025-05-29 11:00:00,22.83
2025-05-29 12:00:00,21.99
2025-05-29 13:00:00,35.36
2025-05-29 14:00:00,37.0
2025-05-29 15:00:00,86.13
2025-05-29 16:00:00,77.33
2025-05-29 17:00:00,102.16
2025-05-29 18:00:00,185.12
2025-05-29 19:00:00,140.87
2025-05-29 20:00:00,98.04
2025-05-29 21:00:00,77.77
2025-05-29 22:00:00,65.44
2025-05-29 23:00:00,49.22
2025-05-30 00:00:00,40.67
2025-05-30 01:00:00,33.95
2025-05-30 02:00:00,37.39
2025-05-30 03:00:00,57.43
2025-05-30 04:00:00,84.43
2025-05-30 05:00:00,68.38
2025-05-30 06:00:00,53.01
2025-05-30 07:00:00,29.13
2025-05-30 08:00:00,1.78
2025-05-30 09:00:00,0.39
2025-05-30 10:00:00,3.73
2025-05-30 11:00:00,0.6
2025-05-30 12:00:00,0.41
2025-05-30 13:00:00,0.11
2025-05-30 14:00:00,0.15
2025-05-30 15:00:00,19.99
2025-05-30 16:00:00,77.11
2025-05-30 17:00:00,130.57
2025-05-30 18:00:00,158.03
2025-05-30 19:00:00,142.44
2025-05-30 20:00:00,130.19
2025-05-30 21:00:00,108.34
2025-05-30 22:00:00,107.0
2025-05-30 23:00:00,101.6
2025-05-31 00:00:00,101.62
2025-05-31 01:00:00,103.07
2025-05-31 02:00:00,104.21
2025-05-31 03:00:00,102.11
2025-05-31 04:00:00,89.41
2025-05-31 05:00:00,78.72
2025-05-31 06:00:00,54.68
2025-05-31 07:00:00,1.0
2025-05-31 08:00:00,-0.02
2025-05-31 09:00:00,-1.0
2025-05-31 10:00:00,-3.07
2025-05-31 11:00:00,-13.17
2025-05-31 12:00:00,-7.75
2025-05-31 13:00:00,-3.0
2025-05-31 14:00:00,-0.05
2025-05-31 15:00:00,44.37
2025-05-31 16:00:00,88.69
2025-05-31 17:00:00,131.15
2025-05-31 18:00:00,253.77
2025-05-31 19:00:00,176.05
2025-05-31 20:00:00,129.51
2025-05-31 21:00:00,103.77
2025-05-31 22:00:00,93.45
2025-05-31 23:00:00,85.05
2025-06-01 00:00:00,73.97
2025-06-01 01:00:00,69.76
2025-06-01 02:00:00,67.44
2025-06-01 03:00:00,61.95
2025-06-01 04:00:00,34.42
2025-06-01 05:00:00,13.0
2025-06-01 06:00:00,2.4
2025-06-01 07:00:00,-0.01
2025-06-01 08:00:00,-0.6
2025-06-01 09:00:00,-2.11
2025-06-01 10:00:00,-5.48
2025-06-01 11:00:00,-12.93
2025-06-01 12:00:00,-20.41
2025-06-01 13:00:00,-15.61
2025-06-01 14:00:00,-6.0
2025-06-01 15:00:00,4.64
2025-06-01 16:00:00,34.97
2025-06-01 17:00:00,105.65
2025-06-01 18:00:00,110.84
2025-06-01 19:00:00,103.76
2025-06-01 20:00:00,109.94
2025-06-01 21:00:00,96.03
2025-06-01 22:00:00,87.39
2025-06-01 23:00:00,79.99
2025-06-02 00:00:00,78.78
2025-06-02 01:00:00,83.23
2025-06-02 02:00:00,88.73
2025-06-02 03:00:00,110.99
2025-06-02 04:00:00,115.42
2025-06-02 05:00:00,105.22
2025-06-02 06:00:00,102.62
2025-06-02 07:00:00,88.7
2025-06-02 08:00:00,60.43
2025-06-02 09:00:00,33.21
2025-06-02 10:00:00,20.0
2025-06-02 11:00:00,12.78
2025-06-02 12:00:00,11.0
2025-06-02 13:00:00,19.75
2025-06-02 14:00:00,61.45
2025-06-02 15:00:00,101.07
2025-06-02 16:00:00,168.37
2025-06-02 17:00:00,346.47
2025-06-02 18:00:00,486.07
2025-06-02 19:00:00,250.93
2025-06-02 20:00:00,152.96
2025-06-02 21:00:00,131.27
2025-06-02 22:00:00,118.73
2025-06-02 23:00:00,117.09
2025-06-03 00:00:00,108.21
2025-06-03 01:00:00,106.42
2025-06-03 02:00:00,105.93
2025-06-03 03:00:00,126.59
2025-06-03 04:00:00,145.44
2025-06-03 05:00:00,127.97
2025-06-03 06:00:00,89.5
2025-06-03 07:00:00,58.07
2025-06-03 08:00:00,5.68
2025-06-03 09:00:00,5.21
2025-06-03 10:00:00,6.34
2025-06-03 11:00:00,4.6
2025-06-03 12:00:00,2.69
2025-06-03 13:00:00,9.33
2025-06-03 14:00:00,40.8
2025-06-03 15:00:00,82.53
2025-06-03 16:00:00,117.9
2025-06-03 17:00:00,158.49
2025-06-03 18:00:00,231.76
2025-06-03 19:00:00,144.44
2025-06-03 20:00:00,113.02
2025-06-03 21:00:00,110.75
2025-06-03 22:00:00,94.81
2025-06-03 23:00:00,82.13
2025-06-04 00:00:00,76.93
2025-06-04 01:00:00,76.56
2025-06-04 02:00:00,81.36
2025-06-04 03:00:00,98.77
2025-06-04 04:00:00,101.22
2025-06-04 05:00:00,111.3
2025-06-04 06:00:00,103.01
2025-06-04 07:00:00,71.93
2025-06-04 08:00:00,18.3
2025-06-04 09:00:00,10.15
2025-06-04 10:00:00,8.21
2025-06-04 11:00:00,9.69
2025-06-04 12:00:00,18.95
2025-06-04 13:00:00,55.56
2025-06-04 14:00:00,109.8
2025-06-04 15:00:00,134.27
2025-06-04 16:00:00,175.67
2025-06-04 17:00:00,228.19
2025-06-04 18:00:00,353.89
2025-06-04 19:00:00,230.43
2025-06-04 20:00:00,151.62
2025-06-04 21:00:00,122.26
2025-06-04 22:00:00,136.36
2025-06-04 23:00:00,118.73
2025-06-05 00:00:00,107.71
2025-06-05 01:00:00,105.42
2025-06-05 02:00:00,109.93
2025-06-05 03:00:00,115.86
2025-06-05 04:00:00,113.0
2025-06-05 05:00:00,129.04
2025-06-05 06:00:00,113.66
2025-06-05 07:00:00,79.1
2025-06-05 08:00:00,67.03
2025-06-05 09:00:00,50.06
2025-06-05 10:00:00,20.64
2025-06-05 11:00:00,12.85
2025-06-05 12:00:00,9.28
2025-06-05 13:00:00,25.41
2025-06-05 14:00:00,88.75
2025-06-05 15:00:00,114.57
2025-06-05 16:00:00,171.21
2025-06-05 17:00:00,224.1
2025-06-05 18:00:00,356.74
2025-06-05 19:00:00,132.12
2025-06-05 20:00:00,113.31
2025-06-05 21:00:00,108.68
2025-06-05 22:00:00,103.12
2025-06-05 23:00:00,97.38
2025-06-06 00:00:00,90.09
2025-06-06 01:00:00,89.21
2025-06-06 02:00:00,76.36
2025-06-06 03:00:00,97.6
2025-06-06 04:00:00,121.47
2025-06-06 05:00:00,108.39
2025-06-06 06:00:00,75.03
2025-06-06 07:00:00,9.27
2025-06-06 08:00:00,0.05
2025-06-06 09:00:00,4.2
2025-06-06 10:00:00,27.59
2025-06-06 11:00:00,57.72
2025-06-06 12:00:00,51.48
2025-06-06 13:00:00,75.31
2025-06-06 14:00:00,108.02
2025-06-06 15:00:00,115.02
2025-06-06 16:00:00,129.29
2025-06-06 17:00:00,136.49
2025-06-06 18:00:00,243.8
2025-06-06 19:00:00,134.89
2025-06-06 20:00:00,125.64
2025-06-06 21:00:00,108.02
2025-06-06 22:00:00,119.5
2025-06-06 23:00:00,110.0
2025-06-07 00:00:00,105.0
2025-06-07 01:00:00,100.0
2025-06-07 02:00:00,93.81
2025-06-07 03:00:00,91.55
2025-06-07 04:00:00,78.6
2025-06-07 05:00:00,76.25
2025-06-07 06:00:00,70.31
2025-06-07 07:00:00,56.32
2025-06-07 08:00:00,28.25
2025-06-07 09:00:00,9.44
2025-06-07 10:00:00,1.19
2025-06-07 11:00:00,-0.01
2025-06-07 12:00:00,-0.02
2025-06-07 13:00:00,-0.02
2025-06-07 14:00:00,4.68
2025-06-07 15:00:00,41.13
2025-06-07 16:00:00,95.75
2025-06-07 17:00:00,218.84
2025-06-07 18:00:00,177.9
2025-06-07 19:00:00,125.0
2025-06-07 20:00:00,119.0
2025-06-07 21:00:00,101.65
2025-06-07 22:00:00,97.86
2025-06-07 23:00:00,89.4
2025-06-08 00:00:00,83.67
2025-06-08 01:00:00,79.69
2025-06-08 02:00:00,78.16
2025-06-08 03:00:00,65.26
2025-06-08 04:00:00,45.04
2025-06-08 05:00:00,4.14
2025-06-08 06:00:00,0.0
2025-06-08 07:00:00,-0.5
2025-06-08 08:00:00,-2.0
2025-06-08 09:00:00,-3.65
2025-06-08 10:00:00,-17.32
2025-06-08 11:00:00,-26.01
2025-06-08 12:00:00,-32.51
2025-06-08 13:00:00,-22.4
2025-06-08 14:00:00,8.97
2025-06-08 15:00:00,89.99
2025-06-08 16:00:00,119.36
2025-06-08 17:00:00,176.0
2025-06-08 18:00:00,231.73
2025-06-08 19:00:00,132.07
2025-06-08 20:00:00,105.62
2025-06-08 21:00:00,86.93
2025-06-08 22:00:00,90.27
2025-06-08 23:00:00,79.25
2025-06-09 00:00:00,46.32
2025-06-09 01:00:00,45.18
2025-06-09 02:00:00,48.84
2025-06-09 03:00:00,60.12
2025-06-09 04:00:00,116.0
2025-06-09 05:00:00,133.97
2025-06-09 06:00:00,120.03
2025-06-09 07:00:00,36.57
2025-06-09 08:00:00,24.49
2025-06-09 09:00:00,44.49
2025-06-09 10:00:00,47.18
2025-06-09 11:00:00,60.85
2025-06-09 12:00:00,2.89
2025-06-09 13:00:00,22.36
2025-06-09 14:00:00,4.94
2025-06-09 15:00:00,145.05
2025-06-09 16:00:00,154.13
2025-06-09 17:00:00,168.67
2025-06-09 18:00:00,268.07
2025-06-09 19:00:00,180.11
2025-06-09 20:00:00,125.0
2025-06-09 21:00:00,110.17
2025-06-09 22:00:00,91.11
2025-06-09 23:00:00,83.22
2025-06-10 00:00:00,71.56
2025-06-10 01:00:00,62.49
2025-06-10 02:00:00,57.18
2025-06-10 03:00:00,77.82
2025-06-10 04:00:00,84.93
2025-06-10 05:00:00,85.83
2025-06-10 06:00:00,87.08
2025-06-10 07:00:00,66.99
2025-06-10 08:00:00,23.38
2025-06-10 09:00:00,2.13
2025-06-10 10:00:00,1.79
2025-06-10 11:00:00,3.3
2025-06-10 12:00:00,38.02
2025-06-10 13:00:00,88.15
2025-06-10 14:00:00,118.52
2025-06-10 15:00:00,107.9
2025-06-10 16:00:00,134.92
2025-06-10 17:00:00,235.11
2025-06-10 18:00:00,280.77
2025-06-10 19:00:00,143.35
2025-06-10 20:00:00,105.14
2025-06-10 21:00:00,118.88
2025-06-10 22:00:00,80.2
2025-06-10 23:00:00,73.21
2025-06-11 00:00:00,67.61
2025-06-11 01:00:00,73.87
2025-06-11 02:00:00,73.58
2025-06-11 03:00:00,102.3
2025-06-11 04:00:00,115.87
2025-06-11 05:00:00,104.13
2025-06-11 06:00:00,80.25
2025-06-11 07:00:00,57.38
2025-06-11 08:00:00,19.23
2025-06-11 09:00:00,1.5
2025-06-11 10:00:00,7.39
2025-06-11 11:00:00,18.15
2025-06-11 12:00:00,23.65
2025-06-11 13:00:00,50.96
2025-06-11 14:00:00,115.03
2025-06-11 15:00:00,124.56
2025-06-11 16:00:00,123.18
2025-06-11 17:00:00,160.63
2025-06-11 18:00:00,219.16
2025-06-11 19:00:00,181.87
2025-06-11 20:00:00,125.74
2025-06-11 21:00:00,109.15
2025-06-11 22:00:00,120.26
2025-06-11 23:00:00,89.55
2025-06-12 00:00:00,84.14
2025-06-12 01:00:00,84.93
2025-06-12 02:00:00,89.07
2025-06-12 03:00:00,99.37
2025-06-12 04:00:00,110.2
2025-06-12 05:00:00,96.83
2025-06-12 06:00:00,76.63
2025-06-12 07:00:00,37.08
2025-06-12 08:00:00,0.01
2025-06-12 09:00:00,7.19
2025-06-12 10:00:00,28.02
2025-06-12 11:00:00,34.55
2025-06-12 12:00:00,58.0
2025-06-12 13:00:00,62.6
2025-06-12 14:00:00,75.04
2025-06-12 15:00:00,112.62
2025-06-12 16:00:00,130.46
2025-06-12 17:00:00,182.08
2025-06-12 18:00:00,220.72
2025-06-12 19:00:00,140.76
2025-06-12 20:00:00,121.86
2025-06-12 21:00:00,113.52
2025-06-12 22:00:00,122.0
2025-06-12 23:00:00,112.51
2025-06-13 00:00:00,104.73
2025-06-13 01:00:00,100.33
2025-06-13 02:00:00,97.55
2025-06-13 03:00:00,105.72
2025-06-13 04:00:00,108.74
2025-06-13 05:00:00,89.1
2025-06-13 06:00:00,75.81
2025-06-13 07:00:00,40.44
2025-06-13 08:00:00,5.84
2025-06-13 09:00:00,1.56
2025-06-13 10:00:00,5.77
2025-06-13 11:00:00,7.01
2025-06-13 12:00:00,15.01
2025-06-13 13:00:00,52.56
2025-06-13 14:00:00,89.4
2025-06-13 15:00:00,114.56
2025-06-13 16:00:00,81.56
2025-06-13 17:00:00,135.0
2025-06-13 18:00:00,156.41
2025-06-13 19:00:00,131.65
2025-06-13 20:00:00,115.74
2025-06-13 21:00:00,115.16
2025-06-13 22:00:00,104.05
2025-06-13 23:00:00,87.07
2025-06-14 00:00:00,81.97
2025-06-14 01:00:00,79.37
2025-06-14 02:00:00,71.38
2025-06-14 03:00:00,64.08
2025-06-14 04:00:00,50.9
2025-06-14 05:00:00,22.67
2025-06-14 06:00:00,8.72
2025-06-14 07:00:00,0.0
2025-06-14 08:00:00,-1.94
2025-06-14 09:00:00,-8.75
2025-06-14 10:00:00,-0.58
2025-06-14 11:00:00,-4.9
2025-06-14 12:00:00,-23.48
2025-06-14 13:00:00,-6.68
2025-06-14 14:00:00,-0.31
2025-06-14 15:00:00,9.01
2025-06-14 16:00:00,97.35
2025-06-14 17:00:00,136.3
2025-06-14 18:00:00,159.79
2025-06-14 19:00:00,133.72
2025-06-14 20:00:00,127.77
2025-06-14 21:00:00,119.39
2025-06-14 22:00:00,92.05
2025-06-14 23:00:00,86.98
2025-06-15 00:00:00,85.32
2025-06-15 01:00:00,86.69
2025-06-15 02:00:00,89.46
2025-06-15 03:00:00,89.96
2025-06-15 04:00:00,78.84
2025-06-15 05:00:00,58.28
2025-06-15 06:00:00,8.97
2025-06-15 07:00:00,0.76
2025-06-15 08:00:00,0.0
2025-06-15 09:00:00,-0.02
2025-06-15 10:00:00,-1.33
2025-06-15 11:00:00,-5.69
2025-06-15 12:00:00,-5.0
2025-06-15 13:00:00,-2.0
2025-06-15 14:00:00,-0.01
2025-06-15 15:00:00,66.84
2025-06-15 16:00:00,114.77
2025-06-15 17:00:00,136.0
2025-06-15 18:00:00,148.79
2025-06-15 19:00:00,137.75
2025-06-15 20:00:00,133.23
2025-06-15 21:00:00,124.0
2025-06-15 22:00:00,104.13
2025-06-15 23:00:00,92.3
2025-06-16 00:00:00,88.06
2025-06-16 01:00:00,86.46
2025-06-16 02:00:00,82.93
2025-06-16 03:00:00,115.0
2025-06-16 04:00:00,110.02
2025-06-16 05:00:00,122.58
2025-06-16 06:00:00,105.05
2025-06-16 07:00:00,81.1
2025-06-16 08:00:00,62.06
2025-06-16 09:00:00,59.82
2025-06-16 10:00:00,48.28
2025-06-16 11:00:00,46.53
2025-06-16 12:00:00,44.87
2025-06-16 13:00:00,82.5
2025-06-16 14:00:00,122.61
2025-06-16 15:00:00,123.92
2025-06-16 16:00:00,134.05
2025-06-16 17:00:00,133.4
2025-06-16 18:00:00,188.73
2025-06-16 19:00:00,190.8
2025-06-16 20:00:00,129.1
2025-06-16 21:00:00,123.92
2025-06-16 22:00:00,104.26
2025-06-16 23:00:00,95.0
2025-06-17 00:00:00,93.84
2025-06-17 01:00:00,93.67
2025-06-17 02:00:00,94.42
2025-06-17 03:00:00,102.44
2025-06-17 04:00:00,116.85
2025-06-17 05:00:00,105.32
2025-06-17 06:00:00,96.73
2025-06-17 07:00:00,67.14
2025-06-17 08:00:00,5.94
2025-06-17 09:00:00,15.36
2025-06-17 10:00:00,19.9
2025-06-17 11:00:00,22.85
2025-06-17 12:00:00,36.45
2025-06-17 13:00:00,53.74
2025-06-17 14:00:00,87.01
2025-06-17 15:00:00,106.49
2025-06-17 16:00:00,120.1
2025-06-17 17:00:00,154.23
2025-06-17 18:00:00,233.24
2025-06-17 19:00:00,228.82
2025-06-17 20:00:00,135.63
2025-06-17 21:00:00,116.64
2025-06-17 22:00:00,112.76
2025-06-17 23:00:00,106.17
2025-06-18 00:00:00,101.26
2025-06-18 01:00:00,94.88
2025-06-18 02:00:00,96.18
2025-06-18 03:00:00,101.87
2025-06-18 04:00:00,110.88
2025-06-18 05:00:00,114.13
2025-06-18 06:00:00,109.97
2025-06-18 07:00:00,73.73
2025-06-18 08:00:00,22.02
2025-06-18 09:00:00,1.17
2025-06-18 10:00:00,4.91
2025-06-18 11:00:00,7.63
2025-06-18 12:00:00,15.3
2025-06-18 13:00:00,105.38
2025-06-18 14:00:00,113.74
2025-06-18 15:00:00,117.15
2025-06-18 16:00:00,143.59
2025-06-18 17:00:00,192.91
2025-06-18 18:00:00,284.64
2025-06-18 19:00:00,176.88
2025-06-18 20:00:00,135.67
2025-06-18 21:00:00,115.79
2025-06-18 22:00:00,114.42
2025-06-18 23:00:00,110.16
2025-06-19 00:00:00,102.65
2025-06-19 01:00:00,100.64
2025-06-19 02:00:00,97.01
2025-06-19 03:00:00,101.71
2025-06-19 04:00:00,97.44
2025-06-19 05:00:00,84.98
2025-06-19 06:00:00,74.36
2025-06-19 07:00:00,10.36
2025-06-19 08:00:00,1.92
2025-06-19 09:00:00,3.58
2025-06-19 10:00:00,-0.54
2025-06-19 11:00:00,26.56
2025-06-19 12:00:00,28.13
2025-06-19 13:00:00,69.56
2025-06-19 14:00:00,61.28
2025-06-19 15:00:00,134.35
2025-06-19 16:00:00,137.23
2025-06-19 17:00:00,142.96
2025-06-19 18:00:00,153.78
2025-06-19 19:00:00,144.49
2025-06-19 20:00:00,136.43
2025-06-19 21:00:00,125.66
2025-06-19 22:00:00,125.0
2025-06-19 23:00:00,108.78
2025-06-20 00:00:00,111.16
2025-06-20 01:00:00,108.0
2025-06-20 02:00:00,103.96
2025-06-20 03:00:00,109.29
2025-06-20 04:00:00,119.56
2025-06-20 05:00:00,115.85
2025-06-20 06:00:00,101.92
2025-06-20 07:00:00,63.13
2025-06-20 08:00:00,15.12
2025-06-20 09:00:00,3.57
2025-06-20 10:00:00,1.44
2025-06-20 11:00:00,2.8
2025-06-20 12:00:00,0.54
2025-06-20 13:00:00,7.99
2025-06-20 14:00:00,81.02
2025-06-20 15:00:00,117.54
2025-06-20 16:00:00,125.19
2025-06-20 17:00:00,135.72
2025-06-20 18:00:00,196.89
2025-06-20 19:00:00,176.13
2025-06-20 20:00:00,137.05
2025-06-20 21:00:00,121.38
2025-06-20 22:00:00,120.0
2025-06-20 23:00:00,110.48
2025-06-21 00:00:00,108.15
2025-06-21 01:00:00,107.12
2025-06-21 02:00:00,108.35
2025-06-21 03:00:00,104.04
2025-06-21 04:00:00,100.68
2025-06-21 05:00:00,90.74
2025-06-21 06:00:00,75.93
2025-06-21 07:00:00,23.4
2025-06-21 08:00:00,0.19
2025-06-21 09:00:00,-1.33
2025-06-21 10:00:00,-7.49
2025-06-21 11:00:00,-11.07
2025-06-21 12:00:00,-5.15
2025-06-21 13:00:00,0.0
2025-06-21 14:00:00,0.17
2025-06-21 15:00:00,79.13
2025-06-21 16:00:00,122.0
2025-06-21 17:00:00,133.44
2025-06-21 18:00:00,153.65
2025-06-21 19:00:00,162.9
2025-06-21 20:00:00,140.55
2025-06-21 21:00:00,127.0
2025-06-21 22:00:00,109.3
2025-06-21 23:00:00,100.92
2025-06-22 00:00:00,95.83
2025-06-22 01:00:00,93.39
2025-06-22 02:00:00,91.27
2025-06-22 03:00:00,87.77
2025-06-22 04:00:00,74.73
2025-06-22 05:00:00,26.44
2025-06-22 06:00:00,0.0
2025-06-22 07:00:00,-0.09
2025-06-22 08:00:00,-11.11
2025-06-22 09:00:00,-35.77
2025-06-22 10:00:00,-51.14
2025-06-22 11:00:00,-78.05
2025-06-22 12:00:00,-64.35
2025-06-22 13:00:00,-29.03
2025-06-22 14:00:00,-0.39
2025-06-22 15:00:00,28.83
2025-06-22 16:00:00,93.22
2025-06-22 17:00:00,132.54
2025-06-22 18:00:00,140.0
2025-06-22 19:00:00,135.4
2025-06-22 20:00:00,127.45
2025-06-22 21:00:00,101.63
2025-06-22 22:00:00,85.86
2025-06-22 23:00:00,95.36
2025-06-23 00:00:00,83.57
2025-06-23 01:00:00,83.24
2025-06-23 02:00:00,97.6
2025-06-23 03:00:00,117.5
2025-06-23 04:00:00,131.29
2025-06-23 05:00:00,115.16
2025-06-23 06:00:00,91.4
2025-06-23 07:00:00,40.46
2025-06-23 08:00:00,28.51
2025-06-23 09:00:00,45.21
2025-06-23 10:00:00,76.62
2025-06-23 11:00:00,75.45
2025-06-23 12:00:00,91.04
2025-06-23 13:00:00,126.47
2025-06-23 14:00:00,143.99
2025-06-23 15:00:00,139.0
2025-06-23 16:00:00,191.04
2025-06-23 17:00:00,191.01
2025-06-23 18:00:00,159.43
2025-06-23 19:00:00,148.74
2025-06-23 20:00:00,119.18
2025-06-23 21:00:00,107.85
2025-06-23 22:00:00,98.54
2025-06-23 23:00:00,95.07
2025-06-24 00:00:00,92.34
2025-06-24 01:00:00,91.26
2025-06-24 02:00:00,84.28
2025-06-24 03:00:00,109.58
2025-06-24 04:00:00,123.54
2025-06-24 05:00:00,121.66
2025-06-24 06:00:00,93.87
2025-06-24 07:00:00,60.86
2025-06-24 08:00:00,31.36
2025-06-24 09:00:00,23.2
2025-06-24 10:00:00,17.0
2025-06-24 11:00:00,15.69
2025-06-24 12:00:00,17.79
2025-06-24 13:00:00,58.63
2025-06-24 14:00:00,91.93
2025-06-24 15:00:00,132.22
2025-06-24 16:00:00,145.0
2025-06-24 17:00:00,179.63
2025-06-24 18:00:00,184.95
2025-06-24 19:00:00,179.6
2025-06-24 20:00:00,189.98
2025-06-24 21:00:00,144.84
2025-06-24 22:00:00,123.05
2025-06-24 23:00:00,103.15
2025-06-25 00:00:00,108.15
2025-06-25 01:00:00,99.28
2025-06-25 02:00:00,114.81
2025-06-25 03:00:00,118.03
2025-06-25 04:00:00,112.77
2025-06-25 05:00:00,111.8
2025-06-25 06:00:00,99.56
2025-06-25 07:00:00,74.54
2025-06-25 08:00:00,27.0
2025-06-25 09:00:00,15.93
2025-06-25 10:00:00,16.0
2025-06-25 11:00:00,12.74
2025-06-25 12:00:00,30.42
2025-06-25 13:00:00,41.67
2025-06-25 14:00:00,105.37
2025-06-25 15:00:00,120.2
2025-06-25 16:00:00,140.5
2025-06-25 17:00:00,196.2
2025-06-25 18:00:00,209.96
2025-06-25 19:00:00,230.52
2025-06-25 20:00:00,166.8
2025-06-25 21:00:00,129.86
2025-06-25 22:00:00,119.95
2025-06-25 23:00:00,110.15
2025-06-26 00:00:00,106.1
2025-06-26 01:00:00,105.99
2025-06-26 02:00:00,105.95
2025-06-26 03:00:00,114.09
2025-06-26 04:00:00,117.67
2025-06-26 05:00:00,120.97
2025-06-26 06:00:00,106.79
2025-06-26 07:00:00,97.31
2025-06-26 08:00:00,87.94
2025-06-26 09:00:00,80.9
2025-06-26 10:00:00,70.78
2025-06-26 11:00:00,67.05
2025-06-26 12:00:00,67.46
2025-06-26 13:00:00,106.96
2025-06-26 14:00:00,117.03
2025-06-26 15:00:00,127.05
2025-06-26 16:00:00,144.08
2025-06-26 17:00:00,209.92
2025-06-26 18:00:00,210.21
2025-06-26 19:00:00,162.5
2025-06-26 20:00:00,155.07
2025-06-26 21:00:00,129.0
2025-06-26 22:00:00,117.01
2025-06-26 23:00:00,123.23
2025-06-27 00:00:00,113.67
2025-06-27 01:00:00,113.23
2025-06-27 02:00:00,109.92
2025-06-27 03:00:00,112.28
2025-06-27 04:00:00,114.28
2025-06-27 05:00:00,113.2
2025-06-27 06:00:00,107.7
2025-06-27 07:00:00,91.47
2025-06-27 08:00:00,79.27
2025-06-27 09:00:00,67.45
2025-06-27 10:00:00,54.94
2025-06-27 11:00:00,64.87
2025-06-27 12:00:00,67.99
2025-06-27 13:00:00,92.08
2025-06-27 14:00:00,96.77
2025-06-27 15:00:00,115.81
2025-06-27 16:00:00,123.19
2025-06-27 17:00:00,145.0
2025-06-27 18:00:00,167.81
2025-06-27 19:00:00,147.67
2025-06-27 20:00:00,130.05
2025-06-27 21:00:00,113.11
2025-06-27 22:00:00,98.94
2025-06-27 23:00:00,90.37
2025-06-28 00:00:00,83.06
2025-06-28 01:00:00,78.85
2025-06-28 02:00:00,71.23
2025-06-28 03:00:00,77.01
2025-06-28 04:00:00,76.77
2025-06-28 05:00:00,59.85
2025-06-28 06:00:00,27.8
2025-06-28 07:00:00,2.34
2025-06-28 08:00:00,0.01
2025-06-28 09:00:00,0.12
2025-06-28 10:00:00,-0.01
2025-06-28 11:00:00,-0.02
2025-06-28 12:00:00,10.12
2025-06-28 13:00:00,0.05
2025-06-28 14:00:00,34.54
2025-06-28 15:00:00,102.66
2025-06-28 16:00:00,108.44
2025-06-28 17:00:00,113.05
2025-06-28 18:00:00,131.93
2025-06-28 19:00:00,130.0
2025-06-28 20:00:00,120.04
2025-06-28 21:00:00,103.5
2025-06-28 22:00:00,95.07
2025-06-28 23:00:00,89.42
2025-06-29 00:00:00,89.66
2025-06-29 01:00:00,86.82
2025-06-29 02:00:00,85.18
2025-06-29 03:00:00,85.3
2025-06-29 04:00:00,86.34
2025-06-29 05:00:00,72.4
2025-06-29 06:00:00,46.27
2025-06-29 07:00:00,2.19
2025-06-29 08:00:00,0.0
2025-06-29 09:00:00,-0.08
2025-06-29 10:00:00,-4.37
2025-06-29 11:00:00,-13.26
2025-06-29 12:00:00,-7.08
2025-06-29 13:00:00,-0.97
2025-06-29 14:00:00,1.59
2025-06-29 15:00:00,46.03
2025-06-29 16:00:00,91.67
2025-06-29 17:00:00,102.14
2025-06-29 18:00:00,111.98
2025-06-29 19:00:00,118.07
2025-06-29 20:00:00,113.73
2025-06-29 21:00:00,101.0
2025-06-29 22:00:00,98.73
2025-06-29 23:00:00,89.03
2025-06-30 00:00:00,85.03
2025-06-30 01:00:00,84.13
2025-06-30 02:00:00,86.04
2025-06-30 03:00:00,95.44
2025-06-30 04:00:00,112.31
2025-06-30 05:00:00,111.55
2025-06-30 06:00:00,103.47
2025-06-30 07:00:00,95.9
2025-06-30 08:00:00,77.04
2025-06-30 09:00:00,53.77
2025-06-30 10:00:00,35.54
2025-06-30 11:00:00,100.61
2025-06-30 12:00:00,110.05
2025-06-30 13:00:00,110.0
2025-06-30 14:00:00,120.38
2025-06-30 15:00:00,121.48
2025-06-30 16:00:00,120.44
2025-06-30 17:00:00,178.94
2025-06-30 18:00:00,271.69
2025-06-30 19:00:00,226.6
2025-06-30 20:00:00,157.0
2025-06-30 21:00:00,122.65
2025-06-30 22:00:00,111.28
2025-06-30 23:00:00,102.28
2025-07-01 00:00:00,89.1
2025-07-01 01:00:00,88.48
2025-07-01 02:00:00,90.01
2025-07-01 03:00:00,104.71
2025-07-01 04:00:00,114.97
2025-07-01 05:00:00,120.06
2025-07-01 06:00:00,108.55
2025-07-01 07:00:00,107.91
2025-07-01 08:00:00,96.71
2025-07-01 09:00:00,87.04
2025-07-01 10:00:00,49.42
2025-07-01 11:00:00,47.84
2025-07-01 12:00:00,66.45
2025-07-01 13:00:00,78.3
2025-07-01 14:00:00,90.8
2025-07-01 15:00:00,115.0
2025-07-01 16:00:00,152.05
2025-07-01 17:00:00,290.54
2025-07-01 18:00:00,423.08
2025-07-01 19:00:00,359.8
2025-07-01 20:00:00,242.92
2025-07-01 21:00:00,144.24
2025-07-01 22:00:00,119.29
2025-07-01 23:00:00,102.77
2025-07-02 00:00:00,92.54
2025-07-02 01:00:00,92.08
2025-07-02 02:00:00,90.32
2025-07-02 03:00:00,99.1
2025-07-02 04:00:00,113.9
2025-07-02 05:00:00,109.81
2025-07-02 06:00:00,104.52
2025-07-02 07:00:00,90.57
2025-07-02 08:00:00,77.8
2025-07-02 09:00:00,69.07
2025-07-02 10:00:00,46.71
2025-07-02 11:00:00,34.15
2025-07-02 12:00:00,53.72
2025-07-02 13:00:00,72.01
2025-07-02 14:00:00,86.24
2025-07-02 15:00:00,122.96
2025-07-02 16:00:00,193.16
2025-07-02 17:00:00,471.39
2025-07-02 18:00:00,469.87
2025-07-02 19:00:00,205.26
2025-07-02 20:00:00,137.48
2025-07-02 21:00:00,113.66
2025-07-02 22:00:00,94.21
2025-07-02 23:00:00,88.19
2025-07-03 00:00:00,79.0
2025-07-03 01:00:00,78.93
2025-07-03 02:00:00,80.88
2025-07-03 03:00:00,91.78
2025-07-03 04:00:00,103.31
2025-07-03 05:00:00,106.77
2025-07-03 06:00:00,104.9
2025-07-03 07:00:00,90.45
2025-07-03 08:00:00,75.06
2025-07-03 09:00:00,57.35
2025-07-03 10:00:00,42.16
2025-07-03 11:00:00,39.86
2025-07-03 12:00:00,58.46
2025-07-03 13:00:00,79.9
2025-07-03 14:00:00,115.26
2025-07-03 15:00:00,121.12
2025-07-03 16:00:00,171.13
2025-07-03 17:00:00,244.69
2025-07-03 18:00:00,306.26
2025-07-03 19:00:00,172.89
2025-07-03 20:00:00,138.0
2025-07-03 21:00:00,113.99
2025-07-03 22:00:00,131.28
2025-07-03 23:00:00,108.84
2025-07-04 00:00:00,115.88
2025-07-04 01:00:00,96.48
2025-07-04 02:00:00,104.02
2025-07-04 03:00:00,117.0
2025-07-04 04:00:00,121.16
2025-07-04 05:00:00,115.23
2025-07-04 06:00:00,100.0
2025-07-04 07:00:00,91.15
2025-07-04 08:00:00,70.01
2025-07-04 09:00:00,79.57
2025-07-04 10:00:00,118.66
2025-07-04 11:00:00,119.11
2025-07-04 12:00:00,125.91
2025-07-04 13:00:00,122.38
2025-07-04 14:00:00,130.0
2025-07-04 15:00:00,127.73
2025-07-04 16:00:00,156.98
2025-07-04 17:00:00,145.0
2025-07-04 18:00:00,158.84
2025-07-04 19:00:00,150.43
2025-07-04 20:00:00,127.97
2025-07-04 21:00:00,120.64
2025-07-04 22:00:00,103.8
2025-07-04 23:00:00,96.85
2025-07-05 00:00:00,94.34
2025-07-05 01:00:00,90.53
2025-07-05 02:00:00,88.6
2025-07-05 03:00:00,85.08
2025-07-05 04:00:00,79.72
2025-07-05 05:00:00,45.46
2025-07-05 06:00:00,17.86
2025-07-05 07:00:00,3.34
2025-07-05 08:00:00,0.0
2025-07-05 09:00:00,-0.09
2025-07-05 10:00:00,-1.27
2025-07-05 11:00:00,16.86
2025-07-05 12:00:00,-1.14
2025-07-05 13:00:00,16.99
2025-07-05 14:00:00,115.0
2025-07-05 15:00:00,125.53
2025-07-05 16:00:00,183.06
2025-07-05 17:00:00,225.03
2025-07-05 18:00:00,220.89
2025-07-05 19:00:00,192.07
2025-07-05 20:00:00,127.61
2025-07-05 21:00:00,123.8
2025-07-05 22:00:00,101.38
2025-07-05 23:00:00,95.0
2025-07-06 00:00:00,92.15
2025-07-06 01:00:00,89.71
2025-07-06 02:00:00,89.29
2025-07-06 03:00:00,87.95
2025-07-06 04:00:00,73.68
2025-07-06 05:00:00,72.5
2025-07-06 06:00:00,66.2
2025-07-06 07:00:00,33.5
2025-07-06 08:00:00,19.65
2025-07-06 09:00:00,15.1
2025-07-06 10:00:00,12.86
2025-07-06 11:00:00,7.96
2025-07-06 12:00:00,10.59
2025-07-06 13:00:00,53.61
2025-07-06 14:00:00,73.6
2025-07-06 15:00:00,96.97
2025-07-06 16:00:00,122.23
2025-07-06 17:00:00,185.31
2025-07-06 18:00:00,207.47
2025-07-06 19:00:00,155.64
2025-07-06 20:00:00,134.96
2025-07-06 21:00:00,113.26
2025-07-06 22:00:00,115.95
2025-07-06 23:00:00,102.0
2025-07-07 00:00:00,97.82
2025-07-07 01:00:00,94.1
2025-07-07 02:00:00,96.07
2025-07-07 03:00:00,106.78
2025-07-07 04:00:00,128.24
2025-07-07 05:00:00,133.03
2025-07-07 06:00:00,139.43
2025-07-07 07:00:00,126.02
2025-07-07 08:00:00,110.65
2025-07-07 09:00:00,102.19
2025-07-07 10:00:00,87.17
2025-07-07 11:00:00,88.44
2025-07-07 12:00:00,85.88
2025-07-07 13:00:00,91.39
2025-07-07 14:00:00,112.49
2025-07-07 15:00:00,118.36
2025-07-07 16:00:00,129.77
2025-07-07 17:00:00,145.34
2025-07-07 18:00:00,156.06
2025-07-07 19:00:00,132.83
2025-07-07 20:00:00,129.77
2025-07-07 21:00:00,96.33
2025-07-07 22:00:00,101.85
2025-07-07 23:00:00,90.42
2025-07-08 00:00:00,86.06
2025-07-08 01:00:00,84.54
2025-07-08 02:00:00,84.95
2025-07-08 03:00:00,88.39
2025-07-08 04:00:00,105.58
2025-07-08 05:00:00,114.76
2025-07-08 06:00:00,110.58
2025-07-08 07:00:00,83.87
2025-07-08 08:00:00,86.22
2025-07-08 09:00:00,86.41
2025-07-08 10:00:00,88.61
2025-07-08 11:00:00,80.49
2025-07-08 12:00:00,79.17
2025-07-08 13:00:00,87.48
2025-07-08 14:00:00,116.27
2025-07-08 15:00:00,93.05
2025-07-08 16:00:00,108.99
2025-07-08 17:00:00,119.15
2025-07-08 18:00:00,122.34
2025-07-08 19:00:00,122.92
2025-07-08 20:00:00,115.41
2025-07-08 21:00:00,99.91
2025-07-08 22:00:00,96.07
2025-07-08 23:00:00,83.31
2025-07-09 00:00:00,79.97
2025-07-09 01:00:00,78.92
2025-07-09 02:00:00,78.81
2025-07-09 03:00:00,92.43
2025-07-09 04:00:00,106.77
2025-07-09 05:00:00,111.95
2025-07-09 06:00:00,109.29
2025-07-09 07:00:00,93.12
2025-07-09 08:00:00,77.28
2025-07-09 09:00:00,68.31
2025-07-09 10:00:00,58.4
2025-07-09 11:00:00,41.72
2025-07-09 12:00:00,33.36
2025-07-09 13:00:00,52.49
2025-07-09 14:00:00,65.42
2025-07-09 15:00:00,78.08
2025-07-09 16:00:00,108.09
2025-07-09 17:00:00,123.0
2025-07-09 18:00:00,134.11
2025-07-09 19:00:00,130.43
2025-07-09 20:00:00,123.2
2025-07-09 21:00:00,104.64
2025-07-09 22:00:00,100.91
2025-07-09 23:00:00,95.73
2025-07-10 00:00:00,89.1
2025-07-10 01:00:00,85.84
2025-07-10 02:00:00,87.3
2025-07-10 03:00:00,98.1
2025-07-10 04:00:00,104.65
2025-07-10 05:00:00,101.46
2025-07-10 06:00:00,99.63
2025-07-10 07:00:00,85.65
2025-07-10 08:00:00,72.06
2025-07-10 09:00:00,60.13
2025-07-10 10:00:00,44.91
2025-07-10 11:00:00,38.29
2025-07-10 12:00:00,38.31
2025-07-10 13:00:00,55.36
2025-07-10 14:00:00,75.75
2025-07-10 15:00:00,94.42
2025-07-10 16:00:00,110.0
2025-07-10 17:00:00,115.38
2025-07-10 18:00:00,135.56
2025-07-10 19:00:00,130.28
2025-07-10 20:00:00,120.0
2025-07-10 21:00:00,106.77
2025-07-10 22:00:00,101.93
2025-07-10 23:00:00,96.08
2025-07-11 00:00:00,90.52
2025-07-11 01:00:00,86.63
2025-07-11 02:00:00,87.31
2025-07-11 03:00:00,93.58
2025-07-11 04:00:00,102.94
2025-07-11 05:00:00,101.75
2025-07-11 06:00:00,98.78
2025-07-11 07:00:00,88.44
2025-07-11 08:00:00,77.64
2025-07-11 09:00:00,66.46
2025-07-11 10:00:00,59.06
2025-07-11 11:00:00,39.44
2025-07-11 12:00:00,32.04
2025-07-11 13:00:00,78.04
2025-07-11 14:00:00,113.61
2025-07-11 15:00:00,131.41
2025-07-11 16:00:00,157.69
2025-07-11 17:00:00,163.57
2025-07-11 18:00:00,144.01
2025-07-11 19:00:00,125.92
2025-07-11 20:00:00,115.28
2025-07-11 21:00:00,115.19
2025-07-11 22:00:00,112.01
2025-07-11 23:00:00,103.38
2025-07-12 00:00:00,101.65
2025-07-12 01:00:00,94.15
2025-07-12 02:00:00,89.83
2025-07-12 03:00:00,87.68
2025-07-12 04:00:00,83.06
2025-07-12 05:00:00,85.6
2025-07-12 06:00:00,80.74
2025-07-12 07:00:00,59.18
2025-07-12 08:00:00,18.19
2025-07-12 09:00:00,3.0
2025-07-12 10:00:00,0.22
2025-07-12 11:00:00,0.0
2025-07-12 12:00:00,0.0
2025-07-12 13:00:00,0.22
2025-07-12 14:00:00,38.68
2025-07-12 15:00:00,95.14
2025-07-12 16:00:00,99.99
2025-07-12 17:00:00,106.66
2025-07-12 18:00:00,129.24
2025-07-12 19:00:00,123.08
2025-07-12 20:00:00,124.89
2025-07-12 21:00:00,120.0
2025-07-12 22:00:00,112.94
2025-07-12 23:00:00,106.1
2025-07-13 00:00:00,103.74
2025-07-13 01:00:00,101.19
2025-07-13 02:00:00,98.07
2025-07-13 03:00:00,94.59
2025-07-13 04:00:00,89.71
2025-07-13 05:00:00,87.17
2025-07-13 06:00:00,71.76
2025-07-13 07:00:00,22.5
2025-07-13 08:00:00,4.28
2025-07-13 09:00:00,0.05
2025-07-13 10:00:00,0.0
2025-07-13 11:00:00,0.0
2025-07-13 12:00:00,0.0
2025-07-13 13:00:00,0.0
2025-07-13 14:00:00,2.16
2025-07-13 15:00:00,65.07
2025-07-13 16:00:00,110.0
2025-07-13 17:00:00,110.76
2025-07-13 18:00:00,129.55
2025-07-13 19:00:00,129.33
2025-07-13 20:00:00,126.94
2025-07-13 21:00:00,117.0
2025-07-13 22:00:00,112.32
2025-07-13 23:00:00,99.71
2025-07-14 00:00:00,92.52
2025-07-14 01:00:00,88.83
2025-07-14 02:00:00,90.74
2025-07-14 03:00:00,103.47
2025-07-14 04:00:00,112.97
2025-07-14 05:00:00,112.13
2025-07-14 06:00:00,98.99
2025-07-14 07:00:00,83.35
2025-07-14 08:00:00,75.74
2025-07-14 09:00:00,74.06
2025-07-14 10:00:00,73.43
2025-07-14 11:00:00,66.27
2025-07-14 12:00:00,59.31
2025-07-14 13:00:00,75.32
2025-07-14 14:00:00,118.0
2025-07-14 15:00:00,123.98
2025-07-14 16:00:00,131.43
2025-07-14 17:00:00,152.66
2025-07-14 18:00:00,264.84
2025-07-14 19:00:00,197.05
2025-07-14 20:00:00,130.0
2025-07-14 21:00:00,120.0
2025-07-14 22:00:00,104.5
2025-07-14 23:00:00,97.34
2025-07-15 00:00:00,89.07
2025-07-15 01:00:00,84.92
2025-07-15 02:00:00,83.44
2025-07-15 03:00:00,90.19
2025-07-15 04:00:00,106.25
2025-07-15 05:00:00,110.3
2025-07-15 06:00:00,105.62
2025-07-15 07:00:00,88.43
2025-07-15 08:00:00,71.12
2025-07-15 09:00:00,61.51
2025-07-15 10:00:00,61.34
2025-07-15 11:00:00,49.33
2025-07-15 12:00:00,56.48
2025-07-15 13:00:00,89.66
2025-07-15 14:00:00,116.34
2025-07-15 15:00:00,122.0
2025-07-15 16:00:00,117.88
2025-07-15 17:00:00,160.31
2025-07-15 18:00:00,168.85
2025-07-15 19:00:00,150.92
2025-07-15 20:00:00,120.12
2025-07-15 21:00:00,106.51
2025-07-15 22:00:00,95.42
2025-07-15 23:00:00,88.65
2025-07-16 00:00:00,81.96
2025-07-16 01:00:00,78.15
2025-07-16 02:00:00,78.33
2025-07-16 03:00:00,83.9
2025-07-16 04:00:00,101.73
2025-07-16 05:00:00,108.56
2025-07-16 06:00:00,107.99
2025-07-16 07:00:00,98.81
2025-07-16 08:00:00,84.83
2025-07-16 09:00:00,83.49
2025-07-16 10:00:00,84.92
2025-07-16 11:00:00,84.3
2025-07-16 12:00:00,92.57
2025-07-16 13:00:00,108.6
2025-07-16 14:00:00,111.41
2025-07-16 15:00:00,115.03
2025-07-16 16:00:00,146.48
2025-07-16 17:00:00,154.04
2025-07-16 18:00:00,158.67
2025-07-16 19:00:00,148.46
2025-07-16 20:00:00,125.15
2025-07-16 21:00:00,125.0
2025-07-16 22:00:00,112.88
2025-07-16 23:00:00,100.37
2025-07-17 00:00:00,92.01
2025-07-17 01:00:00,89.89
2025-07-17 02:00:00,90.51
2025-07-17 03:00:00,94.66
2025-07-17 04:00:00,120.0
2025-07-17 05:00:00,125.53
2025-07-17 06:00:00,105.92
2025-07-17 07:00:00,93.1
2025-07-17 08:00:00,85.0
2025-07-17 09:00:00,77.07
2025-07-17 10:00:00,70.17
2025-07-17 11:00:00,62.83
2025-07-17 12:00:00,62.63
2025-07-17 13:00:00,68.9
2025-07-17 14:00:00,110.57
2025-07-17 15:00:00,115.0
2025-07-17 16:00:00,114.68
2025-07-17 17:00:00,135.0
2025-07-17 18:00:00,148.5
2025-07-17 19:00:00,134.18
2025-07-17 20:00:00,125.07
2025-07-17 21:00:00,114.18
2025-07-17 22:00:00,107.37
2025-07-17 23:00:00,98.98
2025-07-18 00:00:00,95.91
2025-07-18 01:00:00,94.72
2025-07-18 02:00:00,95.58
2025-07-18 03:00:00,104.67
2025-07-18 04:00:00,114.1
2025-07-18 05:00:00,114.58
2025-07-18 06:00:00,109.36
2025-07-18 07:00:00,96.53
2025-07-18 08:00:00,83.62
2025-07-18 09:00:00,81.97
2025-07-18 10:00:00,80.0
2025-07-18 11:00:00,73.02
2025-07-18 12:00:00,71.2
2025-07-18 13:00:00,72.68
2025-07-18 14:00:00,119.23
2025-07-18 15:00:00,124.07
2025-07-18 16:00:00,129.0
2025-07-18 17:00:00,137.76
2025-07-18 18:00:00,150.0
2025-07-18 19:00:00,145.42
2025-07-18 20:00:00,128.66
2025-07-18 21:00:00,125.59
2025-07-18 22:00:00,111.53
2025-07-18 23:00:00,104.5
2025-07-19 00:00:00,105.4
2025-07-19 01:00:00,104.96
2025-07-19 02:00:00,102.67
2025-07-19 03:00:00,116.8
2025-07-19 04:00:00,92.24
2025-07-19 05:00:00,82.47
2025-07-19 06:00:00,75.51
2025-07-19 07:00:00,50.17
2025-07-19 08:00:00,10.0
2025-07-19 09:00:00,0.65
2025-07-19 10:00:00,0.0
2025-07-19 11:00:00,0.0
2025-07-19 12:00:00,0.0
2025-07-19 13:00:00,12.04
2025-07-19 14:00:00,84.39
2025-07-19 15:00:00,120.0
2025-07-19 16:00:00,153.3
2025-07-19 17:00:00,140.74
2025-07-19 18:00:00,168.52
2025-07-19 19:00:00,137.12
2025-07-19 20:00:00,131.4
2025-07-19 21:00:00,131.4
2025-07-19 22:00:00,130.76
2025-07-19 23:00:00,99.7
2025-07-20 00:00:00,95.81
2025-07-20 01:00:00,112.09
2025-07-20 02:00:00,99.04
2025-07-20 03:00:00,110.49
2025-07-20 04:00:00,96.25
2025-07-20 05:00:00,71.97
2025-07-20 06:00:00,66.81
2025-07-20 07:00:00,35.37
2025-07-20 08:00:00,7.4
2025-07-20 09:00:00,1.81
2025-07-20 10:00:00,0.0
2025-07-20 11:00:00,-0.01
2025-07-20 12:00:00,0.0
2025-07-20 13:00:00,7.99
2025-07-20 14:00:00,71.51
2025-07-20 15:00:00,106.78
2025-07-20 16:00:00,131.2
2025-07-20 17:00:00,150.87
2025-07-20 18:00:00,141.86
2025-07-20 19:00:00,140.0
2025-07-20 20:00:00,131.19
2025-07-20 21:00:00,131.24
2025-07-20 22:00:00,116.82
2025-07-20 23:00:00,82.52
2025-07-21 00:00:00,78.28
2025-07-21 01:00:00,77.53
2025-07-21 02:00:00,105.07
2025-07-21 03:00:00,115.8
2025-07-21 04:00:00,121.75
2025-07-21 05:00:00,120.0
2025-07-21 06:00:00,106.17
2025-07-21 07:00:00,91.76
2025-07-21 08:00:00,83.22
2025-07-21 09:00:00,81.48
2025-07-21 10:00:00,85.38
2025-07-21 11:00:00,86.86
2025-07-21 12:00:00,74.81
2025-07-21 13:00:00,76.7
2025-07-21 14:00:00,117.56
2025-07-21 15:00:00,119.7
2025-07-21 16:00:00,178.63
2025-07-21 17:00:00,270.02
2025-07-21 18:00:00,137.34
2025-07-21 19:00:00,136.0
2025-07-21 20:00:00,122.0
2025-07-21 21:00:00,120.0
2025-07-21 22:00:00,114.98
2025-07-21 23:00:00,110.0
2025-07-22 00:00:00,105.29
2025-07-22 01:00:00,105.03
2025-07-22 02:00:00,105.0
2025-07-22 03:00:00,105.29
2025-07-22 04:00:00,113.8
2025-07-22 05:00:00,111.79
2025-07-22 06:00:00,100.67
2025-07-22 07:00:00,104.57
2025-07-22 08:00:00,84.99
2025-07-22 09:00:00,71.85
2025-07-22 10:00:00,53.85
2025-07-22 11:00:00,85.05
2025-07-22 12:00:00,105.1
2025-07-22 13:00:00,111.98
2025-07-22 14:00:00,113.22
2025-07-22 15:00:00,110.0
2025-07-22 16:00:00,191.75
2025-07-22 17:00:00,247.74
2025-07-22 18:00:00,140.04
2025-07-22 19:00:00,128.5
2025-07-22 20:00:00,117.6
2025-07-22 21:00:00,114.05
2025-07-22 22:00:00,106.67
2025-07-22 23:00:00,109.55
2025-07-23 00:00:00,108.47
2025-07-23 01:00:00,103.76
2025-07-23 02:00:00,109.51
2025-07-23 03:00:00,114.2
2025-07-23 04:00:00,119.15
2025-07-23 05:00:00,119.84
2025-07-23 06:00:00,96.5
2025-07-23 07:00:00,84.17
2025-07-23 08:00:00,87.83
2025-07-23 09:00:00,99.41
2025-07-23 10:00:00,108.0
2025-07-23 11:00:00,107.3
2025-07-23 12:00:00,106.88
2025-07-23 13:00:00,80.41
2025-07-23 14:00:00,117.26
2025-07-23 15:00:00,176.85
2025-07-23 16:00:00,290.17
2025-07-23 17:00:00,416.94
2025-07-23 18:00:00,529.26
2025-07-23 19:00:00,133.85
2025-07-23 20:00:00,133.48
2025-07-23 21:00:00,125.51
2025-07-23 22:00:00,108.1
2025-07-23 23:00:00,109.67
2025-07-24 00:00:00,107.4
2025-07-24 01:00:00,107.09
2025-07-24 02:00:00,105.76
2025-07-24 03:00:00,102.61
2025-07-24 04:00:00,110.65
2025-07-24 05:00:00,117.07
2025-07-24 06:00:00,115.33
2025-07-24 07:00:00,96.69
2025-07-24 08:00:00,90.79
2025-07-24 09:00:00,86.04
2025-07-24 10:00:00,83.43
2025-07-24 11:00:00,94.99
2025-07-24 12:00:00,111.25
2025-07-24 13:00:00,98.27
2025-07-24 14:00:00,110.49
2025-07-24 15:00:00,117.29
2025-07-24 16:00:00,189.52
2025-07-24 17:00:00,278.02
2025-07-24 18:00:00,225.09
2025-07-24 19:00:00,176.07
2025-07-24 20:00:00,123.15
2025-07-24 21:00:00,110.0
2025-07-24 22:00:00,114.72
2025-07-24 23:00:00,112.24
2025-07-25 00:00:00,109.9
2025-07-25 01:00:00,108.33
2025-07-25 02:00:00,111.0
2025-07-25 03:00:00,119.67
2025-07-25 04:00:00,123.88
2025-07-25 05:00:00,116.78
2025-07-25 06:00:00,118.61
2025-07-25 07:00:00,105.7
2025-07-25 08:00:00,108.27
2025-07-25 09:00:00,99.89
2025-07-25 10:00:00,98.96
2025-07-25 11:00:00,112.8
2025-07-25 12:00:00,120.0
2025-07-25 13:00:00,117.37
2025-07-25 14:00:00,137.88
2025-07-25 15:00:00,149.67
2025-07-25 16:00:00,360.62
2025-07-25 17:00:00,551.49
2025-07-25 18:00:00,537.24
2025-07-25 19:00:00,225.02
2025-07-25 20:00:00,132.83
2025-07-25 21:00:00,121.16
2025-07-25 22:00:00,115.25
2025-07-25 23:00:00,111.0
2025-07-26 00:00:00,108.17
2025-07-26 01:00:00,108.17
2025-07-26 02:00:00,108.14
2025-07-26 03:00:00,111.35
2025-07-26 04:00:00,111.65
2025-07-26 05:00:00,107.88
2025-07-26 06:00:00,90.29
2025-07-26 07:00:00,89.49
2025-07-26 08:00:00,83.84
2025-07-26 09:00:00,79.42
2025-07-26 10:00:00,69.74
2025-07-26 11:00:00,68.02
2025-07-26 12:00:00,72.37
2025-07-26 13:00:00,85.03
2025-07-26 14:00:00,132.42
2025-07-26 15:00:00,188.17
2025-07-26 16:00:00,112.17
2025-07-26 17:00:00,121.13
2025-07-26 18:00:00,130.82
2025-07-26 19:00:00,144.24
2025-07-26 20:00:00,119.18
2025-07-26 21:00:00,109.78
2025-07-26 22:00:00,98.03
2025-07-26 23:00:00,92.93
2025-07-27 00:00:00,90.0
2025-07-27 01:00:00,85.5
2025-07-27 02:00:00,90.0
2025-07-27 03:00:00,92.16
2025-07-27 04:00:00,88.48
2025-07-27 05:00:00,83.07
2025-07-27 06:00:00,75.03
2025-07-27 07:00:00,76.66
2025-07-27 08:00:00,79.22
2025-07-27 09:00:00,72.54
2025-07-27 10:00:00,46.7
2025-07-27 11:00:00,15.04
2025-07-27 12:00:00,8.85
2025-07-27 13:00:00,17.95
2025-07-27 14:00:00,47.71
2025-07-27 15:00:00,78.84
2025-07-27 16:00:00,95.41
2025-07-27 17:00:00,105.1
2025-07-27 18:00:00,111.4
2025-07-27 19:00:00,118.14
2025-07-27 20:00:00,113.17
2025-07-27 21:00:00,105.0
2025-07-27 22:00:00,94.35
2025-07-27 23:00:00,83.19
2025-07-28 00:00:00,79.52
2025-07-28 01:00:00,81.34
2025-07-28 02:00:00,82.73
2025-07-28 03:00:00,83.97
2025-07-28 04:00:00,102.9
2025-07-28 05:00:00,119.0
2025-07-28 06:00:00,117.0
2025-07-28 07:00:00,113.39
2025-07-28 08:00:00,105.5
2025-07-28 09:00:00,98.0
2025-07-28 10:00:00,90.33
2025-07-28 11:00:00,88.03
2025-07-28 12:00:00,82.48
2025-07-28 13:00:00,85.31
2025-07-28 14:00:00,92.88
2025-07-28 15:00:00,100.01
2025-07-28 16:00:00,118.19
2025-07-28 17:00:00,118.8
2025-07-28 18:00:00,118.86
2025-07-28 19:00:00,115.99
2025-07-28 20:00:00,105.32
2025-07-28 21:00:00,96.65
2025-07-28 22:00:00,106.0
2025-07-28 23:00:00,90.91
2025-07-29 00:00:00,87.57
2025-07-29 01:00:00,87.14
2025-07-29 02:00:00,90.0
2025-07-29 03:00:00,103.99
2025-07-29 04:00:00,107.12
2025-07-29 05:00:00,108.11
2025-07-29 06:00:00,93.66
2025-07-29 07:00:00,84.88
2025-07-29 08:00:00,72.2
2025-07-29 09:00:00,57.84
2025-07-29 10:00:00,28.48
2025-07-29 11:00:00,24.07
2025-07-29 12:00:00,68.66
2025-07-29 13:00:00,74.01
2025-07-29 14:00:00,93.71
2025-07-29 15:00:00,94.87
2025-07-29 16:00:00,107.16
2025-07-29 17:00:00,115.8
2025-07-29 18:00:00,162.57
2025-07-29 19:00:00,127.8
2025-07-29 20:00:00,112.51
2025-07-29 21:00:00,105.2
2025-07-29 22:00:00,97.86
2025-07-29 23:00:00,93.78
2025-07-30 00:00:00,87.12
2025-07-30 01:00:00,87.84
2025-07-30 02:00:00,90.28
2025-07-30 03:00:00,100.52
2025-07-30 04:00:00,105.11
2025-07-30 05:00:00,115.87
2025-07-30 06:00:00,86.93
2025-07-30 07:00:00,67.62
2025-07-30 08:00:00,52.87
2025-07-30 09:00:00,40.47
2025-07-30 10:00:00,24.79
2025-07-30 11:00:00,17.69
2025-07-30 12:00:00,10.7
2025-07-30 13:00:00,28.49
2025-07-30 14:00:00,86.05
2025-07-30 15:00:00,105.18
2025-07-30 16:00:00,125.0
2025-07-30 17:00:00,225.02
2025-07-30 18:00:00,155.22
2025-07-30 19:00:00,126.8
2025-07-30 20:00:00,109.8
2025-07-30 21:00:00,111.22
2025-07-30 22:00:00,106.25
2025-07-30 23:00:00,104.44
2025-07-31 00:00:00,77.51
2025-07-31 01:00:00,73.72
2025-07-31 02:00:00,78.2
2025-07-31 03:00:00,105.0
2025-07-31 04:00:00,110.0
2025-07-31 05:00:00,102.17
2025-07-31 06:00:00,93.78
2025-07-31 07:00:00,81.44
2025-07-31 08:00:00,74.09
2025-07-31 09:00:00,74.0
2025-07-31 10:00:00,63.93
2025-07-31 11:00:00,51.03
2025-07-31 12:00:00,37.04
2025-07-31 13:00:00,60.29
2025-07-31 14:00:00,78.27
2025-07-31 15:00:00,107.1
2025-07-31 16:00:00,114.0
2025-07-31 17:00:00,125.0
2025-07-31 18:00:00,135.13
2025-07-31 19:00:00,128.47
2025-07-31 20:00:00,118.91
2025-07-31 21:00:00,102.23
2025-07-31 22:00:00,104.9
2025-07-31 23:00:00,97.88
2025-08-01 00:00:00,90.86
2025-08-01 01:00:00,86.76
2025-08-01 02:00:00,91.96
2025-08-01 03:00:00,100.61
2025-08-01 04:00:00,105.25
2025-08-01 05:00:00,109.15
2025-08-01 06:00:00,105.47
2025-08-01 07:00:00,91.41
2025-08-01 08:00:00,67.12
2025-08-01 09:00:00,65.17
2025-08-01 10:00:00,67.39
2025-08-01 11:00:00,65.94
2025-08-01 12:00:00,52.23
2025-08-01 13:00:00,52.98
2025-08-01 14:00:00,75.72
2025-08-01 15:00:00,82.97
2025-08-01 16:00:00,109.88
2025-08-01 17:00:00,124.0
2025-08-01 18:00:00,131.37
2025-08-01 19:00:00,129.35
2025-08-01 20:00:00,127.98
2025-08-01 21:00:00,111.83
2025-08-01 22:00:00,115.0
2025-08-01 23:00:00,98.03
2025-08-02 00:00:00,94.98
2025-08-02 01:00:00,89.38
2025-08-02 02:00:00,88.46
2025-08-02 03:00:00,88.24
2025-08-02 04:00:00,86.82
2025-08-02 05:00:00,82.22
2025-08-02 06:00:00,72.31
2025-08-02 07:00:00,52.8
2025-08-02 08:00:00,31.43
2025-08-02 09:00:00,5.68
2025-08-02 10:00:00,2.95
2025-08-02 11:00:00,0.0
2025-08-02 12:00:00,0.0
2025-08-02 13:00:00,0.0
2025-08-02 14:00:00,5.75
2025-08-02 15:00:00,65.1
2025-08-02 16:00:00,96.24
2025-08-02 17:00:00,106.64
2025-08-02 18:00:00,120.05
2025-08-02 19:00:00,113.57
2025-08-02 20:00:00,106.31
2025-08-02 21:00:00,93.36
2025-08-02 22:00:00,85.93
2025-08-02 23:00:00,77.49
2025-08-03 00:00:00,70.08
2025-08-03 01:00:00,70.41
2025-08-03 02:00:00,68.34
2025-08-03 03:00:00,62.42
2025-08-03 04:00:00,48.05
2025-08-03 05:00:00,26.28
2025-08-03 06:00:00,6.16
2025-08-03 07:00:00,0.0
2025-08-03 08:00:00,-1.01
2025-08-03 09:00:00,-2.1
2025-08-03 10:00:00,-3.0
2025-08-03 11:00:00,-9.9
2025-08-03 12:00:00,-10.08
2025-08-03 13:00:00,-4.98
2025-08-03 14:00:00,-1.27
2025-08-03 15:00:00,16.36
2025-08-03 16:00:00,71.29
2025-08-03 17:00:00,85.36
2025-08-03 18:00:00,104.17
2025-08-03 19:00:00,101.32
2025-08-03 20:00:00,100.06
2025-08-03 21:00:00,85.09
2025-08-03 22:00:00,81.75
2025-08-03 23:00:00,70.07
2025-08-04 00:00:00,69.97
2025-08-04 01:00:00,69.14
2025-08-04 02:00:00,71.88
2025-08-04 03:00:00,95.39
2025-08-04 04:00:00,93.33
2025-08-04 05:00:00,101.0
2025-08-04 06:00:00,95.29
2025-08-04 07:00:00,85.68
2025-08-04 08:00:00,66.24
2025-08-04 09:00:00,48.81
2025-08-04 10:00:00,14.6
2025-08-04 11:00:00,4.05
2025-08-04 12:00:00,0.66
2025-08-04 13:00:00,46.02
2025-08-04 14:00:00,72.08
2025-08-04 15:00:00,82.87
2025-08-04 16:00:00,103.77
2025-08-04 17:00:00,127.32
2025-08-04 18:00:00,138.59
2025-08-04 19:00:00,107.99
2025-08-04 20:00:00,88.06
2025-08-04 21:00:00,73.49
2025-08-04 22:00:00,39.03
2025-08-04 23:00:00,16.08
2025-08-05 00:00:00,23.67
2025-08-05 01:00:00,25.12
2025-08-05 02:00:00,58.6
2025-08-05 03:00:00,77.19
2025-08-05 04:00:00,94.9
2025-08-05 05:00:00,93.18
2025-08-05 06:00:00,72.76
2025-08-05 07:00:00,3.77
2025-08-05 08:00:00,-0.01
2025-08-05 09:00:00,-1.82
2025-08-05 10:00:00,-4.99
2025-08-05 11:00:00,22.39
2025-08-05 12:00:00,-12.04
2025-08-05 13:00:00,5.04
2025-08-05 14:00:00,63.0
2025-08-05 15:00:00,91.06
2025-08-05 16:00:00,106.47
2025-08-05 17:00:00,145.55
2025-08-05 18:00:00,175.55
2025-08-05 19:00:00,115.15
2025-08-05 20:00:00,99.96
2025-08-05 21:00:00,83.2
2025-08-05 22:00:00,75.83
2025-08-05 23:00:00,59.7
2025-08-06 00:00:00,63.97
2025-08-06 01:00:00,65.4
2025-08-06 02:00:00,63.72
2025-08-06 03:00:00,81.86
2025-08-06 04:00:00,94.93
2025-08-06 05:00:00,96.99
2025-08-06 06:00:00,84.01
2025-08-06 07:00:00,27.83
2025-08-06 08:00:00,0.02
2025-08-06 09:00:00,2.94
2025-08-06 10:00:00,14.09
2025-08-06 11:00:00,16.45
2025-08-06 12:00:00,9.04
2025-08-06 13:00:00,30.75
2025-08-06 14:00:00,91.39
2025-08-06 15:00:00,65.48
2025-08-06 16:00:00,99.84
2025-08-06 17:00:00,123.17
2025-08-06 18:00:00,173.81
2025-08-06 19:00:00,155.64
2025-08-06 20:00:00,110.0
2025-08-06 21:00:00,101.06
2025-08-06 22:00:00,97.32
2025-08-06 23:00:00,96.17
2025-08-07 00:00:00,90.21
2025-08-07 01:00:00,87.57
2025-08-07 02:00:00,88.06
2025-08-07 03:00:00,90.06
2025-08-07 04:00:00,103.89
2025-08-07 05:00:00,97.99
2025-08-07 06:00:00,48.81
2025-08-07 07:00:00,15.83
2025-08-07 08:00:00,-2.75
2025-08-07 09:00:00,0.0
2025-08-07 10:00:00,-0.18
2025-08-07 11:00:00,-3.31
2025-08-07 12:00:00,0.07
2025-08-07 13:00:00,0.02
2025-08-07 14:00:00,58.04
2025-08-07 15:00:00,71.04
2025-08-07 16:00:00,106.54
2025-08-07 17:00:00,131.87
2025-08-07 18:00:00,176.77
2025-08-07 19:00:00,128.35
2025-08-07 20:00:00,110.0
2025-08-07 21:00:00,101.28
2025-08-07 22:00:00,93.84
2025-08-07 23:00:00,90.03
2025-08-08 00:00:00,86.03
2025-08-08 01:00:00,82.82
2025-08-08 02:00:00,80.91
2025-08-08 03:00:00,91.3
2025-08-08 04:00:00,98.74
2025-08-08 05:00:00,98.15
2025-08-08 06:00:00,76.2
2025-08-08 07:00:00,46.73
2025-08-08 08:00:00,5.76
2025-08-08 09:00:00,6.69
2025-08-08 10:00:00,0.0
2025-08-08 11:00:00,-0.01
2025-08-08 12:00:00,0.0
2025-08-08 13:00:00,0.0
2025-08-08 14:00:00,10.49
2025-08-08 15:00:00,105.17
2025-08-08 16:00:00,113.28
2025-08-08 17:00:00,217.03
2025-08-08 18:00:00,259.07
2025-08-08 19:00:00,152.94
2025-08-08 20:00:00,124.98
2025-08-08 21:00:00,108.14
2025-08-08 22:00:00,102.42
2025-08-08 23:00:00,101.43
2025-08-09 00:00:00,101.01
2025-08-09 01:00:00,97.92
2025-08-09 02:00:00,97.72
2025-08-09 03:00:00,97.82
2025-08-09 04:00:00,97.32
2025-08-09 05:00:00,88.64
2025-08-09 06:00:00,67.66
2025-08-09 07:00:00,15.34
2025-08-09 08:00:00,-0.02
2025-08-09 09:00:00,-1.0
2025-08-09 10:00:00,-10.63
2025-08-09 11:00:00,-16.57
2025-08-09 12:00:00,-14.86
2025-08-09 13:00:00,-2.65
2025-08-09 14:00:00,0.15
2025-08-09 15:00:00,130.84
2025-08-09 16:00:00,105.17
2025-08-09 17:00:00,125.57
2025-08-09 18:00:00,146.61
2025-08-09 19:00:00,123.32
2025-08-09 20:00:00,110.64
2025-08-09 21:00:00,94.92
2025-08-09 22:00:00,84.59
2025-08-09 23:00:00,82.76
2025-08-10 00:00:00,82.41
2025-08-10 01:00:00,77.11
2025-08-10 02:00:00,79.74
2025-08-10 03:00:00,82.58
2025-08-10 04:00:00,80.92
2025-08-10 05:00:00,69.08
2025-08-10 06:00:00,26.47
2025-08-10 07:00:00,-0.01
2025-08-10 08:00:00,-3.54
2025-08-10 09:00:00,-15.6
2025-08-10 10:00:00,-37.79
2025-08-10 11:00:00,-60.16
2025-08-10 12:00:00,-49.76
2025-08-10 13:00:00,-19.65
2025-08-10 14:00:00,-0.29
2025-08-10 15:00:00,64.03
2025-08-10 16:00:00,87.86
2025-08-10 17:00:00,121.17
2025-08-10 18:00:00,157.36
2025-08-10 19:00:00,118.74
2025-08-10 20:00:00,106.51
2025-08-10 21:00:00,97.82
2025-08-10 22:00:00,98.91
2025-08-10 23:00:00,90.85
2025-08-11 00:00:00,86.64
2025-08-11 01:00:00,84.15
2025-08-11 02:00:00,92.15
2025-08-11 03:00:00,103.19
2025-08-11 04:00:00,127.98
2025-08-11 05:00:00,119.96
2025-08-11 06:00:00,91.54
2025-08-11 07:00:00,34.7
2025-08-11 08:00:00,0.73
2025-08-11 09:00:00,2.54
2025-08-11 10:00:00,0.0
2025-08-11 11:00:00,0.0
2025-08-11 12:00:00,0.0
2025-08-11 13:00:00,9.0
2025-08-11 14:00:00,59.19
2025-08-11 15:00:00,99.31
2025-08-11 16:00:00,140.0
2025-08-11 17:00:00,217.02
2025-08-11 18:00:00,247.74
2025-08-11 19:00:00,140.27
2025-08-11 20:00:00,108.87
2025-08-11 21:00:00,96.0
2025-08-11 22:00:00,93.0
2025-08-11 23:00:00,89.67
2025-08-12 00:00:00,85.41
2025-08-12 01:00:00,84.96
2025-08-12 02:00:00,86.17
2025-08-12 03:00:00,93.86
2025-08-12 04:00:00,105.03
2025-08-12 05:00:00,102.11
2025-08-12 06:00:00,95.78
2025-08-12 07:00:00,71.81
2025-08-12 08:00:00,13.57
2025-08-12 09:00:00,12.41
2025-08-12 10:00:00,8.38
2025-08-12 11:00:00,3.0
2025-08-12 12:00:00,5.15
2025-08-12 13:00:00,35.05
2025-08-12 14:00:00,73.05
2025-08-12 15:00:00,116.16
2025-08-12 16:00:00,150.78
2025-08-12 17:00:00,287.54
2025-08-12 18:00:00,321.19
2025-08-12 19:00:00,147.54
2025-08-12 20:00:00,114.53
2025-08-12 21:00:00,98.22
2025-08-12 22:00:00,96.64
2025-08-12 23:00:00,90.0
2025-08-13 00:00:00,86.89
2025-08-13 01:00:00,84.71
2025-08-13 02:00:00,87.07
2025-08-13 03:00:00,92.76
2025-08-13 04:00:00,108.72
2025-08-13 05:00:00,105.76
2025-08-13 06:00:00,96.44
2025-08-13 07:00:00,59.84
2025-08-13 08:00:00,-9.6
2025-08-13 09:00:00,-0.92
2025-08-13 10:00:00,4.73
2025-08-13 11:00:00,8.89
2025-08-13 12:00:00,41.18
2025-08-13 13:00:00,70.9
2025-08-13 14:00:00,84.3
2025-08-13 15:00:00,96.64
2025-08-13 16:00:00,128.95
2025-08-13 17:00:00,268.36
2025-08-13 18:00:00,295.69
2025-08-13 19:00:00,153.0
2025-08-13 20:00:00,123.21
2025-08-13 21:00:00,106.27
2025-08-13 22:00:00,98.1
2025-08-13 23:00:00,92.0
2025-08-14 00:00:00,88.45
2025-08-14 01:00:00,87.46
2025-08-14 02:00:00,87.84
2025-08-14 03:00:00,95.9
2025-08-14 04:00:00,106.3
2025-08-14 05:00:00,107.95
2025-08-14 06:00:00,97.76
2025-08-14 07:00:00,88.75
2025-08-14 08:00:00,70.96
2025-08-14 09:00:00,62.42
2025-08-14 10:00:00,48.65
2025-08-14 11:00:00,39.57
2025-08-14 12:00:00,54.9
2025-08-14 13:00:00,69.43
2025-08-14 14:00:00,78.99
2025-08-14 15:00:00,99.95
2025-08-14 16:00:00,152.28
2025-08-14 17:00:00,260.56
2025-08-14 18:00:00,273.58
2025-08-14 19:00:00,154.71
2025-08-14 20:00:00,121.25
2025-08-14 21:00:00,105.95
2025-08-14 22:00:00,99.1
2025-08-14 23:00:00,97.79
2025-08-15 00:00:00,92.31
2025-08-15 01:00:00,87.92
2025-08-15 02:00:00,90.17
2025-08-15 03:00:00,93.64
2025-08-15 04:00:00,98.61
2025-08-15 05:00:00,98.96
2025-08-15 06:00:00,93.33
2025-08-15 07:00:00,70.13
2025-08-15 08:00:00,25.0
2025-08-15 09:00:00,3.0
2025-08-15 10:00:00,0.08
2025-08-15 11:00:00,0.0
2025-08-15 12:00:00,0.0
2025-08-15 13:00:00,1.73
2025-08-15 14:00:00,36.11
2025-08-15 15:00:00,82.57
2025-08-15 16:00:00,104.88
2025-08-15 17:00:00,123.41
2025-08-15 18:00:00,138.92
2025-08-15 19:00:00,111.12
2025-08-15 20:00:00,105.69
2025-08-15 21:00:00,95.7
2025-08-15 22:00:00,93.95
2025-08-15 23:00:00,89.13
2025-08-16 00:00:00,87.68
2025-08-16 01:00:00,82.03
2025-08-16 02:00:00,80.22
2025-08-16 03:00:00,82.94
2025-08-16 04:00:00,85.55
2025-08-16 05:00:00,85.78
2025-08-16 06:00:00,77.09
2025-08-16 07:00:00,65.38
2025-08-16 08:00:00,25.03
2025-08-16 09:00:00,3.8
2025-08-16 10:00:00,0.17
2025-08-16 11:00:00,-0.01
2025-08-16 12:00:00,-0.01
2025-08-16 13:00:00,0.0
2025-08-16 14:00:00,29.82
2025-08-16 15:00:00,70.13
2025-08-16 16:00:00,90.59
2025-08-16 17:00:00,113.93
2025-08-16 18:00:00,121.41
2025-08-16 19:00:00,110.76
2025-08-16 20:00:00,97.17
2025-08-16 21:00:00,89.64
2025-08-16 22:00:00,88.97
2025-08-16 23:00:00,82.68
2025-08-17 00:00:00,83.06
2025-08-17 01:00:00,81.58
2025-08-17 02:00:00,81.83
2025-08-17 03:00:00,82.71
2025-08-17 04:00:00,82.77
2025-08-17 05:00:00,73.21
2025-08-17 06:00:00,67.46
2025-08-17 07:00:00,23.68
2025-08-17 08:00:00,8.05
2025-08-17 09:00:00,0.47
2025-08-17 10:00:00,0.08
2025-08-17 11:00:00,-0.63
2025-08-17 12:00:00,-0.78
2025-08-17 13:00:00,0.65
2025-08-17 14:00:00,14.75
2025-08-17 15:00:00,65.36
2025-08-17 16:00:00,93.19
2025-08-17 17:00:00,108.89
2025-08-17 18:00:00,111.54
2025-08-17 19:00:00,109.97
2025-08-17 20:00:00,104.75
2025-08-17 21:00:00,101.79
2025-08-17 22:00:00,89.99
2025-08-17 23:00:00,84.62
2025-08-18 00:00:00,82.78
2025-08-18 01:00:00,80.65
2025-08-18 02:00:00,85.66
2025-08-18 03:00:00,95.96
2025-08-18 04:00:00,112.72
2025-08-18 05:00:00,117.32
2025-08-18 06:00:00,103.5
2025-08-18 07:00:00,87.49
2025-08-18 08:00:00,69.59
2025-08-18 09:00:00,45.93
2025-08-18 10:00:00,20.04
2025-08-18 11:00:00,14.23
2025-08-18 12:00:00,18.34
2025-08-18 13:00:00,54.56
2025-08-18 14:00:00,72.49
2025-08-18 15:00:00,98.91
2025-08-18 16:00:00,117.07
2025-08-18 17:00:00,177.52
2025-08-18 18:00:00,203.66
2025-08-18 19:00:00,124.77
2025-08-18 20:00:00,106.51
2025-08-18 21:00:00,98.81
2025-08-18 22:00:00,100.18
2025-08-18 23:00:00,92.92
2025-08-19 00:00:00,86.47
2025-08-19 01:00:00,84.28
2025-08-19 02:00:00,87.51
2025-08-19 03:00:00,99.68
2025-08-19 04:00:00,108.33
2025-08-19 05:00:00,108.0
2025-08-19 06:00:00,98.05
2025-08-19 07:00:00,88.57
2025-08-19 08:00:00,69.64
2025-08-19 09:00:00,43.23
2025-08-19 10:00:00,30.0
2025-08-19 11:00:00,39.14
2025-08-19 12:00:00,44.05
2025-08-19 13:00:00,57.55
2025-08-19 14:00:00,75.32
2025-08-19 15:00:00,112.08
2025-08-19 16:00:00,125.93
2025-08-19 17:00:00,188.33
2025-08-19 18:00:00,162.88
2025-08-19 19:00:00,114.7
2025-08-19 20:00:00,104.12
2025-08-19 21:00:00,97.98
2025-08-19 22:00:00,96.1
2025-08-19 23:00:00,91.12
2025-08-20 00:00:00,85.59
2025-08-20 01:00:00,83.65
2025-08-20 02:00:00,87.27
2025-08-20 03:00:00,96.04
2025-08-20 04:00:00,108.79
2025-08-20 05:00:00,106.45
2025-08-20 06:00:00,103.02
2025-08-20 07:00:00,82.37
2025-08-20 08:00:00,68.58
2025-08-20 09:00:00,71.57
2025-08-20 10:00:00,47.72
2025-08-20 11:00:00,35.0
2025-08-20 12:00:00,40.9
2025-08-20 13:00:00,68.09
2025-08-20 14:00:00,75.63
2025-08-20 15:00:00,100.73
2025-08-20 16:00:00,115.69
2025-08-20 17:00:00,131.04
2025-08-20 18:00:00,129.76
2025-08-20 19:00:00,118.25
2025-08-20 20:00:00,110.74
2025-08-20 21:00:00,101.05
2025-08-20 22:00:00,92.62
2025-08-20 23:00:00,81.8
2025-08-21 00:00:00,82.01
2025-08-21 01:00:00,84.07
2025-08-21 02:00:00,84.66
2025-08-21 03:00:00,98.37
2025-08-21 04:00:00,106.73
2025-08-21 05:00:00,107.97
2025-08-21 06:00:00,102.23
2025-08-21 07:00:00,102.32
2025-08-21 08:00:00,92.12
2025-08-21 09:00:00,84.4
2025-08-21 10:00:00,75.61
2025-08-21 11:00:00,71.03
2025-08-21 12:00:00,79.59
2025-08-21 13:00:00,86.12
2025-08-21 14:00:00,97.55
2025-08-21 15:00:00,111.0
2025-08-21 16:00:00,110.0
2025-08-21 17:00:00,125.84
2025-08-21 18:00:00,131.35
2025-08-21 19:00:00,120.0
2025-08-21 20:00:00,99.27
2025-08-21 21:00:00,89.73
2025-08-21 22:00:00,86.1
2025-08-21 23:00:00,77.8
2025-08-22 00:00:00,74.31
2025-08-22 01:00:00,72.42
2025-08-22 02:00:00,71.04
2025-08-22 03:00:00,81.36
2025-08-22 04:00:00,101.37
2025-08-22 05:00:00,102.87
2025-08-22 06:00:00,96.77
2025-08-22 07:00:00,86.44
2025-08-22 08:00:00,67.32
2025-08-22 09:00:00,41.21
2025-08-22 10:00:00,16.93
2025-08-22 11:00:00,6.01
2025-08-22 12:00:00,2.29
2025-08-22 13:00:00,6.33
2025-08-22 14:00:00,46.03
2025-08-22 15:00:00,71.17
2025-08-22 16:00:00,91.83
2025-08-22 17:00:00,102.75
2025-08-22 18:00:00,112.0
2025-08-22 19:00:00,107.21
2025-08-22 20:00:00,102.86
2025-08-22 21:00:00,94.37
2025-08-22 22:00:00,95.33
2025-08-22 23:00:00,89.32
2025-08-23 00:00:00,86.75
2025-08-23 01:00:00,84.17
2025-08-23 02:00:00,84.15
2025-08-23 03:00:00,84.63
2025-08-23 04:00:00,86.29
2025-08-23 05:00:00,86.72
2025-08-23 06:00:00,82.72
2025-08-23 07:00:00,58.23
2025-08-23 08:00:00,15.85
2025-08-23 09:00:00,3.36
2025-08-23 10:00:00,1.39
2025-08-23 11:00:00,0.12
2025-08-23 12:00:00,0.44
2025-08-23 13:00:00,3.52
2025-08-23 14:00:00,14.43
2025-08-23 15:00:00,85.95
2025-08-23 16:00:00,105.62
2025-08-23 17:00:00,114.95
2025-08-23 18:00:00,126.74
2025-08-23 19:00:00,119.92
2025-08-23 20:00:00,111.16
2025-08-23 21:00:00,105.98
2025-08-23 22:00:00,100.5
2025-08-23 23:00:00,95.1
2025-08-24 00:00:00,93.53
2025-08-24 01:00:00,91.08
2025-08-24 02:00:00,89.98
2025-08-24 03:00:00,90.26
2025-08-24 04:00:00,90.0
2025-08-24 05:00:00,84.59
2025-08-24 06:00:00,53.36
2025-08-24 07:00:00,2.42
2025-08-24 08:00:00,-0.01
2025-08-24 09:00:00,-0.07
2025-08-24 10:00:00,-1.98
2025-08-24 11:00:00,-7.45
2025-08-24 12:00:00,-7.4
2025-08-24 13:00:00,-0.1
2025-08-24 14:00:00,0.0
2025-08-24 15:00:00,69.42
2025-08-24 16:00:00,103.14
2025-08-24 17:00:00,110.19
2025-08-24 18:00:00,117.0
2025-08-24 19:00:00,114.32
2025-08-24 20:00:00,107.5
2025-08-24 21:00:00,100.52
2025-08-24 22:00:00,95.28
2025-08-24 23:00:00,87.03
2025-08-25 00:00:00,82.34
2025-08-25 01:00:00,79.13
2025-08-25 02:00:00,80.05
2025-08-25 03:00:00,99.07
2025-08-25 04:00:00,111.45
2025-08-25 05:00:00,120.23
2025-08-25 06:00:00,107.5
2025-08-25 07:00:00,91.97
2025-08-25 08:00:00,68.89
2025-08-25 09:00:00,35.02
2025-08-25 10:00:00,10.0
2025-08-25 11:00:00,5.93
2025-08-25 12:00:00,6.78
2025-08-25 13:00:00,25.2
2025-08-25 14:00:00,70.34
2025-08-25 15:00:00,90.11
2025-08-25 16:00:00,113.01
2025-08-25 17:00:00,151.66
2025-08-25 18:00:00,213.47
2025-08-25 19:00:00,136.02
2025-08-25 20:00:00,115.04
2025-08-25 21:00:00,105.15
2025-08-25 22:00:00,104.19
2025-08-25 23:00:00,102.02
2025-08-26 00:00:00,99.76
2025-08-26 01:00:00,98.54
2025-08-26 02:00:00,100.94
2025-08-26 03:00:00,100.46
2025-08-26 04:00:00,118.04
2025-08-26 05:00:00,118.89
2025-08-26 06:00:00,105.45
2025-08-26 07:00:00,90.0
2025-08-26 08:00:00,62.34
2025-08-26 09:00:00,52.28
2025-08-26 10:00:00,35.04
2025-08-26 11:00:00,26.28
2025-08-26 12:00:00,38.05
2025-08-26 13:00:00,74.38
2025-08-26 14:00:00,91.46
2025-08-26 15:00:00,114.36
2025-08-26 16:00:00,132.38
2025-08-26 17:00:00,181.39
2025-08-26 18:00:00,177.88
2025-08-26 19:00:00,124.99
2025-08-26 20:00:00,109.7
2025-08-26 21:00:00,99.39
2025-08-26 22:00:00,98.97
2025-08-26 23:00:00,90.23
2025-08-27 00:00:00,86.76
2025-08-27 01:00:00,88.66
2025-08-27 02:00:00,92.11
2025-08-27 03:00:00,100.04
2025-08-27 04:00:00,109.55
2025-08-27 05:00:00,115.33
2025-08-27 06:00:00,113.64
2025-08-27 07:00:00,101.63
2025-08-27 08:00:00,73.22
2025-08-27 09:00:00,66.72
2025-08-27 10:00:00,57.61
2025-08-27 11:00:00,43.09
2025-08-27 12:00:00,48.31
2025-08-27 13:00:00,78.2
2025-08-27 14:00:00,87.49
2025-08-27 15:00:00,107.91
2025-08-27 16:00:00,129.8
2025-08-27 17:00:00,202.86
2025-08-27 18:00:00,203.84
2025-08-27 19:00:00,126.12
2025-08-27 20:00:00,113.63
2025-08-27 21:00:00,103.57
2025-08-27 22:00:00,97.15
2025-08-27 23:00:00,92.15
2025-08-28 00:00:00,88.12
2025-08-28 01:00:00,88.8
2025-08-28 02:00:00,92.84
2025-08-28 03:00:00,96.39
2025-08-28 04:00:00,116.22
2025-08-28 05:00:00,122.59
2025-08-28 06:00:00,98.44
2025-08-28 07:00:00,32.77
2025-08-28 08:00:00,17.17
2025-08-28 09:00:00,0.19
2025-08-28 10:00:00,-0.61
2025-08-28 11:00:00,-0.57
2025-08-28 12:00:00,25.58
2025-08-28 13:00:00,35.64
2025-08-28 14:00:00,89.5
2025-08-28 15:00:00,112.4
2025-08-28 16:00:00,141.62
2025-08-28 17:00:00,162.85
2025-08-28 18:00:00,142.48
2025-08-28 19:00:00,119.36
2025-08-28 20:00:00,105.29
2025-08-28 21:00:00,90.85
2025-08-28 22:00:00,85.34
2025-08-28 23:00:00,87.45
2025-08-29 00:00:00,87.17
2025-08-29 01:00:00,88.68
2025-08-29 02:00:00,91.28
2025-08-29 03:00:00,99.81
2025-08-29 04:00:00,105.91
2025-08-29 05:00:00,109.23
2025-08-29 06:00:00,112.64
2025-08-29 07:00:00,98.06
2025-08-29 08:00:00,87.78
2025-08-29 09:00:00,68.95
2025-08-29 10:00:00,57.78
2025-08-29 11:00:00,54.86
2025-08-29 12:00:00,65.39
2025-08-29 13:00:00,83.94
2025-08-29 14:00:00,95.13
2025-08-29 15:00:00,116.59
2025-08-29 16:00:00,119.7
2025-08-29 17:00:00,144.76
2025-08-29 18:00:00,138.13
2025-08-29 19:00:00,114.89
2025-08-29 20:00:00,100.21
2025-08-29 21:00:00,90.17
2025-08-29 22:00:00,95.02
2025-08-29 23:00:00,89.8
2025-08-30 00:00:00,85.7
2025-08-30 01:00:00,81.51
2025-08-30 02:00:00,87.8
2025-08-30 03:00:00,93.73
2025-08-30 04:00:00,90.77
2025-08-30 05:00:00,92.16
2025-08-30 06:00:00,87.3
2025-08-30 07:00:00,83.58
2025-08-30 08:00:00,38.84
2025-08-30 09:00:00,5.23
2025-08-30 10:00:00,0.0
2025-08-30 11:00:00,0.0
2025-08-30 12:00:00,0.0
2025-08-30 13:00:00,10.0
2025-08-30 14:00:00,68.99
2025-08-30 15:00:00,104.01
2025-08-30 16:00:00,134.7
2025-08-30 17:00:00,133.8
2025-08-30 18:00:00,124.47
2025-08-30 19:00:00,110.86
2025-08-30 20:00:00,97.63
2025-08-30 21:00:00,83.67
2025-08-30 22:00:00,78.71
2025-08-30 23:00:00,69.74
2025-08-31 00:00:00,62.43
2025-08-31 01:00:00,58.77
2025-08-31 02:00:00,55.75
2025-08-31 03:00:00,70.81
2025-08-31 04:00:00,71.33
2025-08-31 05:00:00,67.38
2025-08-31 06:00:00,22.31
2025-08-31 07:00:00,5.41
2025-08-31 08:00:00,0.01
2025-08-31 09:00:00,-0.01
2025-08-31 10:00:00,-0.1
2025-08-31 11:00:00,-0.98
2025-08-31 12:00:00,-0.6
2025-08-31 13:00:00,0.0
2025-08-31 14:00:00,27.92
2025-08-31 15:00:00,87.99
2025-08-31 16:00:00,112.04
2025-08-31 17:00:00,127.08
2025-08-31 18:00:00,125.46
2025-08-31 19:00:00,110.44
2025-08-31 20:00:00,99.64
2025-08-31 21:00:00,88.26
2025-08-31 22:00:00,90.1
2025-08-31 23:00:00,90.15
2025-09-01 00:00:00,88.87
2025-09-01 01:00:00,87.89
2025-09-01 02:00:00,89.76
2025-09-01 03:00:00,99.58
2025-09-01 04:00:00,113.97
2025-09-01 05:00:00,117.29
2025-09-01 06:00:00,107.18
2025-09-01 07:00:00,100.09
2025-09-01 08:00:00,68.32
2025-09-01 09:00:00,62.57
2025-09-01 10:00:00,40.53
2025-09-01 11:00:00,22.53
2025-09-01 12:00:00,37.86
2025-09-01 13:00:00,71.68
2025-09-01 14:00:00,82.52
2025-09-01 15:00:00,110.75
2025-09-01 16:00:00,179.93
2025-09-01 17:00:00,215.23
2025-09-01 18:00:00,193.6
2025-09-01 19:00:00,121.95
2025-09-01 20:00:00,107.54
2025-09-01 21:00:00,97.37
2025-09-01 22:00:00,85.17
2025-09-01 23:00:00,82.68
2025-09-02 00:00:00,85.78
2025-09-02 01:00:00,85.65
2025-09-02 02:00:00,88.01
2025-09-02 03:00:00,94.8
2025-09-02 04:00:00,116.36
2025-09-02 05:00:00,135.59
2025-09-02 06:00:00,128.14
2025-09-02 07:00:00,95.39
2025-09-02 08:00:00,81.24
2025-09-02 09:00:00,83.14
2025-09-02 10:00:00,79.0
2025-09-02 11:00:00,65.2
2025-09-02 12:00:00,67.99
2025-09-02 13:00:00,73.28
2025-09-02 14:00:00,93.15
2025-09-02 15:00:00,110.11
2025-09-02 16:00:00,166.88
2025-09-02 17:00:00,273.7
2025-09-02 18:00:00,231.35
2025-09-02 19:00:00,124.65
2025-09-02 20:00:00,107.96
2025-09-02 21:00:00,103.14
2025-09-02 22:00:00,105.0
2025-09-02 23:00:00,80.51
2025-09-03 00:00:00,77.49
2025-09-03 01:00:00,71.97
2025-09-03 02:00:00,76.19
2025-09-03 03:00:00,91.77
2025-09-03 04:00:00,105.64
2025-09-03 05:00:00,108.75
2025-09-03 06:00:00,100.42
2025-09-03 07:00:00,77.59
2025-09-03 08:00:00,35.96
2025-09-03 09:00:00,8.67
2025-09-03 10:00:00,6.2
2025-09-03 11:00:00,6.6
2025-09-03 12:00:00,12.9
2025-09-03 13:00:00,84.8
2025-09-03 14:00:00,94.97
2025-09-03 15:00:00,113.1
2025-09-03 16:00:00,127.7
2025-09-03 17:00:00,169.96
2025-09-03 18:00:00,148.85
2025-09-03 19:00:00,115.0
2025-09-03 20:00:00,108.0
2025-09-03 21:00:00,107.27
2025-09-03 22:00:00,103.47
2025-09-03 23:00:00,100.0
2025-09-04 00:00:00,100.0
2025-09-04 01:00:00,90.58
2025-09-04 02:00:00,83.02
2025-09-04 03:00:00,100.0
2025-09-04 04:00:00,116.0
2025-09-04 05:00:00,118.31
2025-09-04 06:00:00,105.46
2025-09-04 07:00:00,73.4
2025-09-04 08:00:00,38.4
2025-09-04 09:00:00,5.79
2025-09-04 10:00:00,3.2
2025-09-04 11:00:00,3.15
2025-09-04 12:00:00,30.54
2025-09-04 13:00:00,61.92
2025-09-04 14:00:00,91.17
2025-09-04 15:00:00,116.0
2025-09-04 16:00:00,170.55
2025-09-04 17:00:00,299.75
2025-09-04 18:00:00,225.62
2025-09-04 19:00:00,127.93
2025-09-04 20:00:00,109.75
2025-09-04 21:00:00,105.1
2025-09-04 22:00:00,97.54
2025-09-04 23:00:00,84.84
2025-09-05 00:00:00,82.17
2025-09-05 01:00:00,80.73
2025-09-05 02:00:00,80.73
2025-09-05 03:00:00,92.53
2025-09-05 04:00:00,112.92
2025-09-05 05:00:00,126.02
2025-09-05 06:00:00,120.37
2025-09-05 07:00:00,102.17
2025-09-05 08:00:00,92.26
2025-09-05 09:00:00,90.55
2025-09-05 10:00:00,83.67
2025-09-05 11:00:00,76.84
2025-09-05 12:00:00,75.69
2025-09-05 13:00:00,82.73
2025-09-05 14:00:00,96.29
2025-09-05 15:00:00,128.0
2025-09-05 16:00:00,126.01
2025-09-05 17:00:00,154.94
2025-09-05 18:00:00,146.4
2025-09-05 19:00:00,119.33
2025-09-05 20:00:00,111.91
2025-09-05 21:00:00,100.7
2025-09-05 22:00:00,103.38
2025-09-05 23:00:00,104.1
2025-09-06 00:00:00,104.37
2025-09-06 01:00:00,104.15
2025-09-06 02:00:00,103.25
2025-09-06 03:00:00,103.97
2025-09-06 04:00:00,92.14
2025-09-06 05:00:00,90.17
2025-09-06 06:00:00,100.52
2025-09-06 07:00:00,84.77
2025-09-06 08:00:00,12.19
2025-09-06 09:00:00,0.0
2025-09-06 10:00:00,-0.02
2025-09-06 11:00:00,-0.86
2025-09-06 12:00:00,-0.99
2025-09-06 13:00:00,-0.01
2025-09-06 14:00:00,46.69
2025-09-06 15:00:00,100.0
2025-09-06 16:00:00,120.5
2025-09-06 17:00:00,153.72
2025-09-06 18:00:00,146.94
2025-09-06 19:00:00,115.04
2025-09-06 20:00:00,115.0
2025-09-06 21:00:00,82.57
2025-09-06 22:00:00,79.91
2025-09-06 23:00:00,74.94
2025-09-07 00:00:00,71.23
2025-09-07 01:00:00,73.54
2025-09-07 02:00:00,73.1
2025-09-07 03:00:00,72.9
2025-09-07 04:00:00,71.53
2025-09-07 05:00:00,49.46
2025-09-07 06:00:00,0.0
2025-09-07 07:00:00,-0.09
2025-09-07 08:00:00,-4.0
2025-09-07 09:00:00,-20.09
2025-09-07 10:00:00,-40.02
2025-09-07 11:00:00,-53.4
2025-09-07 12:00:00,-39.45
2025-09-07 13:00:00,-19.84
2025-09-07 14:00:00,-1.7
2025-09-07 15:00:00,46.67
2025-09-07 16:00:00,103.53
2025-09-07 17:00:00,144.37
2025-09-07 18:00:00,130.0
2025-09-07 19:00:00,114.28
2025-09-07 20:00:00,103.81
2025-09-07 21:00:00,92.87
2025-09-07 22:00:00,85.91
2025-09-07 23:00:00,88.19
2025-09-08 00:00:00,87.68
2025-09-08 01:00:00,88.82
2025-09-08 02:00:00,90.41
2025-09-08 03:00:00,101.22
2025-09-08 04:00:00,120.66
2025-09-08 05:00:00,140.08
2025-09-08 06:00:00,122.92
2025-09-08 07:00:00,101.47
2025-09-08 08:00:00,85.81
2025-09-08 09:00:00,76.49
2025-09-08 10:00:00,65.84
2025-09-08 11:00:00,62.57
2025-09-08 12:00:00,72.17
2025-09-08 13:00:00,82.37
2025-09-08 14:00:00,104.38
2025-09-08 15:00:00,134.0
2025-09-08 16:00:00,198.72
2025-09-08 17:00:00,400.01
2025-09-08 18:00:00,297.98
2025-09-08 19:00:00,143.6
2025-09-08 20:00:00,127.05
2025-09-08 21:00:00,114.42
2025-09-08 22:00:00,108.47
2025-09-08 23:00:00,101.17
2025-09-09 00:00:00,101.11
2025-09-09 01:00:00,101.17
2025-09-09 02:00:00,101.17
2025-09-09 03:00:00,109.31
2025-09-09 04:00:00,178.63
2025-09-09 05:00:00,268.97
2025-09-09 06:00:00,180.58
2025-09-09 07:00:00,119.97
2025-09-09 08:00:00,104.22
2025-09-09 09:00:00,96.68
2025-09-09 10:00:00,85.57
2025-09-09 11:00:00,85.82
2025-09-09 12:00:00,90.82
2025-09-09 13:00:00,98.89
2025-09-09 14:00:00,110.0
2025-09-09 15:00:00,139.01
2025-09-09 16:00:00,198.26
2025-09-09 17:00:00,383.46
2025-09-09 18:00:00,207.07
2025-09-09 19:00:00,131.48
2025-09-09 20:00:00,119.62
2025-09-09 21:00:00,111.25
2025-09-09 22:00:00,96.78
2025-09-09 23:00:00,90.9
2025-09-10 00:00:00,89.68
2025-09-10 01:00:00,89.73
2025-09-10 02:00:00,88.78
2025-09-10 03:00:00,96.52
2025-09-10 04:00:00,125.0
2025-09-10 05:00:00,201.78
2025-09-10 06:00:00,145.48
2025-09-10 07:00:00,119.48
2025-09-10 08:00:00,117.04
2025-09-10 09:00:00,114.84
2025-09-10 10:00:00,101.39
2025-09-10 11:00:00,96.38
2025-09-10 12:00:00,103.61
2025-09-10 13:00:00,102.93
2025-09-10 14:00:00,117.74
2025-09-10 15:00:00,125.0
2025-09-10 16:00:00,157.25
2025-09-10 17:00:00,251.0
2025-09-10 18:00:00,158.62
2025-09-10 19:00:00,109.89
2025-09-10 20:00:00,93.59
2025-09-10 21:00:00,81.73
2025-09-10 22:00:00,80.34
2025-09-10 23:00:00,76.01
2025-09-11 00:00:00,68.56
2025-09-11 01:00:00,66.81
2025-09-11 02:00:00,69.42
2025-09-11 03:00:00,86.94
2025-09-11 04:00:00,114.72
2025-09-11 05:00:00,125.2
2025-09-11 06:00:00,114.44
2025-09-11 07:00:00,110.55
2025-09-11 08:00:00,79.85
2025-09-11 09:00:00,85.01
2025-09-11 10:00:00,88.13
2025-09-11 11:00:00,89.22
2025-09-11 12:00:00,90.0
2025-09-11 13:00:00,101.16
2025-09-11 14:00:00,153.29
2025-09-11 15:00:00,149.4
2025-09-11 16:00:00,131.83
2025-09-11 17:00:00,183.31
2025-09-11 18:00:00,140.55
2025-09-11 19:00:00,118.01
2025-09-11 20:00:00,108.53
2025-09-11 21:00:00,100.36
2025-09-11 22:00:00,76.14
2025-09-11 23:00:00,66.24
2025-09-12 00:00:00,63.41
2025-09-12 01:00:00,63.77
2025-09-12 02:00:00,66.06
2025-09-12 03:00:00,97.24
2025-09-12 04:00:00,127.48
2025-09-12 05:00:00,140.0
2025-09-12 06:00:00,135.0
2025-09-12 07:00:00,95.59
2025-09-12 08:00:00,65.19
2025-09-12 09:00:00,55.22
2025-09-12 10:00:00,45.66
2025-09-12 11:00:00,60.05
2025-09-12 12:00:00,66.93
2025-09-12 13:00:00,85.0
2025-09-12 14:00:00,105.0
2025-09-12 15:00:00,146.24
2025-09-12 16:00:00,132.17
2025-09-12 17:00:00,253.47
2025-09-12 18:00:00,154.6
2025-09-12 19:00:00,111.99
2025-09-12 20:00:00,102.94
2025-09-12 21:00:00,92.56
2025-09-12 22:00:00,87.04
2025-09-12 23:00:00,72.71
2025-09-13 00:00:00,66.16
2025-09-13 01:00:00,67.89
2025-09-13 02:00:00,72.03
2025-09-13 03:00:00,75.35
2025-09-13 04:00:00,86.74
2025-09-13 05:00:00,77.37
2025-09-13 06:00:00,65.0
2025-09-13 07:00:00,56.64
2025-09-13 08:00:00,13.7
2025-09-13 09:00:00,2.37
2025-09-13 10:00:00,0.0
2025-09-13 11:00:00,0.0
2025-09-13 12:00:00,0.0
2025-09-13 13:00:00,0.01
2025-09-13 14:00:00,93.77
2025-09-13 15:00:00,110.18
2025-09-13 16:00:00,119.24
2025-09-13 17:00:00,128.74
2025-09-13 18:00:00,116.66
2025-09-13 19:00:00,100.58
2025-09-13 20:00:00,100.87
2025-09-13 21:00:00,91.44
2025-09-13 22:00:00,81.34
2025-09-13 23:00:00,71.42
2025-09-14 00:00:00,72.15
2025-09-14 01:00:00,76.89
2025-09-14 02:00:00,82.88
2025-09-14 03:00:00,90.32
2025-09-14 04:00:00,89.68
2025-09-14 05:00:00,93.28
2025-09-14 06:00:00,94.03
2025-09-14 07:00:00,78.61
2025-09-14 08:00:00,55.15
2025-09-14 09:00:00,17.33
2025-09-14 10:00:00,6.34
2025-09-14 11:00:00,0.0
2025-09-14 12:00:00,-0.01
2025-09-14 13:00:00,0.0
2025-09-14 14:00:00,20.3
2025-09-14 15:00:00,85.84
2025-09-14 16:00:00,113.74
2025-09-14 17:00:00,133.58
2025-09-14 18:00:00,118.39
2025-09-14 19:00:00,87.49
2025-09-14 20:00:00,74.41
2025-09-14 21:00:00,30.61
2025-09-14 22:00:00,55.45
2025-09-14 23:00:00,43.62
2025-09-15 00:00:00,47.85
2025-09-15 01:00:00,45.48
2025-09-15 02:00:00,44.67
2025-09-15 03:00:00,73.58
2025-09-15 04:00:00,121.49
2025-09-15 05:00:00,139.6
2025-09-15 06:00:00,108.92
2025-09-15 07:00:00,63.05
2025-09-15 08:00:00,12.94
2025-09-15 09:00:00,9.13
2025-09-15 10:00:00,6.35
2025-09-15 11:00:00,6.67
2025-09-15 12:00:00,8.72
2025-09-15 13:00:00,34.04
2025-09-15 14:00:00,99.7
2025-09-15 15:00:00,109.9
2025-09-15 16:00:00,129.79
2025-09-15 17:00:00,168.14
2025-09-15 18:00:00,126.8
2025-09-15 19:00:00,117.73
2025-09-15 20:00:00,109.37
2025-09-15 21:00:00,107.0
2025-09-15 22:00:00,110.0
2025-09-15 23:00:00,105.1
2025-09-16 00:00:00,94.2
2025-09-16 01:00:00,95.38
2025-09-16 02:00:00,96.9
2025-09-16 03:00:00,102.5
2025-09-16 04:00:00,109.91
2025-09-16 05:00:00,126.81
2025-09-16 06:00:00,125.01
2025-09-16 07:00:00,95.23
2025-09-16 08:00:00,104.68
2025-09-16 09:00:00,56.84
2025-09-16 10:00:00,92.6
2025-09-16 11:00:00,82.0
2025-09-16 12:00:00,57.91
2025-09-16 13:00:00,99.5
2025-09-16 14:00:00,109.59
2025-09-16 15:00:00,168.41
2025-09-16 16:00:00,143.13
2025-09-16 17:00:00,185.47
2025-09-16 18:00:00,134.51
2025-09-16 19:00:00,115.0
2025-09-16 20:00:00,106.99
2025-09-16 21:00:00,81.27
2025-09-16 22:00:00,78.26
2025-09-16 23:00:00,63.57
2025-09-17 00:00:00,51.0
2025-09-17 01:00:00,46.94
2025-09-17 02:00:00,55.84
2025-09-17 03:00:00,78.45
2025-09-17 04:00:00,111.4
2025-09-17 05:00:00,124.03
2025-09-17 06:00:00,112.62
2025-09-17 07:00:00,93.35
2025-09-17 08:00:00,68.29
2025-09-17 09:00:00,43.69
2025-09-17 10:00:00,12.87
2025-09-17 11:00:00,9.17
2025-09-17 12:00:00,12.66
2025-09-17 13:00:00,48.72
2025-09-17 14:00:00,86.95
2025-09-17 15:00:00,103.96
2025-09-17 16:00:00,132.16
2025-09-17 17:00:00,184.83
2025-09-17 18:00:00,143.18
2025-09-17 19:00:00,105.47
2025-09-17 20:00:00,97.19
2025-09-17 21:00:00,74.39
2025-09-17 22:00:00,58.11
2025-09-17 23:00:00,50.45
2025-09-18 00:00:00,39.43
2025-09-18 01:00:00,39.94
2025-09-18 02:00:00,50.88
2025-09-18 03:00:00,78.5
2025-09-18 04:00:00,108.21
2025-09-18 05:00:00,116.35
2025-09-18 06:00:00,103.57
2025-09-18 07:00:00,85.97
2025-09-18 08:00:00,63.87
2025-09-18 09:00:00,5.71
2025-09-18 10:00:00,0.19
2025-09-18 11:00:00,0.0
2025-09-18 12:00:00,0.0
2025-09-18 13:00:00,0.5
2025-09-18 14:00:00,67.39
2025-09-18 15:00:00,116.73
2025-09-18 16:00:00,143.46
2025-09-18 17:00:00,214.47
2025-09-18 18:00:00,147.75
2025-09-18 19:00:00,110.0
2025-09-18 20:00:00,103.94
2025-09-18 21:00:00,88.2
2025-09-18 22:00:00,74.09
2025-09-18 23:00:00,71.68
2025-09-19 00:00:00,71.1
2025-09-19 01:00:00,70.68
2025-09-19 02:00:00,70.63
2025-09-19 03:00:00,91.62
2025-09-19 04:00:00,115.07
2025-09-19 05:00:00,137.37
2025-09-19 06:00:00,112.06
2025-09-19 07:00:00,85.02
2025-09-19 08:00:00,50.1
2025-09-19 09:00:00,12.77
2025-09-19 10:00:00,0.99
2025-09-19 11:00:00,0.0
2025-09-19 12:00:00,0.0
2025-09-19 13:00:00,11.97
2025-09-19 14:00:00,80.13
2025-09-19 15:00:00,113.37
2025-09-19 16:00:00,244.17
2025-09-19 17:00:00,395.01
2025-09-19 18:00:00,158.78
2025-09-19 19:00:00,107.35
2025-09-19 20:00:00,100.84
2025-09-19 21:00:00,80.19
2025-09-19 22:00:00,96.0
2025-09-19 23:00:00,85.35
2025-09-20 00:00:00,81.21
2025-09-20 01:00:00,81.11
2025-09-20 02:00:00,81.04
2025-09-20 03:00:00,87.15
2025-09-20 04:00:00,95.54
2025-09-20 05:00:00,94.16
2025-09-20 06:00:00,81.74
2025-09-20 07:00:00,24.91
2025-09-20 08:00:00,-0.19
2025-09-20 09:00:00,-1.0
2025-09-20 10:00:00,-7.8
2025-09-20 11:00:00,-9.11
2025-09-20 12:00:00,-4.06
2025-09-20 13:00:00,0.21
2025-09-20 14:00:00,33.4
2025-09-20 15:00:00,115.36
2025-09-20 16:00:00,128.0
2025-09-20 17:00:00,143.56
2025-09-20 18:00:00,99.82
2025-09-20 19:00:00,81.28
2025-09-20 20:00:00,77.45
2025-09-20 21:00:00,51.05
2025-09-20 22:00:00,21.82
2025-09-20 23:00:00,11.3
2025-09-21 00:00:00,5.89
2025-09-21 01:00:00,4.73
2025-09-21 02:00:00,4.41
2025-09-21 03:00:00,11.12
2025-09-21 04:00:00,4.41
2025-09-21 05:00:00,5.23
2025-09-21 06:00:00,3.39
2025-09-21 07:00:00,0.09
2025-09-21 08:00:00,0.23
2025-09-21 09:00:00,-10.41
2025-09-21 10:00:00,-14.93
2025-09-21 11:00:00,-14.86
2025-09-21 12:00:00,-3.13
2025-09-21 13:00:00,-0.06
2025-09-21 14:00:00,9.47
2025-09-21 15:00:00,94.95
2025-09-21 16:00:00,98.91
2025-09-21 17:00:00,110.99
2025-09-21 18:00:00,113.1
2025-09-21 19:00:00,98.0
2025-09-21 20:00:00,100.25
2025-09-21 21:00:00,83.64
2025-09-21 22:00:00,75.8
2025-09-21 23:00:00,72.3
2025-09-22 00:00:00,69.92
2025-09-22 01:00:00,68.28
2025-09-22 02:00:00,68.04
2025-09-22 03:00:00,82.02
2025-09-22 04:00:00,111.57
2025-09-22 05:00:00,123.23
2025-09-22 06:00:00,113.68
2025-09-22 07:00:00,94.73
2025-09-22 08:00:00,72.28
2025-09-22 09:00:00,50.24
2025-09-22 10:00:00,56.22
2025-09-22 11:00:00,48.59
2025-09-22 12:00:00,68.29
2025-09-22 13:00:00,67.15
2025-09-22 14:00:00,86.86
2025-09-22 15:00:00,111.34
2025-09-22 16:00:00,129.18
2025-09-22 17:00:00,211.34
2025-09-22 18:00:00,132.92
2025-09-22 19:00:00,108.04
2025-09-22 20:00:00,102.32
2025-09-22 21:00:00,91.52
2025-09-22 22:00:00,77.82
2025-09-22 23:00:00,77.37
2025-09-23 00:00:00,76.16
2025-09-23 01:00:00,75.93
2025-09-23 02:00:00,79.23
2025-09-23 03:00:00,96.18
2025-09-23 04:00:00,116.46
2025-09-23 05:00:00,160.46
2025-09-23 06:00:00,147.0
2025-09-23 07:00:00,108.4
2025-09-23 08:00:00,76.38
2025-09-23 09:00:00,88.08
2025-09-23 10:00:00,80.34
2025-09-23 11:00:00,77.97
2025-09-23 12:00:00,79.32
2025-09-23 13:00:00,94.57
2025-09-23 14:00:00,110.87
2025-09-23 15:00:00,127.55
2025-09-23 16:00:00,207.63
2025-09-23 17:00:00,254.45
2025-09-23 18:00:00,144.79
2025-09-23 19:00:00,109.09
2025-09-23 20:00:00,105.0
2025-09-23 21:00:00,92.54
2025-09-23 22:00:00,87.81
2025-09-23 23:00:00,78.45
2025-09-24 00:00:00,77.85
2025-09-24 01:00:00,70.04
2025-09-24 02:00:00,86.39
2025-09-24 03:00:00,87.16
2025-09-24 04:00:00,118.16
2025-09-24 05:00:00,124.24
2025-09-24 06:00:00,115.35
2025-09-24 07:00:00,110.9
2025-09-24 08:00:00,115.72
2025-09-24 09:00:00,105.18
2025-09-24 10:00:00,87.95
2025-09-24 11:00:00,79.11
2025-09-24 12:00:00,95.79
2025-09-24 13:00:00,105.67
2025-09-24 14:00:00,110.04
2025-09-24 15:00:00,117.86
2025-09-24 16:00:00,141.11
2025-09-24 17:00:00,169.48
2025-09-24 18:00:00,125.0
2025-09-24 19:00:00,98.19
2025-09-24 20:00:00,90.16
2025-09-24 21:00:00,77.0
2025-09-24 22:00:00,71.92
2025-09-24 23:00:00,71.02
2025-09-25 00:00:00,65.5
2025-09-25 01:00:00,63.75
2025-09-25 02:00:00,64.78
2025-09-25 03:00:00,79.2
2025-09-25 04:00:00,107.51
2025-09-25 05:00:00,127.99
2025-09-25 06:00:00,124.76
2025-09-25 07:00:00,110.29
2025-09-25 08:00:00,108.24
2025-09-25 09:00:00,105.1
2025-09-25 10:00:00,113.0
2025-09-25 11:00:00,93.64
2025-09-25 12:00:00,93.73
2025-09-25 13:00:00,94.3
2025-09-25 14:00:00,104.52
2025-09-25 15:00:00,117.53
2025-09-25 16:00:00,117.07
2025-09-25 17:00:00,135.7
2025-09-25 18:00:00,123.51
2025-09-25 19:00:00,110.81
2025-09-25 20:00:00,101.25
2025-09-25 21:00:00,81.09
2025-09-25 22:00:00,78.48
2025-09-25 23:00:00,75.27
2025-09-26 00:00:00,73.18
2025-09-26 01:00:00,73.3
2025-09-26 02:00:00,75.59
2025-09-26 03:00:00,82.98
2025-09-26 04:00:00,110.7
2025-09-26 05:00:00,120.8
2025-09-26 06:00:00,126.03
2025-09-26 07:00:00,120.0
2025-09-26 08:00:00,108.49
2025-09-26 09:00:00,106.0
2025-09-26 10:00:00,104.14
2025-09-26 11:00:00,100.22
2025-09-26 12:00:00,98.7
2025-09-26 13:00:00,101.02
2025-09-26 14:00:00,103.5
2025-09-26 15:00:00,113.42
2025-09-26 16:00:00,122.0
2025-09-26 17:00:00,131.83
2025-09-26 18:00:00,119.61
2025-09-26 19:00:00,106.21
2025-09-26 20:00:00,96.9
2025-09-26 21:00:00,89.9
2025-09-26 22:00:00,85.09
2025-09-26 23:00:00,85.2
2025-09-27 00:00:00,85.24
2025-09-27 01:00:00,85.38
2025-09-27 02:00:00,88.98
2025-09-27 03:00:00,92.99
2025-09-27 04:00:00,87.48
2025-09-27 05:00:00,100.54
2025-09-27 06:00:00,105.77
2025-09-27 07:00:00,98.25
2025-09-27 08:00:00,93.4
2025-09-27 09:00:00,81.8
2025-09-27 10:00:00,65.42
2025-09-27 11:00:00,38.26
2025-09-27 12:00:00,52.09
2025-09-27 13:00:00,84.36
2025-09-27 14:00:00,100.62
2025-09-27 15:00:00,107.78
2025-09-27 16:00:00,125.03
2025-09-27 17:00:00,140.88
2025-09-27 18:00:00,122.44
2025-09-27 19:00:00,113.1
2025-09-27 20:00:00,106.2
2025-09-27 21:00:00,102.23
2025-09-27 22:00:00,101.17
2025-09-27 23:00:00,99.0
2025-09-28 00:00:00,91.67
2025-09-28 01:00:00,92.17
2025-09-28 02:00:00,90.49
2025-09-28 03:00:00,91.06
2025-09-28 04:00:00,93.28
2025-09-28 05:00:00,98.35
2025-09-28 06:00:00,92.41
2025-09-28 07:00:00,91.8
2025-09-28 08:00:00,86.82
2025-09-28 09:00:00,38.31
2025-09-28 10:00:00,17.11
2025-09-28 11:00:00,8.53
2025-09-28 12:00:00,13.0
2025-09-28 13:00:00,64.86
2025-09-28 14:00:00,98.46
2025-09-28 15:00:00,115.08
2025-09-28 16:00:00,124.59
2025-09-28 17:00:00,137.06
2025-09-28 18:00:00,125.0
2025-09-28 19:00:00,114.47
2025-09-28 20:00:00,104.92
2025-09-28 21:00:00,99.18
2025-09-28 22:00:00,95.25
2025-09-28 23:00:00,93.32
2025-09-29 00:00:00,92.58
2025-09-29 01:00:00,93.03
2025-09-29 02:00:00,92.91
2025-09-29 03:00:00,103.2
2025-09-29 04:00:00,131.11
2025-09-29 05:00:00,211.13
2025-09-29 06:00:00,155.5
2025-09-29 07:00:00,114.23
2025-09-29 08:00:00,92.7
2025-09-29 09:00:00,88.59
2025-09-29 10:00:00,82.31
2025-09-29 11:00:00,81.04
2025-09-29 12:00:00,88.65
2025-09-29 13:00:00,92.28
2025-09-29 14:00:00,107.02
2025-09-29 15:00:00,138.33
2025-09-29 16:00:00,302.65
2025-09-29 17:00:00,380.62
2025-09-29 18:00:00,165.73
2025-09-29 19:00:00,125.0
2025-09-29 20:00:00,112.9
2025-09-29 21:00:00,103.22
2025-09-29 22:00:00,99.93
2025-09-29 23:00:00,93.79
2025-09-30 00:00:00,95.88
2025-09-30 01:00:00,99.39
2025-09-30 02:00:00,97.28
2025-09-30 03:00:00,109.35
2025-09-30 04:00:00,141.03
2025-09-30 05:00:00,263.11
2025-09-30 06:00:00,209.23
2025-09-30 07:00:00,140.13
2025-09-30 08:00:00,119.91
2025-09-30 09:00:00,102.3
2025-09-30 10:00:00,94.32
2025-09-30 11:00:00,93.67
2025-09-30 12:00:00,96.81
2025-09-30 13:00:00,103.37
2025-09-30 14:00:00,163.15
2025-09-30 15:00:00,269.93
2025-09-30 16:00:00,356.06
2025-09-30 17:00:00,357.77
2025-09-30 18:00:00,159.94
2025-09-30 19:00:00,127.56
2025-09-30 20:00:00,106.97
2025-09-30 21:00:00,103.88
2025-09-30 22:00:00,109.1
2025-09-30 22:15:00,97.24
2025-09-30 22:30:00,96.22
2025-09-30 22:45:00,96.14
2025-09-30 23:00:00,92.51
2025-09-30 23:15:00,92.23
2025-09-30 23:30:00,91.04
2025-09-30 23:45:00,90.44
2025-10-01 00:00:00,96.16
2025-10-01 00:15:00,96.09
2025-10-01 00:30:00,96.56
2025-10-01 00:45:00,96.69
2025-10-01 01:00:00,93.01
2025-10-01 01:15:00,93.01
2025-10-01 01:30:00,94.49
2025-10-01 01:45:00,97.29
2025-10-01 02:00:00,90.75
2025-10-01 02:15:00,91.87
2025-10-01 02:30:00,88.18
2025-10-01 02:45:00,97.89
2025-10-01 03:00:00,90.7
2025-10-01 03:15:00,97.65
2025-10-01 03:30:00,102.94
2025-10-01 03:45:00,116.68
2025-10-01 04:00:00,100.5
2025-10-01 04:15:00,117.78
2025-10-01 04:30:00,133.23
2025-10-01 04:45:00,148.01
2025-10-01 05:00:00,160.95
2025-10-01 05:15:00,179.89
2025-10-01 05:30:00,175.77
2025-10-01 05:45:00,170.54
2025-10-01 06:00:00,189.66
2025-10-01 06:15:00,141.1
2025-10-01 06:30:00,117.34
2025-10-01 06:45:00,95.25
2025-10-01 07:00:00,137.02
2025-10-01 07:15:00,105.01
2025-10-01 07:30:00,93.54
2025-10-01 07:45:00,80.96
2025-10-01 08:00:00,103.49
2025-10-01 08:15:00,95.56
2025-10-01 08:30:00,83.21
2025-10-01 08:45:00,68.58
2025-10-01 09:00:00,103.77
2025-10-01 09:15:00,97.38
2025-10-01 09:30:00,90.82
2025-10-01 09:45:00,93.07
2025-10-01 10:00:00,94.62
2025-10-01 10:15:00,90.14
2025-10-01 10:30:00,89.67
2025-10-01 10:45:00,90.14
2025-10-01 11:00:00,90.67
2025-10-01 11:15:00,94.04
2025-10-01 11:30:00,97.0
2025-10-01 11:45:00,99.4
2025-10-01 12:00:00,92.65
2025-10-01 12:15:00,97.0
2025-10-01 12:30:00,103.0
2025-10-01 12:45:00,104.78
2025-10-01 13:00:00,103.5
2025-10-01 13:15:00,103.86
2025-10-01 13:30:00,110.0
2025-10-01 13:45:00,115.24
2025-10-01 14:00:00,96.2
2025-10-01 14:15:00,103.06
2025-10-01 14:30:00,109.7
2025-10-01 14:45:00,126.22
2025-10-01 15:00:00,87.74
2025-10-01 15:15:00,114.42
2025-10-01 15:30:00,137.28
2025-10-01 15:45:00,182.5
2025-10-01 16:00:00,137.75
2025-10-01 16:15:00,186.74
2025-10-01 16:30:00,257.3
2025-10-01 16:45:00,339.4
2025-10-01 17:00:00,359.62
2025-10-01 17:15:00,334.57
2025-10-01 17:30:00,294.41
2025-10-01 17:45:00,234.58
2025-10-01 18:00:00,206.29
2025-10-01 18:15:00,151.45
2025-10-01 18:30:00,126.59
2025-10-01 18:45:00,107.39
2025-10-01 19:00:00,129.72
2025-10-01 19:15:00,120.22
2025-10-01 19:30:00,101.87
2025-10-01 19:45:00,96.12
2025-10-01 20:00:00,110.31
2025-10-01 20:15:00,103.39
2025-10-01 20:30:00,95.56
2025-10-01 20:45:00,90.15
2025-10-01 21:00:00,95.27
2025-10-01 21:15:00,93.42
2025-10-01 21:30:00,91.44
2025-10-01 21:45:00,87.19
2025-10-01 22:00:00,99.87
2025-10-01 22:15:00,92.88
2025-10-01 22:30:00,88.62
2025-10-01 22:45:00,91.11
2025-10-01 23:00:00,96.66
2025-10-01 23:15:00,93.59
2025-10-01 23:30:00,86.75
2025-10-01 23:45:00,83.64
2025-10-02 00:00:00,87.16
2025-10-02 00:15:00,87.86
2025-10-02 00:30:00,90.37
2025-10-02 00:45:00,95.0
2025-10-02 01:00:00,95.0
2025-10-02 01:15:00,95.0
2025-10-02 01:30:00,95.0
2025-10-02 01:45:00,95.0
2025-10-02 02:00:00,94.08
2025-10-02 02:15:00,96.88
2025-10-02 02:30:00,97.0
2025-10-02 02:45:00,97.01
2025-10-02 03:00:00,89.57
2025-10-02 03:15:00,92.78
2025-10-02 03:30:00,99.23
2025-10-02 03:45:00,115.0
2025-10-02 04:00:00,95.99
2025-10-02 04:15:00,117.78
2025-10-02 04:30:00,131.45
2025-10-02 04:45:00,165.49
2025-10-02 05:00:00,161.29
2025-10-02 05:15:00,190.85
2025-10-02 05:30:00,184.63
2025-10-02 05:45:00,163.24
2025-10-02 06:00:00,183.21
2025-10-02 06:15:00,149.2
2025-10-02 06:30:00,113.73
2025-10-02 06:45:00,87.24
2025-10-02 07:00:00,125.04
2025-10-02 07:15:00,114.18
2025-10-02 07:30:00,97.96
2025-10-02 07:45:00,84.36
2025-10-02 08:00:00,110.42
2025-10-02 08:15:00,105.48
2025-10-02 08:30:00,91.22
2025-10-02 08:45:00,83.92
2025-10-02 09:00:00,98.41
2025-10-02 09:15:00,90.0
2025-10-02 09:30:00,83.63
2025-10-02 09:45:00,79.86
2025-10-02 10:00:00,90.51
2025-10-02 10:15:00,83.67
2025-10-02 10:30:00,79.98
2025-10-02 10:45:00,80.0
2025-10-02 11:00:00,78.92
2025-10-02 11:15:00,79.88
2025-10-02 11:30:00,85.61
2025-10-02 11:45:00,89.67
2025-10-02 12:00:00,83.89
2025-10-02 12:15:00,92.78
2025-10-02 12:30:00,93.0
2025-10-02 12:45:00,93.0
2025-10-02 13:00:00,83.08
2025-10-02 13:15:00,92.78
2025-10-02 13:30:00,104.3
2025-10-02 13:45:00,116.17
2025-10-02 14:00:00,95.02
2025-10-02 14:15:00,113.07
2025-10-02 14:30:00,128.24
2025-10-02 14:45:00,137.25
2025-10-02 15:00:00,107.3
2025-10-02 15:15:00,117.78
2025-10-02 15:30:00,132.44
2025-10-02 15:45:00,158.51
2025-10-02 16:00:00,117.77
2025-10-02 16:15:00,141.22
2025-10-02 16:30:00,172.71
2025-10-02 16:45:00,217.99
2025-10-02 17:00:00,212.71
2025-10-02 17:15:00,199.39
2025-10-02 17:30:00,161.52
2025-10-02 17:45:00,133.94
2025-10-02 18:00:00,153.93
2025-10-02 18:15:00,130.33
2025-10-02 18:30:00,120.77
2025-10-02 18:45:00,107.56
2025-10-02 19:00:00,125.19
2025-10-02 19:15:00,117.78
2025-10-02 19:30:00,98.6
2025-10-02 19:45:00,90.59
2025-10-02 20:00:00,115.9
2025-10-02 20:15:00,110.0
2025-10-02 20:30:00,98.6
2025-10-02 20:45:00,92.78
2025-10-02 21:00:00,104.5
2025-10-02 21:15:00,92.57
2025-10-02 21:30:00,80.17
2025-10-02 21:45:00,80.34
2025-10-02 22:00:00,92.05
2025-10-02 22:15:00,82.71
2025-10-02 22:30:00,76.55
2025-10-02 22:45:00,68.05
2025-10-02 23:00:00,81.93
2025-10-02 23:15:00,75.9
2025-10-02 23:30:00,68.93
2025-10-02 23:45:00,59.31
2025-10-03 00:00:00,75.98
2025-10-03 00:15:00,75.32
2025-10-03 00:30:00,72.18
2025-10-03 00:45:00,71.65
2025-10-03 01:00:00,64.99
2025-10-03 01:15:00,82.14
2025-10-03 01:30:00,85.08
2025-10-03 01:45:00,80.42
2025-10-03 02:00:00,76.04
2025-10-03 02:15:00,76.62
2025-10-03 02:30:00,85.01
2025-10-03 02:45:00,87.52
2025-10-03 03:00:00,76.81
2025-10-03 03:15:00,81.27
2025-10-03 03:30:00,92.5
2025-10-03 03:45:00,114.83
2025-10-03 04:00:00,94.44
2025-10-03 04:15:00,112.54
2025-10-03 04:30:00,131.8
2025-10-03 04:45:00,146.0
2025-10-03 05:00:00,141.58
2025-10-03 05:15:00,139.62
2025-10-03 05:30:00,136.07
2025-10-03 05:45:00,129.83
2025-10-03 06:00:00,144.76
2025-10-03 06:15:00,129.83
2025-10-03 06:30:00,127.28
2025-10-03 06:45:00,115.0
2025-10-03 07:00:00,123.03
2025-10-03 07:15:00,111.86
2025-10-03 07:30:00,100.33
2025-10-03 07:45:00,91.5
2025-10-03 08:00:00,108.89
2025-10-03 08:15:00,97.85
2025-10-03 08:30:00,79.7
2025-10-03 08:45:00,50.13
2025-10-03 09:00:00,53.71
2025-10-03 09:15:00,50.62
2025-10-03 09:30:00,46.08
2025-10-03 09:45:00,38.16
2025-10-03 10:00:00,41.71
2025-10-03 10:15:00,37.35
2025-10-03 10:30:00,33.78
2025-10-03 10:45:00,29.37
2025-10-03 11:00:00,27.58
2025-10-03 11:15:00,23.62
2025-10-03 11:30:00,24.11
2025-10-03 11:45:00,27.18
2025-10-03 12:00:00,19.83
2025-10-03 12:15:00,28.34
2025-10-03 12:30:00,62.38
2025-10-03 12:45:00,67.67
2025-10-03 13:00:00,33.0
2025-10-03 13:15:00,74.61
2025-10-03 13:30:00,91.5
2025-10-03 13:45:00,103.66
2025-10-03 14:00:00,83.77
2025-10-03 14:15:00,88.65
2025-10-03 14:30:00,104.17
2025-10-03 14:45:00,125.83
2025-10-03 15:00:00,91.5
2025-10-03 15:15:00,104.72
2025-10-03 15:30:00,136.08
2025-10-03 15:45:00,150.13
2025-10-03 16:00:00,113.08
2025-10-03 16:15:00,123.37
2025-10-03 16:30:00,143.21
2025-10-03 16:45:00,155.06
2025-10-03 17:00:00,138.32
2025-10-03 17:15:00,138.34
2025-10-03 17:30:00,129.83
2025-10-03 17:45:00,127.28
2025-10-03 18:00:00,144.56
2025-10-03 18:15:00,128.86
2025-10-03 18:30:00,120.77
2025-10-03 18:45:00,116.36
2025-10-03 19:00:00,128.89
2025-10-03 19:15:00,125.0
2025-10-03 19:30:00,117.0
2025-10-03 19:45:00,100.64
2025-10-03 20:00:00,125.0
2025-10-03 20:15:00,118.0
2025-10-03 20:30:00,103.44
2025-10-03 20:45:00,94.0
2025-10-03 21:00:00,115.92
2025-10-03 21:15:00,106.05
2025-10-03 21:30:00,93.05
2025-10-03 21:45:00,83.77
2025-10-03 22:00:00,110.84
2025-10-03 22:15:00,107.51
2025-10-03 22:30:00,96.89
2025-10-03 22:45:00,86.42
2025-10-03 23:00:00,100.79
2025-10-03 23:15:00,95.39
2025-10-03 23:30:00,87.78
2025-10-03 23:45:00,82.64
2025-10-04 00:00:00,92.85
2025-10-04 00:15:00,88.58
2025-10-04 00:30:00,87.0
2025-10-04 00:45:00,86.56
2025-10-04 01:00:00,85.2
2025-10-04 01:15:00,85.42
2025-10-04 01:30:00,86.38
2025-10-04 01:45:00,87.0
2025-10-04 02:00:00,89.5
2025-10-04 02:15:00,88.96
2025-10-04 02:30:00,90.9
2025-10-04 02:45:00,95.0
2025-10-04 03:00:00,92.29
2025-10-04 03:15:00,97.29
2025-10-04 03:30:00,101.81
2025-10-04 03:45:00,115.84
2025-10-04 04:00:00,100.09
2025-10-04 04:15:00,114.76
2025-10-04 04:30:00,117.0
2025-10-04 04:45:00,119.08
2025-10-04 05:00:00,130.87
2025-10-04 05:15:00,131.17
2025-10-04 05:30:00,134.17
2025-10-04 05:45:00,117.33
2025-10-04 06:00:00,132.85
2025-10-04 06:15:00,117.33
2025-10-04 06:30:00,115.84
2025-10-04 06:45:00,110.0
2025-10-04 07:00:00,117.0
2025-10-04 07:15:00,111.16
2025-10-04 07:30:00,103.06
2025-10-04 07:45:00,66.68
2025-10-04 08:00:00,107.16
2025-10-04 08:15:00,81.97
2025-10-04 08:30:00,15.95
2025-10-04 08:45:00,2.19
2025-10-04 09:00:00,2.23
2025-10-04 09:15:00,0.92
2025-10-04 09:30:00,0.29
2025-10-04 09:45:00,0.13
2025-10-04 10:00:00,0.66
2025-10-04 10:15:00,0.17
2025-10-04 10:30:00,0.07
2025-10-04 10:45:00,0.07
2025-10-04 11:00:00,2.02
2025-10-04 11:15:00,1.97
2025-10-04 11:30:00,1.8
2025-10-04 11:45:00,2.78
2025-10-04 12:00:00,5.44
2025-10-04 12:15:00,10.61
2025-10-04 12:30:00,22.44
2025-10-04 12:45:00,55.52
2025-10-04 13:00:00,16.45
2025-10-04 13:15:00,47.79
2025-10-04 13:30:00,71.62
2025-10-04 13:45:00,111.55
2025-10-04 14:00:00,45.23
2025-10-04 14:15:00,85.2
2025-10-04 14:30:00,103.6
2025-10-04 14:45:00,116.0
2025-10-04 15:00:00,86.03
2025-10-04 15:15:00,133.16
2025-10-04 15:30:00,155.87
2025-10-04 15:45:00,146.12
2025-10-04 16:00:00,165.67
2025-10-04 16:15:00,185.75
2025-10-04 16:30:00,209.49
2025-10-04 16:45:00,225.5
2025-10-04 17:00:00,126.65
2025-10-04 17:15:00,127.0
2025-10-04 17:30:00,127.0
2025-10-04 17:45:00,126.65
2025-10-04 18:00:00,189.94
2025-10-04 18:15:00,177.92
2025-10-04 18:30:00,162.15
2025-10-04 18:45:00,118.82
2025-10-04 19:00:00,149.71
2025-10-04 19:15:00,118.59
2025-10-04 19:30:00,115.84
2025-10-04 19:45:00,105.41
2025-10-04 20:00:00,134.87
2025-10-04 20:15:00,125.4
2025-10-04 20:30:00,106.45
2025-10-04 20:45:00,92.85
2025-10-04 21:00:00,120.73
2025-10-04 21:15:00,108.93
2025-10-04 21:30:00,95.0
2025-10-04 21:45:00,80.0
2025-10-04 22:00:00,83.25
2025-10-04 22:15:00,81.72
2025-10-04 22:30:00,53.23
2025-10-04 22:45:00,12.38
2025-10-04 23:00:00,25.81
2025-10-04 23:15:00,38.93
2025-10-04 23:30:00,16.76
2025-10-04 23:45:00,10.75
2025-10-05 00:00:00,74.94
2025-10-05 00:15:00,78.56
2025-10-05 00:30:00,68.96
2025-10-05 00:45:00,68.75
2025-10-05 01:00:00,58.33
2025-10-05 01:15:00,66.0
2025-10-05 01:30:00,66.0
2025-10-05 01:45:00,75.67
2025-10-05 02:00:00,79.39
2025-10-05 02:15:00,81.52
2025-10-05 02:30:00,82.69
2025-10-05 02:45:00,87.99
2025-10-05 03:00:00,81.81
2025-10-05 03:15:00,81.81
2025-10-05 03:30:00,81.81
2025-10-05 03:45:00,88.0
2025-10-05 04:00:00,75.38
2025-10-05 04:15:00,88.0
2025-10-05 04:30:00,88.0
2025-10-05 04:45:00,85.27
2025-10-05 05:00:00,90.95
2025-10-05 05:15:00,92.39
2025-10-05 05:30:00,82.68
2025-10-05 05:45:00,50.0
2025-10-05 06:00:00,78.54
2025-10-05 06:15:00,12.58
2025-10-05 06:30:00,10.04
2025-10-05 06:45:00,6.13
2025-10-05 07:00:00,47.04
2025-10-05 07:15:00,71.66
2025-10-05 07:30:00,90.29
2025-10-05 07:45:00,79.47
2025-10-05 08:00:00,14.63
2025-10-05 08:15:00,34.57
2025-10-05 08:30:00,42.88
2025-10-05 08:45:00,50.79
2025-10-05 09:00:00,16.92
2025-10-05 09:15:00,16.56
2025-10-05 09:30:00,12.74
2025-10-05 09:45:00,7.36
2025-10-05 10:00:00,29.15
2025-10-05 10:15:00,14.05
2025-10-05 10:30:00,10.82
2025-10-05 10:45:00,6.87
2025-10-05 11:00:00,6.51
2025-10-05 11:15:00,5.24
2025-10-05 11:30:00,2.9
2025-10-05 11:45:00,2.0
2025-10-05 12:00:00,0.04
2025-10-05 12:15:00,0.04
2025-10-05 12:30:00,0.53
2025-10-05 12:45:00,1.01
2025-10-05 13:00:00,-0.02
2025-10-05 13:15:00,2.94
2025-10-05 13:30:00,9.88
2025-10-05 13:45:00,26.76
2025-10-05 14:00:00,4.65
2025-10-05 14:15:00,33.33
2025-10-05 14:30:00,91.2
2025-10-05 14:45:00,110.73
2025-10-05 15:00:00,47.87
2025-10-05 15:15:00,70.46
2025-10-05 15:30:00,113.28
2025-10-05 15:45:00,132.7
2025-10-05 16:00:00,92.27
2025-10-05 16:15:00,102.98
2025-10-05 16:30:00,119.49
2025-10-05 16:45:00,126.73
2025-10-05 17:00:00,125.25
2025-10-05 17:15:00,121.69
2025-10-05 17:30:00,122.75
2025-10-05 17:45:00,127.28
2025-10-05 18:00:00,131.56
2025-10-05 18:15:00,126.27
2025-10-05 18:30:00,117.19
2025-10-05 18:45:00,68.96
2025-10-05 19:00:00,121.55
2025-10-05 19:15:00,110.27
2025-10-05 19:30:00,92.17
2025-10-05 19:45:00,70.25
2025-10-05 20:00:00,119.49
2025-10-05 20:15:00,100.53
2025-10-05 20:30:00,91.8
2025-10-05 20:45:00,63.24
2025-10-05 21:00:00,97.83
2025-10-05 21:15:00,90.18
2025-10-05 21:30:00,74.48
2025-10-05 21:45:00,52.0
2025-10-05 22:00:00,89.89
2025-10-05 22:15:00,76.51
2025-10-05 22:30:00,63.57
2025-10-05 22:45:00,66.04
2025-10-05 23:00:00,75.53
2025-10-05 23:15:00,72.49
2025-10-05 23:30:00,69.06
2025-10-05 23:45:00,62.61
2025-10-06 00:00:00,65.76
2025-10-06 00:15:00,58.72
2025-10-06 00:30:00,54.1
2025-10-06 00:45:00,47.09
2025-10-06 01:00:00,50.59
2025-10-06 01:15:00,49.92
2025-10-06 01:30:00,52.65
2025-10-06 01:45:00,56.51
2025-10-06 02:00:00,50.0
2025-10-06 02:15:00,56.52
2025-10-06 02:30:00,60.22
2025-10-06 02:45:00,68.89
2025-10-06 03:00:00,53.85
2025-10-06 03:15:00,68.01
2025-10-06 03:30:00,89.25
2025-10-06 03:45:00,115.59
2025-10-06 04:00:00,85.3
2025-10-06 04:15:00,125.91
2025-10-06 04:30:00,145.49
2025-10-06 04:45:00,158.03
2025-10-06 05:00:00,161.48
2025-10-06 05:15:00,166.31
2025-10-06 05:30:00,156.72
2025-10-06 05:45:00,151.75
2025-10-06 06:00:00,171.24
2025-10-06 06:15:00,152.46
2025-10-06 06:30:00,141.76
2025-10-06 06:45:00,127.45
2025-10-06 07:00:00,144.66
2025-10-06 07:15:00,129.66
2025-10-06 07:30:00,123.23
2025-10-06 07:45:00,110.95
2025-10-06 08:00:00,114.84
2025-10-06 08:15:00,108.08
2025-10-06 08:30:00,100.0
2025-10-06 08:45:00,93.98
2025-10-06 09:00:00,104.12
2025-10-06 09:15:00,98.18
2025-10-06 09:30:00,88.5
2025-10-06 09:45:00,83.72
2025-10-06 10:00:00,85.48
2025-10-06 10:15:00,93.26
2025-10-06 10:30:00,92.43
2025-10-06 10:45:00,101.86
2025-10-06 11:00:00,109.96
2025-10-06 11:15:00,102.82
2025-10-06 11:30:00,106.57
2025-10-06 11:45:00,108.97
2025-10-06 12:00:00,92.62
2025-10-06 12:15:00,98.88
2025-10-06 12:30:00,110.61
2025-10-06 12:45:00,109.32
2025-10-06 13:00:00,98.33
2025-10-06 13:15:00,103.7
2025-10-06 13:30:00,111.46
2025-10-06 13:45:00,119.05
2025-10-06 14:00:00,101.37
2025-10-06 14:15:00,114.26
2025-10-06 14:30:00,134.64
2025-10-06 14:45:00,165.22
2025-10-06 15:00:00,114.3
2025-10-06 15:15:00,126.18
2025-10-06 15:30:00,148.09
2025-10-06 15:45:00,181.68
2025-10-06 16:00:00,129.29
2025-10-06 16:15:00,151.55
2025-10-06 16:30:00,200.86
2025-10-06 16:45:00,246.66
2025-10-06 17:00:00,217.24
2025-10-06 17:15:00,213.87
2025-10-06 17:30:00,198.36
2025-10-06 17:45:00,159.99
2025-10-06 18:00:00,180.93
2025-10-06 18:15:00,153.76
2025-10-06 18:30:00,136.09
2025-10-06 18:45:00,124.96
2025-10-06 19:00:00,129.89
2025-10-06 19:15:00,126.2
2025-10-06 19:30:00,118.28
2025-10-06 19:45:00,115.0
2025-10-06 20:00:00,141.13
2025-10-06 20:15:00,116.69
2025-10-06 20:30:00,115.2
2025-10-06 20:45:00,109.62
2025-10-06 21:00:00,112.33
2025-10-06 21:15:00,108.08
2025-10-06 21:30:00,104.37
2025-10-06 21:45:00,102.97
2025-10-06 22:00:00,105.51
2025-10-06 22:15:00,102.6
2025-10-06 22:30:00,100.92
2025-10-06 22:45:00,97.59
2025-10-06 23:00:00,100.0
2025-10-06 23:15:00,95.5
2025-10-06 23:30:00,92.68
2025-10-06 23:45:00,90.12
2025-10-07 00:00:00,92.0
2025-10-07 00:15:00,92.0
2025-10-07 00:30:00,90.53
2025-10-07 00:45:00,92.0
2025-10-07 01:00:00,89.04
2025-10-07 01:15:00,90.08
2025-10-07 01:30:00,90.94
2025-10-07 01:45:00,94.5
2025-10-07 02:00:00,88.85
2025-10-07 02:15:00,91.18
2025-10-07 02:30:00,97.28
2025-10-07 02:45:00,104.92
2025-10-07 03:00:00,88.98
2025-10-07 03:15:00,95.01
2025-10-07 03:30:00,100.68
2025-10-07 03:45:00,108.99
2025-10-07 04:00:00,106.39
2025-10-07 04:15:00,122.13
2025-10-07 04:30:00,132.8
2025-10-07 04:45:00,154.73
2025-10-07 05:00:00,142.87
2025-10-07 05:15:00,195.54
2025-10-07 05:30:00,255.59
2025-10-07 05:45:00,269.3
2025-10-07 06:00:00,284.11
2025-10-07 06:15:00,274.55
2025-10-07 06:30:00,264.22
2025-10-07 06:45:00,234.74
2025-10-07 07:00:00,278.1
2025-10-07 07:15:00,232.95
2025-10-07 07:30:00,160.16
2025-10-07 07:45:00,130.89
2025-10-07 08:00:00,179.26
2025-10-07 08:15:00,149.79
2025-10-07 08:30:00,126.82
2025-10-07 08:45:00,109.76
2025-10-07 09:00:00,155.85
2025-10-07 09:15:00,144.93
2025-10-07 09:30:00,127.35
2025-10-07 09:45:00,119.78
2025-10-07 10:00:00,130.56
2025-10-07 10:15:00,116.28
2025-10-07 10:30:00,112.61
2025-10-07 10:45:00,112.57
2025-10-07 11:00:00,120.41
2025-10-07 11:15:00,113.32
2025-10-07 11:30:00,112.65
2025-10-07 11:45:00,109.73
2025-10-07 12:00:00,111.19
2025-10-07 12:15:00,113.26
2025-10-07 12:30:00,114.41
2025-10-07 12:45:00,116.04
2025-10-07 13:00:00,109.06
2025-10-07 13:15:00,113.72
2025-10-07 13:30:00,124.91
2025-10-07 13:45:00,139.51
2025-10-07 14:00:00,111.02
2025-10-07 14:15:00,117.93
2025-10-07 14:30:00,135.27
2025-10-07 14:45:00,156.38
2025-10-07 15:00:00,112.87
2025-10-07 15:15:00,126.59
2025-10-07 15:30:00,152.88
2025-10-07 15:45:00,203.35
2025-10-07 16:00:00,139.35
2025-10-07 16:15:00,149.64
2025-10-07 16:30:00,210.74
2025-10-07 16:45:00,276.62
2025-10-07 17:00:00,238.33
2025-10-07 17:15:00,214.96
2025-10-07 17:30:00,188.46
2025-10-07 17:45:00,180.81
2025-10-07 18:00:00,178.26
2025-10-07 18:15:00,158.89
2025-10-07 18:30:00,131.01
2025-10-07 18:45:00,117.0
2025-10-07 19:00:00,147.22
2025-10-07 19:15:00,129.01
2025-10-07 19:30:00,112.79
2025-10-07 19:45:00,103.95
2025-10-07 20:00:00,116.35
2025-10-07 20:15:00,111.87
2025-10-07 20:30:00,106.1
2025-10-07 20:45:00,95.37
2025-10-07 21:00:00,107.82
2025-10-07 21:15:00,98.43
2025-10-07 21:30:00,93.57
2025-10-07 21:45:00,90.11
2025-10-07 22:00:00,101.74
2025-10-07 22:15:00,91.4
2025-10-07 22:30:00,91.47
2025-10-07 22:45:00,89.2
2025-10-07 23:00:00,91.85
2025-10-07 23:15:00,89.07
2025-10-07 23:30:00,87.33
2025-10-07 23:45:00,85.5
2025-10-08 00:00:00,89.21
2025-10-08 00:15:00,88.14
2025-10-08 00:30:00,86.99
2025-10-08 00:45:00,85.9
2025-10-08 01:00:00,87.17
2025-10-08 01:15:00,88.96
2025-10-08 01:30:00,86.98
2025-10-08 01:45:00,87.7
2025-10-08 02:00:00,85.66
2025-10-08 02:15:00,90.27
2025-10-08 02:30:00,94.34
2025-10-08 02:45:00,96.0
2025-10-08 03:00:00,86.98
2025-10-08 03:15:00,93.28
2025-10-08 03:30:00,105.6
2025-10-08 03:45:00,114.42
2025-10-08 04:00:00,92.99
2025-10-08 04:15:00,109.98
2025-10-08 04:30:00,120.98
2025-10-08 04:45:00,135.46
2025-10-08 05:00:00,132.04
2025-10-08 05:15:00,151.02
2025-10-08 05:30:00,166.91
2025-10-08 05:45:00,169.99
2025-10-08 06:00:00,201.6
2025-10-08 06:15:00,173.38
2025-10-08 06:30:00,150.53
2025-10-08 06:45:00,133.54
2025-10-08 07:00:00,166.89
2025-10-08 07:15:00,135.7
2025-10-08 07:30:00,116.2
2025-10-08 07:45:00,103.49
2025-10-08 08:00:00,139.44
2025-10-08 08:15:00,121.8
2025-10-08 08:30:00,108.36
2025-10-08 08:45:00,104.0
2025-10-08 09:00:00,125.53
2025-10-08 09:15:00,106.65
2025-10-08 09:30:00,100.69
2025-10-08 09:45:00,91.06
2025-10-08 10:00:00,96.37
2025-10-08 10:15:00,92.57
2025-10-08 10:30:00,90.24
2025-10-08 10:45:00,90.3
2025-10-08 11:00:00,92.54
2025-10-08 11:15:00,92.32
2025-10-08 11:30:00,92.08
2025-10-08 11:45:00,90.0
2025-10-08 12:00:00,87.78
2025-10-08 12:15:00,90.37
2025-10-08 12:30:00,93.11
2025-10-08 12:45:00,102.48
2025-10-08 13:00:00,92.27
2025-10-08 13:15:00,97.13
2025-10-08 13:30:00,105.47
2025-10-08 13:45:00,117.29
2025-10-08 14:00:00,99.13
2025-10-08 14:15:00,108.86
2025-10-08 14:30:00,135.05
2025-10-08 14:45:00,154.86
2025-10-08 15:00:00,107.2
2025-10-08 15:15:00,123.09
2025-10-08 15:30:00,154.32
2025-10-08 15:45:00,215.5
2025-10-08 16:00:00,131.95
2025-10-08 16:15:00,140.61
2025-10-08 16:30:00,193.36
2025-10-08 16:45:00,243.54
2025-10-08 17:00:00,219.75
2025-10-08 17:15:00,197.98
2025-10-08 17:30:00,180.46
2025-10-08 17:45:00,175.0
2025-10-08 18:00:00,170.0
2025-10-08 18:15:00,151.19
2025-10-08 18:30:00,134.03
2025-10-08 18:45:00,125.29
2025-10-08 19:00:00,130.68
2025-10-08 19:15:00,121.57
2025-10-08 19:30:00,110.4
2025-10-08 19:45:00,103.52
2025-10-08 20:00:00,118.5
2025-10-08 20:15:00,117.91
2025-10-08 20:30:00,106.7
2025-10-08 20:45:00,97.93
2025-10-08 21:00:00,111.73
2025-10-08 21:15:00,99.79
2025-10-08 21:30:00,95.48
2025-10-08 21:45:00,90.0
2025-10-08 22:00:00,110.3
2025-10-08 22:15:00,100.01
2025-10-08 22:30:00,91.16
2025-10-08 22:45:00,89.61
2025-10-08 23:00:00,92.18
2025-10-08 23:15:00,95.02
2025-10-08 23:30:00,93.57
2025-10-08 23:45:00,94.86
2025-10-09 00:00:00,97.37
2025-10-09 00:15:00,93.57
2025-10-09 00:30:00,93.62
2025-10-09 00:45:00,94.48
2025-10-09 01:00:00,95.82
2025-10-09 01:15:00,92.6
2025-10-09 01:30:00,92.78
2025-10-09 01:45:00,93.43
2025-10-09 02:00:00,89.96
2025-10-09 02:15:00,92.34
2025-10-09 02:30:00,96.61
2025-10-09 02:45:00,107.6
2025-10-09 03:00:00,94.29
2025-10-09 03:15:00,99.13
2025-10-09 03:30:00,113.07
2025-10-09 03:45:00,131.61
2025-10-09 04:00:00,106.31
2025-10-09 04:15:00,130.67
2025-10-09 04:30:00,138.46
2025-10-09 04:45:00,153.51
2025-10-09 05:00:00,135.69
2025-10-09 05:15:00,148.63
2025-10-09 05:30:00,154.39
2025-10-09 05:45:00,150.31
2025-10-09 06:00:00,170.38
2025-10-09 06:15:00,151.76
2025-10-09 06:30:00,142.38
2025-10-09 06:45:00,128.54
2025-10-09 07:00:00,166.58
2025-10-09 07:15:00,138.0
2025-10-09 07:30:00,125.87
2025-10-09 07:45:00,109.84
2025-10-09 08:00:00,133.75
2025-10-09 08:15:00,116.9
2025-10-09 08:30:00,104.0
2025-10-09 08:45:00,94.42
2025-10-09 09:00:00,106.52
2025-10-09 09:15:00,104.72
2025-10-09 09:30:00,94.36
2025-10-09 09:45:00,92.07
2025-10-09 10:00:00,100.33
2025-10-09 10:15:00,94.63
2025-10-09 10:30:00,93.73
2025-10-09 10:45:00,93.37
2025-10-09 11:00:00,97.66
2025-10-09 11:15:00,98.63
2025-10-09 11:30:00,98.56
2025-10-09 11:45:00,76.4
2025-10-09 12:00:00,77.77
2025-10-09 12:15:00,91.36
2025-10-09 12:30:00,97.56
2025-10-09 12:45:00,104.33
2025-10-09 13:00:00,93.97
2025-10-09 13:15:00,101.0
2025-10-09 13:30:00,104.34
2025-10-09 13:45:00,111.83
2025-10-09 14:00:00,109.91
2025-10-09 14:15:00,128.56
2025-10-09 14:30:00,135.69
2025-10-09 14:45:00,150.0
2025-10-09 15:00:00,112.61
2025-10-09 15:15:00,130.71
2025-10-09 15:30:00,144.8
2025-10-09 15:45:00,158.76
2025-10-09 16:00:00,132.86
2025-10-09 16:15:00,139.19
2025-10-09 16:30:00,143.6
2025-10-09 16:45:00,160.08
2025-10-09 17:00:00,144.6
2025-10-09 17:15:00,151.59
2025-10-09 17:30:00,147.53
2025-10-09 17:45:00,140.91
2025-10-09 18:00:00,149.33
2025-10-09 18:15:00,139.09
2025-10-09 18:30:00,125.7
2025-10-09 18:45:00,121.01
2025-10-09 19:00:00,138.07
2025-10-09 19:15:00,135.69
2025-10-09 19:30:00,131.66
2025-10-09 19:45:00,115.52
2025-10-09 20:00:00,135.0
2025-10-09 20:15:00,130.0
2025-10-09 20:30:00,115.79
2025-10-09 20:45:00,109.03
2025-10-09 21:00:00,126.9
2025-10-09 21:15:00,122.36
2025-10-09 21:30:00,103.1
2025-10-09 21:45:00,96.24
2025-10-09 22:00:00,100.64
2025-10-09 22:15:00,91.77
2025-10-09 22:30:00,87.79
2025-10-09 22:45:00,84.15
2025-10-09 23:00:00,92.11
2025-10-09 23:15:00,86.47
2025-10-09 23:30:00,84.85
2025-10-09 23:45:00,83.6
2025-10-10 00:00:00,83.5
2025-10-10 00:15:00,81.97
2025-10-10 00:30:00,81.12
2025-10-10 00:45:00,80.75
2025-10-10 01:00:00,82.18
2025-10-10 01:15:00,82.15
2025-10-10 01:30:00,82.1
2025-10-10 01:45:00,82.44
2025-10-10 02:00:00,82.89
2025-10-10 02:15:00,84.59
2025-10-10 02:30:00,84.11
2025-10-10 02:45:00,91.57
2025-10-10 03:00:00,86.79
2025-10-10 03:15:00,108.12
2025-10-10 03:30:00,118.31
2025-10-10 03:45:00,133.29
2025-10-10 04:00:00,109.52
2025-10-10 04:15:00,134.54
2025-10-10 04:30:00,154.66
2025-10-10 04:45:00,167.5
2025-10-10 05:00:00,135.54
2025-10-10 05:15:00,142.98
2025-10-10 05:30:00,154.74
2025-10-10 05:45:00,140.0
2025-10-10 06:00:00,159.67
2025-10-10 06:15:00,134.12
2025-10-10 06:30:00,109.4
2025-10-10 06:45:00,96.01
2025-10-10 07:00:00,143.83
2025-10-10 07:15:00,113.77
2025-10-10 07:30:00,96.73
2025-10-10 07:45:00,78.5
2025-10-10 08:00:00,125.78
2025-10-10 08:15:00,93.82
2025-10-10 08:30:00,84.55
2025-10-10 08:45:00,71.31
2025-10-10 09:00:00,96.26
2025-10-10 09:15:00,81.84
2025-10-10 09:30:00,79.91
2025-10-10 09:45:00,78.6
2025-10-10 10:00:00,87.92
2025-10-10 10:15:00,81.49
2025-10-10 10:30:00,75.55
2025-10-10 10:45:00,67.74
2025-10-10 11:00:00,79.15
2025-10-10 11:15:00,85.12
2025-10-10 11:30:00,84.47
2025-10-10 11:45:00,75.92
2025-10-10 12:00:00,66.47
2025-10-10 12:15:00,86.42
2025-10-10 12:30:00,91.91
2025-10-10 12:45:00,103.86
2025-10-10 13:00:00,83.65
2025-10-10 13:15:00,91.52
2025-10-10 13:30:00,98.06
2025-10-10 13:45:00,110.04
2025-10-10 14:00:00,84.12
2025-10-10 14:15:00,101.63
2025-10-10 14:30:00,121.0
2025-10-10 14:45:00,150.47
2025-10-10 15:00:00,115.52
2025-10-10 15:15:00,137.54
2025-10-10 15:30:00,161.22
2025-10-10 15:45:00,180.29
2025-10-10 16:00:00,144.53
2025-10-10 16:15:00,158.3
2025-10-10 16:30:00,170.88
2025-10-10 16:45:00,185.73
2025-10-10 17:00:00,167.09
2025-10-10 17:15:00,166.71
2025-10-10 17:30:00,166.71
2025-10-10 17:45:00,157.69
2025-10-10 18:00:00,166.71
2025-10-10 18:15:00,150.0
2025-10-10 18:30:00,132.85
2025-10-10 18:45:00,125.5
2025-10-10 19:00:00,135.37
2025-10-10 19:15:00,131.91
2025-10-10 19:30:00,122.73
2025-10-10 19:45:00,107.41
2025-10-10 20:00:00,124.01
2025-10-10 20:15:00,118.68
2025-10-10 20:30:00,105.71
2025-10-10 20:45:00,97.24
2025-10-10 21:00:00,104.3
2025-10-10 21:15:00,98.24
2025-10-10 21:30:00,99.3
2025-10-10 21:45:00,91.58
2025-10-10 22:00:00,111.76
2025-10-10 22:15:00,99.52
2025-10-10 22:30:00,88.08
2025-10-10 22:45:00,84.69
2025-10-10 23:00:00,92.74
2025-10-10 23:15:00,89.52
2025-10-10 23:30:00,87.4
2025-10-10 23:45:00,87.17
2025-10-11 00:00:00,88.19
2025-10-11 00:15:00,88.63
2025-10-11 00:30:00,89.4
2025-10-11 00:45:00,88.57
2025-10-11 01:00:00,87.41
2025-10-11 01:15:00,85.39
2025-10-11 01:30:00,86.35
2025-10-11 01:45:00,84.06
2025-10-11 02:00:00,85.1
2025-10-11 02:15:00,84.42
2025-10-11 02:30:00,83.45
2025-10-11 02:45:00,84.68
2025-10-11 03:00:00,82.96
2025-10-11 03:15:00,86.03
2025-10-11 03:30:00,85.85
2025-10-11 03:45:00,88.52
2025-10-11 04:00:00,87.87
2025-10-11 04:15:00,88.97
2025-10-11 04:30:00,91.2
2025-10-11 04:45:00,93.02
2025-10-11 05:00:00,96.71
2025-10-11 05:15:00,95.06
2025-10-11 05:30:00,97.62
2025-10-11 05:45:00,97.62
2025-10-11 06:00:00,103.96
2025-10-11 06:15:00,103.28
2025-10-11 06:30:00,101.37
2025-10-11 06:45:00,93.67
2025-10-11 07:00:00,115.0
2025-10-11 07:15:00,104.31
2025-10-11 07:30:00,92.91
2025-10-11 07:45:00,76.36
2025-10-11 08:00:00,107.91
2025-10-11 08:15:00,93.22
2025-10-11 08:30:00,76.44
2025-10-11 08:45:00,77.81
2025-10-11 09:00:00,86.0
2025-10-11 09:15:00,74.26
2025-10-11 09:30:00,59.3
2025-10-11 09:45:00,53.49
2025-10-11 10:00:00,64.32
2025-10-11 10:15:00,59.02
2025-10-11 10:30:00,51.1
2025-10-11 10:45:00,47.29
2025-10-11 11:00:00,41.11
2025-10-11 11:15:00,38.07
2025-10-11 11:30:00,34.14
2025-10-11 11:45:00,37.02
2025-10-11 12:00:00,32.0
2025-10-11 12:15:00,37.7
2025-10-11 12:30:00,41.32
2025-10-11 12:45:00,53.91
2025-10-11 13:00:00,54.52
2025-10-11 13:15:00,78.86
2025-10-11 13:30:00,94.85
2025-10-11 13:45:00,89.45
2025-10-11 14:00:00,69.99
2025-10-11 14:15:00,86.57
2025-10-11 14:30:00,103.33
2025-10-11 14:45:00,119.96
2025-10-11 15:00:00,91.29
2025-10-11 15:15:00,106.73
2025-10-11 15:30:00,133.53
2025-10-11 15:45:00,155.69
2025-10-11 16:00:00,127.5
2025-10-11 16:15:00,129.0
2025-10-11 16:30:00,141.09
2025-10-11 16:45:00,149.83
2025-10-11 17:00:00,136.0
2025-10-11 17:15:00,143.63
2025-10-11 17:30:00,134.6
2025-10-11 17:45:00,121.5
2025-10-11 18:00:00,149.44
2025-10-11 18:15:00,130.34
2025-10-11 18:30:00,108.72
2025-10-11 18:45:00,101.6
2025-10-11 19:00:00,128.51
2025-10-11 19:15:00,115.99
2025-10-11 19:30:00,117.12
2025-10-11 19:45:00,99.35
2025-10-11 20:00:00,127.83
2025-10-11 20:15:00,113.71
2025-10-11 20:30:00,101.57
2025-10-11 20:45:00,93.16
2025-10-11 21:00:00,105.2
2025-10-11 21:15:00,95.71
2025-10-11 21:30:00,93.18
2025-10-11 21:45:00,87.1
2025-10-11 22:00:00,109.01
2025-10-11 22:15:00,105.82
2025-10-11 22:30:00,89.5
2025-10-11 22:45:00,82.36
2025-10-11 23:00:00,104.96
2025-10-11 23:15:00,98.39
2025-10-11 23:30:00,87.78
2025-10-11 23:45:00,87.6
2025-10-12 00:00:00,99.02
2025-10-12 00:15:00,90.04
2025-10-12 00:30:00,87.26
2025-10-12 00:45:00,88.89
2025-10-12 01:00:00,92.82
2025-10-12 01:15:00,89.2
2025-10-12 01:30:00,89.39
2025-10-12 01:45:00,84.0
2025-10-12 02:00:00,80.3
2025-10-12 02:15:00,86.21
2025-10-12 02:30:00,95.98
2025-10-12 02:45:00,96.51
2025-10-12 03:00:00,87.57
2025-10-12 03:15:00,83.32
2025-10-12 03:30:00,96.51
2025-10-12 03:45:00,96.51
2025-10-12 04:00:00,87.76
2025-10-12 04:15:00,89.42
2025-10-12 04:30:00,92.53
2025-10-12 04:45:00,90.8
2025-10-12 05:00:00,100.63
2025-10-12 05:15:00,86.37
2025-10-12 05:30:00,87.81
2025-10-12 05:45:00,86.36
2025-10-12 06:00:00,104.15
2025-10-12 06:15:00,88.75
2025-10-12 06:30:00,86.74
2025-10-12 06:45:00,76.87
2025-10-12 07:00:00,105.21
2025-10-12 07:15:00,89.62
2025-10-12 07:30:00,72.91
2025-10-12 07:45:00,81.42
2025-10-12 08:00:00,97.04
2025-10-12 08:15:00,86.0
2025-10-12 08:30:00,69.66
2025-10-12 08:45:00,70.06
2025-10-12 09:00:00,73.44
2025-10-12 09:15:00,70.3
2025-10-12 09:30:00,70.2
2025-10-12 09:45:00,70.6
2025-10-12 10:00:00,60.81
2025-10-12 10:15:00,51.42
2025-10-12 10:30:00,26.98
2025-10-12 10:45:00,18.47
2025-10-12 11:00:00,48.92
2025-10-12 11:15:00,47.42
2025-10-12 11:30:00,45.09
2025-10-12 11:45:00,48.33
2025-10-12 12:00:00,62.13
2025-10-12 12:15:00,64.47
2025-10-12 12:30:00,73.93
2025-10-12 12:45:00,82.48
2025-10-12 13:00:00,81.45
2025-10-12 13:15:00,83.54
2025-10-12 13:30:00,97.86
2025-10-12 13:45:00,105.8
2025-10-12 14:00:00,84.06
2025-10-12 14:15:00,96.51
2025-10-12 14:30:00,106.55
2025-10-12 14:45:00,116.29
2025-10-12 15:00:00,97.4
2025-10-12 15:15:00,114.61
2025-10-12 15:30:00,134.34
2025-10-12 15:45:00,151.23
2025-10-12 16:00:00,118.96
2025-10-12 16:15:00,123.83
2025-10-12 16:30:00,132.99
2025-10-12 16:45:00,156.43
2025-10-12 17:00:00,137.44
2025-10-12 17:15:00,134.63
2025-10-12 17:30:00,141.76
2025-10-12 17:45:00,132.78
2025-10-12 18:00:00,137.33
2025-10-12 18:15:00,137.68
2025-10-12 18:30:00,131.55
2025-10-12 18:45:00,125.57
2025-10-12 19:00:00,128.57
2025-10-12 19:15:00,127.5
2025-10-12 19:30:00,108.48
2025-10-12 19:45:00,103.66
2025-10-12 20:00:00,125.4
2025-10-12 20:15:00,116.62
2025-10-12 20:30:00,104.14
2025-10-12 20:45:00,97.4
2025-10-12 21:00:00,104.06
2025-10-12 21:15:00,96.09
2025-10-12 21:30:00,93.6
2025-10-12 21:45:00,86.73
2025-10-12 22:00:00,106.95
2025-10-12 22:15:00,95.55
2025-10-12 22:30:00,94.95
2025-10-12 22:45:00,95.4
2025-10-12 23:00:00,93.34
2025-10-12 23:15:00,91.68
2025-10-12 23:30:00,95.4
2025-10-12 23:45:00,95.4
2025-10-13 00:00:00,95.4
2025-10-13 00:15:00,95.4
2025-10-13 00:30:00,93.68
2025-10-13 00:45:00,95.4
2025-10-13 01:00:00,95.4
2025-10-13 01:15:00,95.4
2025-10-13 01:30:00,96.11
2025-10-13 01:45:00,101.9
2025-10-13 02:00:00,102.04
2025-10-13 02:15:00,99.25
2025-10-13 02:30:00,102.09
2025-10-13 02:45:00,107.96
2025-10-13 03:00:00,98.96
2025-10-13 03:15:00,104.06
2025-10-13 03:30:00,103.91
2025-10-13 03:45:00,122.24
2025-10-13 04:00:00,101.89
2025-10-13 04:15:00,131.08
2025-10-13 04:30:00,158.26
2025-10-13 04:45:00,186.73
2025-10-13 05:00:00,180.6
2025-10-13 05:15:00,218.3
2025-10-13 05:30:00,238.56
2025-10-13 05:45:00,234.98
2025-10-13 06:00:00,239.02
2025-10-13 06:15:00,217.01
2025-10-13 06:30:00,171.98
2025-10-13 06:45:00,135.7
2025-10-13 07:00:00,191.42
2025-10-13 07:15:00,147.3
2025-10-13 07:30:00,132.69
2025-10-13 07:45:00,106.06
2025-10-13 08:00:00,145.51
2025-10-13 08:15:00,136.54
2025-10-13 08:30:00,122.0
2025-10-13 08:45:00,111.16
2025-10-13 09:00:00,134.53
2025-10-13 09:15:00,115.0
2025-10-13 09:30:00,106.53
2025-10-13 09:45:00,101.1
2025-10-13 10:00:00,106.52
2025-10-13 10:15:00,98.24
2025-10-13 10:30:00,94.41
2025-10-13 10:45:00,90.09
2025-10-13 11:00:00,97.88
2025-10-13 11:15:00,95.08
2025-10-13 11:30:00,92.75
2025-10-13 11:45:00,89.35
2025-10-13 12:00:00,85.52
2025-10-13 12:15:00,91.91
2025-10-13 12:30:00,104.39
2025-10-13 12:45:00,110.65
2025-10-13 13:00:00,95.99
2025-10-13 13:15:00,101.6
2025-10-13 13:30:00,113.42
2025-10-13 13:45:00,128.86
2025-10-13 14:00:00,112.95
2025-10-13 14:15:00,135.7
2025-10-13 14:30:00,174.66
2025-10-13 14:45:00,210.26
2025-10-13 15:00:00,134.56
2025-10-13 15:15:00,161.36
2025-10-13 15:30:00,221.64
2025-10-13 15:45:00,290.95
2025-10-13 16:00:00,205.37
2025-10-13 16:15:00,265.17
2025-10-13 16:30:00,368.05
2025-10-13 16:45:00,394.33
2025-10-13 17:00:00,397.92
2025-10-13 17:15:00,355.0
2025-10-13 17:30:00,286.13
2025-10-13 17:45:00,221.21
2025-10-13 18:00:00,304.91
2025-10-13 18:15:00,250.83
2025-10-13 18:30:00,181.26
2025-10-13 18:45:00,148.89
2025-10-13 19:00:00,197.48
2025-10-13 19:15:00,168.36
2025-10-13 19:30:00,147.49
2025-10-13 19:45:00,135.7
2025-10-13 20:00:00,156.32
2025-10-13 20:15:00,138.28
2025-10-13 20:30:00,118.6
2025-10-13 20:45:00,111.14
2025-10-13 21:00:00,127.69
2025-10-13 21:15:00,121.0
2025-10-13 21:30:00,112.2
2025-10-13 21:45:00,107.09
2025-10-13 22:00:00,114.93
2025-10-13 22:15:00,116.53
2025-10-13 22:30:00,108.71
2025-10-13 22:45:00,103.84
2025-10-13 23:00:00,107.57
2025-10-13 23:15:00,105.83
2025-10-13 23:30:00,104.5
2025-10-13 23:45:00,102.99
2025-10-14 00:00:00,104.85
2025-10-14 00:15:00,101.94
2025-10-14 00:30:00,101.03
2025-10-14 00:45:00,99.8
2025-10-14 01:00:00,102.7
2025-10-14 01:15:00,102.56
2025-10-14 01:30:00,101.95
2025-10-14 01:45:00,103.86
2025-10-14 02:00:00,101.18
2025-10-14 02:15:00,103.42
2025-10-14 02:30:00,104.0
2025-10-14 02:45:00,110.39
2025-10-14 03:00:00,105.0
2025-10-14 03:15:00,112.53
2025-10-14 03:30:00,114.74
2025-10-14 03:45:00,129.95
2025-10-14 04:00:00,113.22
2025-10-14 04:15:00,139.0
2025-10-14 04:30:00,185.15
2025-10-14 04:45:00,218.64
2025-10-14 05:00:00,221.03
2025-10-14 05:15:00,232.56
2025-10-14 05:30:00,227.31
2025-10-14 05:45:00,186.65
2025-10-14 06:00:00,229.13
2025-10-14 06:15:00,222.33
2025-10-14 06:30:00,166.5
2025-10-14 06:45:00,140.17
2025-10-14 07:00:00,212.69
2025-10-14 07:15:00,152.06
2025-10-14 07:30:00,132.21
2025-10-14 07:45:00,121.85
2025-10-14 08:00:00,169.32
2025-10-14 08:15:00,129.26
2025-10-14 08:30:00,114.0
2025-10-14 08:45:00,106.55
2025-10-14 09:00:00,140.09
2025-10-14 09:15:00,126.0
2025-10-14 09:30:00,120.66
2025-10-14 09:45:00,111.26
2025-10-14 10:00:00,117.64
2025-10-14 10:15:00,116.28
2025-10-14 10:30:00,111.83
2025-10-14 10:45:00,104.17
2025-10-14 11:00:00,110.52
2025-10-14 11:15:00,108.78
2025-10-14 11:30:00,111.03
2025-10-14 11:45:00,110.0
2025-10-14 12:00:00,98.76
2025-10-14 12:15:00,114.18
2025-10-14 12:30:00,125.7
2025-10-14 12:45:00,143.08
2025-10-14 13:00:00,113.54
2025-10-14 13:15:00,121.93
2025-10-14 13:30:00,137.19
2025-10-14 13:45:00,172.63
2025-10-14 14:00:00,109.96
2025-10-14 14:15:00,125.63
2025-10-14 14:30:00,184.69
2025-10-14 14:45:00,305.67
2025-10-14 15:00:00,125.41
2025-10-14 15:15:00,186.3
2025-10-14 15:30:00,274.68
2025-10-14 15:45:00,372.94
2025-10-14 16:00:00,281.89
2025-10-14 16:15:00,342.21
2025-10-14 16:30:00,456.97
2025-10-14 16:45:00,508.38
2025-10-14 17:00:00,493.94
2025-10-14 17:15:00,448.63
2025-10-14 17:30:00,388.65
2025-10-14 17:45:00,316.23
2025-10-14 18:00:00,340.24
2025-10-14 18:15:00,260.0
2025-10-14 18:30:00,196.85
2025-10-14 18:45:00,150.97
2025-10-14 19:00:00,230.13
2025-10-14 19:15:00,186.83
2025-10-14 19:30:00,171.6
2025-10-14 19:45:00,146.88
2025-10-14 20:00:00,160.44
2025-10-14 20:15:00,139.96
2025-10-14 20:30:00,126.31
2025-10-14 20:45:00,120.92
2025-10-14 21:00:00,133.17
2025-10-14 21:15:00,124.74
2025-10-14 21:30:00,115.12
2025-10-14 21:45:00,111.9
2025-10-14 22:00:00,129.09
2025-10-14 22:15:00,116.46
2025-10-14 22:30:00,120.24
2025-10-14 22:45:00,119.28
2025-10-14 23:00:00,123.27
2025-10-14 23:15:00,117.95
2025-10-14 23:30:00,114.32
2025-10-14 23:45:00,113.85
2025-10-15 00:00:00,113.96
2025-10-15 00:15:00,114.39
2025-10-15 00:30:00,111.45
2025-10-15 00:45:00,109.42
2025-10-15 01:00:00,110.07
2025-10-15 01:15:00,109.07
2025-10-15 01:30:00,108.65
2025-10-15 01:45:00,108.71
2025-10-15 02:00:00,108.8
2025-10-15 02:15:00,110.69
2025-10-15 02:30:00,113.45
2025-10-15 02:45:00,118.18
2025-10-15 03:00:00,114.29
2025-10-15 03:15:00,119.72
2025-10-15 03:30:00,124.59
2025-10-15 03:45:00,149.9
2025-10-15 04:00:00,113.42
2025-10-15 04:15:00,131.61
2025-10-15 04:30:00,208.85
2025-10-15 04:45:00,241.52
2025-10-15 05:00:00,287.41
2025-10-15 05:15:00,328.85
2025-10-15 05:30:00,314.74
2025-10-15 05:45:00,293.4
2025-10-15 06:00:00,337.3
2025-10-15 06:15:00,292.67
2025-10-15 06:30:00,244.16
2025-10-15 06:45:00,194.56
2025-10-15 07:00:00,242.61
2025-10-15 07:15:00,189.4
2025-10-15 07:30:00,139.76
2025-10-15 07:45:00,131.0
2025-10-15 08:00:00,170.01
2025-10-15 08:15:00,136.91
2025-10-15 08:30:00,128.48
2025-10-15 08:45:00,109.99
2025-10-15 09:00:00,153.97
2025-10-15 09:15:00,136.91
2025-10-15 09:30:00,122.33
2025-10-15 09:45:00,115.61
2025-10-15 10:00:00,135.07
2025-10-15 10:15:00,131.65
2025-10-15 10:30:00,122.62
2025-10-15 10:45:00,115.65
2025-10-15 11:00:00,125.03
2025-10-15 11:15:00,122.66
2025-10-15 11:30:00,118.63
2025-10-15 11:45:00,115.87
2025-10-15 12:00:00,114.12
2025-10-15 12:15:00,117.05
2025-10-15 12:30:00,130.55
2025-10-15 12:45:00,142.27
2025-10-15 13:00:00,115.36
2025-10-15 13:15:00,115.69
2025-10-15 13:30:00,137.3
2025-10-15 13:45:00,170.95
2025-10-15 14:00:00,115.35
2025-10-15 14:15:00,141.22
2025-10-15 14:30:00,203.16
2025-10-15 14:45:00,408.38
2025-10-15 15:00:00,124.55
2025-10-15 15:15:00,158.4
2025-10-15 15:30:00,228.05
2025-10-15 15:45:00,283.9
2025-10-15 16:00:00,168.67
2025-10-15 16:15:00,210.45
2025-10-15 16:30:00,287.19
2025-10-15 16:45:00,343.18
2025-10-15 17:00:00,315.38
2025-10-15 17:15:00,264.74
2025-10-15 17:30:00,222.59
2025-10-15 17:45:00,173.38
2025-10-15 18:00:00,255.56
2025-10-15 18:15:00,216.71
2025-10-15 18:30:00,159.24
2025-10-15 18:45:00,140.6
2025-10-15 19:00:00,195.41
2025-10-15 19:15:00,172.39
2025-10-15 19:30:00,155.36
2025-10-15 19:45:00,121.32
2025-10-15 20:00:00,126.69
2025-10-15 20:15:00,118.81
2025-10-15 20:30:00,113.86
2025-10-15 20:45:00,110.77
2025-10-15 21:00:00,113.21
2025-10-15 21:15:00,112.22
2025-10-15 21:30:00,104.58
2025-10-15 21:45:00,104.67
2025-10-15 22:00:00,112.49
2025-10-15 22:15:00,110.31
2025-10-15 22:30:00,102.65
2025-10-15 22:45:00,88.33
2025-10-15 23:00:00,106.14
2025-10-15 23:15:00,102.17
2025-10-15 23:30:00,101.09
2025-10-15 23:45:00,98.97
2025-10-16 00:00:00,96.59
2025-10-16 00:15:00,95.71
2025-10-16 00:30:00,95.97
2025-10-16 00:45:00,95.23
2025-10-16 01:00:00,97.72
2025-10-16 01:15:00,98.29
2025-10-16 01:30:00,99.06
2025-10-16 01:45:00,96.83
2025-10-16 02:00:00,98.45
2025-10-16 02:15:00,101.89
2025-10-16 02:30:00,100.75
2025-10-16 02:45:00,103.0
2025-10-16 03:00:00,93.75
2025-10-16 03:15:00,102.83
2025-10-16 03:30:00,109.19
2025-10-16 03:45:00,115.18
2025-10-16 04:00:00,110.69
2025-10-16 04:15:00,117.51
2025-10-16 04:30:00,145.38
2025-10-16 04:45:00,179.41
2025-10-16 05:00:00,151.7
2025-10-16 05:15:00,157.01
2025-10-16 05:30:00,150.99
2025-10-16 05:45:00,148.5
2025-10-16 06:00:00,168.39
2025-10-16 06:15:00,153.71
2025-10-16 06:30:00,133.04
2025-10-16 06:45:00,103.97
2025-10-16 07:00:00,147.5
2025-10-16 07:15:00,133.12
2025-10-16 07:30:00,106.38
2025-10-16 07:45:00,93.96
2025-10-16 08:00:00,121.32
2025-10-16 08:15:00,96.87
2025-10-16 08:30:00,89.4
2025-10-16 08:45:00,76.01
2025-10-16 09:00:00,111.92
2025-10-16 09:15:00,88.37
2025-10-16 09:30:00,94.47
2025-10-16 09:45:00,84.06
2025-10-16 10:00:00,97.73
2025-10-16 10:15:00,96.58
2025-10-16 10:30:00,87.2
2025-10-16 10:45:00,85.37
2025-10-16 11:00:00,87.76
2025-10-16 11:15:00,88.27
2025-10-16 11:30:00,92.65
2025-10-16 11:45:00,91.64
2025-10-16 12:00:00,79.04
2025-10-16 12:15:00,84.9
2025-10-16 12:30:00,93.71
2025-10-16 12:45:00,104.8
2025-10-16 13:00:00,77.3
2025-10-16 13:15:00,93.48
2025-10-16 13:30:00,114.71
2025-10-16 13:45:00,115.51
2025-10-16 14:00:00,114.0
2025-10-16 14:15:00,114.71
2025-10-16 14:30:00,128.2
2025-10-16 14:45:00,156.57
2025-10-16 15:00:00,125.93
2025-10-16 15:15:00,133.76
2025-10-16 15:30:00,152.0
2025-10-16 15:45:00,201.12
2025-10-16 16:00:00,133.76
2025-10-16 16:15:00,141.31
2025-10-16 16:30:00,167.56
2025-10-16 16:45:00,190.0
2025-10-16 17:00:00,162.67
2025-10-16 17:15:00,160.72
2025-10-16 17:30:00,162.67
2025-10-16 17:45:00,144.01
2025-10-16 18:00:00,164.71
2025-10-16 18:15:00,153.83
2025-10-16 18:30:00,139.66
2025-10-16 18:45:00,123.0
2025-10-16 19:00:00,139.45
2025-10-16 19:15:00,131.85
2025-10-16 19:30:00,114.71
2025-10-16 19:45:00,102.16
2025-10-16 20:00:00,128.17
2025-10-16 20:15:00,114.71
2025-10-16 20:30:00,114.0
2025-10-16 20:45:00,108.62
2025-10-16 21:00:00,113.19
2025-10-16 21:15:00,105.31
2025-10-16 21:30:00,95.07
2025-10-16 21:45:00,88.82
2025-10-16 22:00:00,99.63
2025-10-16 22:15:00,97.32
2025-10-16 22:30:00,95.81
2025-10-16 22:45:00,95.14
2025-10-16 23:00:00,98.87
2025-10-16 23:15:00,97.74
2025-10-16 23:30:00,95.85
2025-10-16 23:45:00,94.58
2025-10-17 00:00:00,96.4
2025-10-17 00:15:00,93.54
2025-10-17 00:30:00,96.0
2025-10-17 00:45:00,96.32
2025-10-17 01:00:00,93.41
2025-10-17 01:15:00,98.08
2025-10-17 01:30:00,93.86
2025-10-17 01:45:00,96.85
2025-10-17 02:00:00,89.69
2025-10-17 02:15:00,97.27
2025-10-17 02:30:00,97.21
2025-10-17 02:45:00,99.45
2025-10-17 03:00:00,92.29
2025-10-17 03:15:00,97.48
2025-10-17 03:30:00,107.08
2025-10-17 03:45:00,115.69
2025-10-17 04:00:00,109.1
2025-10-17 04:15:00,118.73
2025-10-17 04:30:00,130.32
2025-10-17 04:45:00,138.78
2025-10-17 05:00:00,129.0
2025-10-17 05:15:00,142.11
2025-10-17 05:30:00,145.49
2025-10-17 05:45:00,147.56
2025-10-17 06:00:00,165.67
2025-10-17 06:15:00,159.99
2025-10-17 06:30:00,140.81
2025-10-17 06:45:00,119.79
2025-10-17 07:00:00,161.02
2025-10-17 07:15:00,133.0
2025-10-17 07:30:00,120.0
2025-10-17 07:45:00,102.06
2025-10-17 08:00:00,132.48
2025-10-17 08:15:00,126.24
2025-10-17 08:30:00,115.8
2025-10-17 08:45:00,104.83
2025-10-17 09:00:00,117.75
2025-10-17 09:15:00,106.51
2025-10-17 09:30:00,93.31
2025-10-17 09:45:00,86.86
2025-10-17 10:00:00,98.44
2025-10-17 10:15:00,91.73
2025-10-17 10:30:00,90.53
2025-10-17 10:45:00,89.96
2025-10-17 11:00:00,92.36
2025-10-17 11:15:00,95.12
2025-10-17 11:30:00,96.93
2025-10-17 11:45:00,91.92
2025-10-17 12:00:00,88.99
2025-10-17 12:15:00,96.22
2025-10-17 12:30:00,102.34
2025-10-17 12:45:00,108.29
2025-10-17 13:00:00,99.44
2025-10-17 13:15:00,104.27
2025-10-17 13:30:00,111.84
2025-10-17 13:45:00,124.44
2025-10-17 14:00:00,110.0
2025-10-17 14:15:00,120.44
2025-10-17 14:30:00,141.95
2025-10-17 14:45:00,170.83
2025-10-17 15:00:00,113.42
2025-10-17 15:15:00,132.85
2025-10-17 15:30:00,147.49
2025-10-17 15:45:00,167.31
2025-10-17 16:00:00,135.82
2025-10-17 16:15:00,150.57
2025-10-17 16:30:00,163.29
2025-10-17 16:45:00,186.34
2025-10-17 17:00:00,163.61
2025-10-17 17:15:00,159.72
2025-10-17 17:30:00,149.32
2025-10-17 17:45:00,142.45
2025-10-17 18:00:00,146.1
2025-10-17 18:15:00,139.01
2025-10-17 18:30:00,133.78
2025-10-17 18:45:00,128.59
2025-10-17 19:00:00,138.61
2025-10-17 19:15:00,130.32
2025-10-17 19:30:00,119.81
2025-10-17 19:45:00,113.56
2025-10-17 20:00:00,125.83
2025-10-17 20:15:00,120.46
2025-10-17 20:30:00,112.42
2025-10-17 20:45:00,107.54
2025-10-17 21:00:00,115.11
2025-10-17 21:15:00,106.94
2025-10-17 21:30:00,98.94
2025-10-17 21:45:00,87.13
2025-10-17 22:00:00,112.98
2025-10-17 22:15:00,118.86
2025-10-17 22:30:00,116.38
2025-10-17 22:45:00,108.82
2025-10-17 23:00:00,112.28
2025-10-17 23:15:00,110.04
2025-10-17 23:30:00,100.13
2025-10-17 23:45:00,98.34
2025-10-18 00:00:00,107.73
2025-10-18 00:15:00,102.35
2025-10-18 00:30:00,98.09
2025-10-18 00:45:00,96.18
2025-10-18 01:00:00,97.81
2025-10-18 01:15:00,97.93
2025-10-18 01:30:00,98.46
2025-10-18 01:45:00,94.83
2025-10-18 02:00:00,91.82
2025-10-18 02:15:00,93.01
2025-10-18 02:30:00,97.1
2025-10-18 02:45:00,99.38
2025-10-18 03:00:00,89.68
2025-10-18 03:15:00,96.3
2025-10-18 03:30:00,102.09
2025-10-18 03:45:00,111.38
2025-10-18 04:00:00,95.79
2025-10-18 04:15:00,111.88
2025-10-18 04:30:00,125.76
2025-10-18 04:45:00,126.65
2025-10-18 05:00:00,128.44
2025-10-18 05:15:00,131.66
2025-10-18 05:30:00,131.98
2025-10-18 05:45:00,130.98
2025-10-18 06:00:00,139.22
2025-10-18 06:15:00,131.98
2025-10-18 06:30:00,128.44
2025-10-18 06:45:00,105.14
2025-10-18 07:00:00,131.23
2025-10-18 07:15:00,121.76
2025-10-18 07:30:00,92.87
2025-10-18 07:45:00,76.12
2025-10-18 08:00:00,122.02
2025-10-18 08:15:00,92.89
2025-10-18 08:30:00,87.57
2025-10-18 08:45:00,80.32
2025-10-18 09:00:00,93.56
2025-10-18 09:15:00,92.63
2025-10-18 09:30:00,89.77
2025-10-18 09:45:00,81.87
2025-10-18 10:00:00,84.87
2025-10-18 10:15:00,86.75
2025-10-18 10:30:00,79.48
2025-10-18 10:45:00,76.47
2025-10-18 11:00:00,83.3
2025-10-18 11:15:00,83.95
2025-10-18 11:30:00,75.0
2025-10-18 11:45:00,78.77
2025-10-18 12:00:00,79.39
2025-10-18 12:15:00,83.48
2025-10-18 12:30:00,84.61
2025-10-18 12:45:00,91.4
2025-10-18 13:00:00,80.79
2025-10-18 13:15:00,90.63
2025-10-18 13:30:00,96.29
2025-10-18 13:45:00,104.81
2025-10-18 14:00:00,83.63
2025-10-18 14:15:00,96.6
2025-10-18 14:30:00,131.72
2025-10-18 14:45:00,161.75
2025-10-18 15:00:00,111.77
2025-10-18 15:15:00,133.65
2025-10-18 15:30:00,142.63
2025-10-18 15:45:00,172.75
2025-10-18 16:00:00,134.68
2025-10-18 16:15:00,142.77
2025-10-18 16:30:00,154.02
2025-10-18 16:45:00,156.78
2025-10-18 17:00:00,153.38
2025-10-18 17:15:00,145.38
2025-10-18 17:30:00,141.78
2025-10-18 17:45:00,138.81
2025-10-18 18:00:00,140.72
2025-10-18 18:15:00,136.72
2025-10-18 18:30:00,130.98
2025-10-18 18:45:00,110.9
2025-10-18 19:00:00,128.44
2025-10-18 19:15:00,117.18
2025-10-18 19:30:00,102.21
2025-10-18 19:45:00,96.06
2025-10-18 20:00:00,118.65
2025-10-18 20:15:00,113.27
2025-10-18 20:30:00,103.35
2025-10-18 20:45:00,93.28
2025-10-18 21:00:00,108.03
2025-10-18 21:15:00,96.35
2025-10-18 21:30:00,89.31
2025-10-18 21:45:00,85.89
2025-10-18 22:00:00,103.98
2025-10-18 22:15:00,92.0
2025-10-18 22:30:00,88.22
2025-10-18 22:45:00,88.66
2025-10-18 23:00:00,97.69
2025-10-18 23:15:00,91.04
2025-10-18 23:30:00,91.77
2025-10-18 23:45:00,89.67
2025-10-19 00:00:00,94.79
2025-10-19 00:15:00,93.47
2025-10-19 00:30:00,90.76
2025-10-19 00:45:00,86.36
2025-10-19 01:00:00,94.1
2025-10-19 01:15:00,92.78
2025-10-19 01:30:00,90.56
2025-10-19 01:45:00,89.62
2025-10-19 02:00:00,90.99
2025-10-19 02:15:00,93.42
2025-10-19 02:30:00,95.0
2025-10-19 02:45:00,92.16
2025-10-19 03:00:00,91.27
2025-10-19 03:15:00,90.53
2025-10-19 03:30:00,95.44
2025-10-19 03:45:00,95.44
2025-10-19 04:00:00,93.83
2025-10-19 04:15:00,97.01
2025-10-19 04:30:00,103.47
2025-10-19 04:45:00,111.89
2025-10-19 05:00:00,108.91
2025-10-19 05:15:00,116.64
2025-10-19 05:30:00,115.21
2025-10-19 05:45:00,102.99
2025-10-19 06:00:00,120.0
2025-10-19 06:15:00,111.5
2025-10-19 06:30:00,89.87
2025-10-19 06:45:00,77.28
2025-10-19 07:00:00,105.28
2025-10-19 07:15:00,88.86
2025-10-19 07:30:00,79.73
2025-10-19 07:45:00,66.14
2025-10-19 08:00:00,88.75
2025-10-19 08:15:00,78.18
2025-10-19 08:30:00,73.91
2025-10-19 08:45:00,66.0
2025-10-19 09:00:00,81.89
2025-10-19 09:15:00,73.42
2025-10-19 09:30:00,64.15
2025-10-19 09:45:00,43.8
2025-10-19 10:00:00,57.51
2025-10-19 10:15:00,40.47
2025-10-19 10:30:00,28.0
2025-10-19 10:45:00,15.86
2025-10-19 11:00:00,24.08
2025-10-19 11:15:00,22.51
2025-10-19 11:30:00,21.62
2025-10-19 11:45:00,16.76
2025-10-19 12:00:00,12.24
2025-10-19 12:15:00,23.98
2025-10-19 12:30:00,48.57
2025-10-19 12:45:00,70.69
2025-10-19 13:00:00,43.76
2025-10-19 13:15:00,76.71
2025-10-19 13:30:00,82.52
2025-10-19 13:45:00,96.01
2025-10-19 14:00:00,64.49
2025-10-19 14:15:00,88.31
2025-10-19 14:30:00,110.7
2025-10-19 14:45:00,149.46
2025-10-19 15:00:00,102.29
2025-10-19 15:15:00,128.01
2025-10-19 15:30:00,152.19
2025-10-19 15:45:00,168.53
2025-10-19 16:00:00,137.47
2025-10-19 16:15:00,151.06
2025-10-19 16:30:00,151.89
2025-10-19 16:45:00,153.42
2025-10-19 17:00:00,148.21
2025-10-19 17:15:00,145.4
2025-10-19 17:30:00,138.16
2025-10-19 17:45:00,131.98
2025-10-19 18:00:00,140.92
2025-10-19 18:15:00,140.0
2025-10-19 18:30:00,126.65
2025-10-19 18:45:00,120.45
2025-10-19 19:00:00,131.98
2025-10-19 19:15:00,127.36
2025-10-19 19:30:00,101.99
2025-10-19 19:45:00,92.43
2025-10-19 20:00:00,127.33
2025-10-19 20:15:00,121.0
2025-10-19 20:30:00,101.98
2025-10-19 20:45:00,74.5
2025-10-19 21:00:00,110.48
2025-10-19 21:15:00,96.94
2025-10-19 21:30:00,88.58
2025-10-19 21:45:00,66.42
2025-10-19 22:00:00,98.27
2025-10-19 22:15:00,90.97
2025-10-19 22:30:00,84.61
2025-10-19 22:45:00,72.44
2025-10-19 23:00:00,87.99
2025-10-19 23:15:00,83.82
2025-10-19 23:30:00,77.41
2025-10-19 23:45:00,82.91
2025-10-20 00:00:00,84.1
2025-10-20 00:15:00,83.15
2025-10-20 00:30:00,82.56
2025-10-20 00:45:00,76.26
2025-10-20 01:00:00,83.51
2025-10-20 01:15:00,81.55
2025-10-20 01:30:00,79.38
2025-10-20 01:45:00,81.52
2025-10-20 02:00:00,75.76
2025-10-20 02:15:00,87.01
2025-10-20 02:30:00,88.52
2025-10-20 02:45:00,94.57
2025-10-20 03:00:00,84.73
2025-10-20 03:15:00,100.14
2025-10-20 03:30:00,111.67
2025-10-20 03:45:00,133.04
2025-10-20 04:00:00,114.74
2025-10-20 04:15:00,145.79
2025-10-20 04:30:00,161.46
2025-10-20 04:45:00,192.8
2025-10-20 05:00:00,189.22
2025-10-20 05:15:00,202.36
2025-10-20 05:30:00,198.0
2025-10-20 05:45:00,179.46
2025-10-20 06:00:00,165.7
2025-10-20 06:15:00,146.01
2025-10-20 06:30:00,129.25
2025-10-20 06:45:00,101.83
2025-10-20 07:00:00,138.57
2025-10-20 07:15:00,123.44
2025-10-20 07:30:00,104.02
2025-10-20 07:45:00,83.95
2025-10-20 08:00:00,106.54
2025-10-20 08:15:00,86.88
2025-10-20 08:30:00,87.11
2025-10-20 08:45:00,80.82
2025-10-20 09:00:00,88.39
2025-10-20 09:15:00,82.12
2025-10-20 09:30:00,80.86
2025-10-20 09:45:00,81.2
2025-10-20 10:00:00,81.07
2025-10-20 10:15:00,81.47
2025-10-20 10:30:00,81.71
2025-10-20 10:45:00,79.43
2025-10-20 11:00:00,87.12
2025-10-20 11:15:00,86.79
2025-10-20 11:30:00,86.62
2025-10-20 11:45:00,85.48
2025-10-20 12:00:00,81.52
2025-10-20 12:15:00,85.85
2025-10-20 12:30:00,90.05
2025-10-20 12:45:00,103.36
2025-10-20 13:00:00,83.85
2025-10-20 13:15:00,95.76
2025-10-20 13:30:00,124.24
2025-10-20 13:45:00,136.11
2025-10-20 14:00:00,96.69
2025-10-20 14:15:00,131.63
2025-10-20 14:30:00,161.53
2025-10-20 14:45:00,185.15
2025-10-20 15:00:00,136.11
2025-10-20 15:15:00,167.02
2025-10-20 15:30:00,182.75
2025-10-20 15:45:00,194.14
2025-10-20 16:00:00,184.05
2025-10-20 16:15:00,192.95
2025-10-20 16:30:00,216.09
2025-10-20 16:45:00,216.81
2025-10-20 17:00:00,200.47
2025-10-20 17:15:00,194.23
2025-10-20 17:30:00,187.01
2025-10-20 17:45:00,174.3
2025-10-20 18:00:00,185.19
2025-10-20 18:15:00,175.92
2025-10-20 18:30:00,155.86
2025-10-20 18:45:00,141.14
2025-10-20 19:00:00,158.71
2025-10-20 19:15:00,144.77
2025-10-20 19:30:00,128.28
2025-10-20 19:45:00,120.0
2025-10-20 20:00:00,131.42
2025-10-20 20:15:00,124.0
2025-10-20 20:30:00,110.09
2025-10-20 20:45:00,99.5
2025-10-20 21:00:00,113.87
2025-10-20 21:15:00,103.32
2025-10-20 21:30:00,96.59
2025-10-20 21:45:00,88.8
2025-10-20 22:00:00,106.27
2025-10-20 22:15:00,100.65
2025-10-20 22:30:00,90.56
2025-10-20 22:45:00,84.71
2025-10-20 23:00:00,79.74
2025-10-20 23:15:00,85.51
2025-10-20 23:30:00,77.72
2025-10-20 23:45:00,70.94
2025-10-21 00:00:00,84.55
2025-10-21 00:15:00,79.77
2025-10-21 00:30:00,80.85
2025-10-21 00:45:00,77.16
2025-10-21 01:00:00,81.24
2025-10-21 01:15:00,79.74
2025-10-21 01:30:00,78.59
2025-10-21 01:45:00,76.19
2025-10-21 02:00:00,77.81
2025-10-21 02:15:00,78.77
2025-10-21 02:30:00,84.84
2025-10-21 02:45:00,96.95
2025-10-21 03:00:00,81.48
2025-10-21 03:15:00,100.15
2025-10-21 03:30:00,111.08
2025-10-21 03:45:00,127.06
2025-10-21 04:00:00,100.66
2025-10-21 04:15:00,142.74
2025-10-21 04:30:00,167.04
2025-10-21 04:45:00,199.59
2025-10-21 05:00:00,253.49
2025-10-21 05:15:00,294.07
2025-10-21 05:30:00,247.36
2025-10-21 05:45:00,212.04
2025-10-21 06:00:00,251.79
2025-10-21 06:15:00,247.17
2025-10-21 06:30:00,233.19
2025-10-21 06:45:00,218.09
2025-10-21 07:00:00,156.16
2025-10-21 07:15:00,150.0
2025-10-21 07:30:00,145.0
2025-10-21 07:45:00,139.0
2025-10-21 08:00:00,141.95
2025-10-21 08:15:00,126.89
2025-10-21 08:30:00,121.5
2025-10-21 08:45:00,115.31
2025-10-21 09:00:00,117.24
2025-10-21 09:15:00,116.57
2025-10-21 09:30:00,114.74
2025-10-21 09:45:00,105.97
2025-10-21 10:00:00,112.81
2025-10-21 10:15:00,105.73
2025-10-21 10:30:00,104.76
2025-10-21 10:45:00,99.7
2025-10-21 11:00:00,103.29
2025-10-21 11:15:00,102.47
2025-10-21 11:30:00,93.03
2025-10-21 11:45:00,92.02
2025-10-21 12:00:00,89.02
2025-10-21 12:15:00,101.28
2025-10-21 12:30:00,103.72
2025-10-21 12:45:00,113.1
2025-10-21 13:00:00,101.38
2025-10-21 13:15:00,116.66
2025-10-21 13:30:00,137.68
2025-10-21 13:45:00,140.73
2025-10-21 14:00:00,138.76
2025-10-21 14:15:00,139.0
2025-10-21 14:30:00,148.01
2025-10-21 14:45:00,162.49
2025-10-21 15:00:00,137.68
2025-10-21 15:15:00,145.0
2025-10-21 15:30:00,163.69
2025-10-21 15:45:00,189.69
2025-10-21 16:00:00,157.2
2025-10-21 16:15:00,181.97
2025-10-21 16:30:00,166.27
2025-10-21 16:45:00,174.78
2025-10-21 17:00:00,168.4
2025-10-21 17:15:00,162.35
2025-10-21 17:30:00,153.5
2025-10-21 17:45:00,144.07
2025-10-21 18:00:00,143.03
2025-10-21 18:15:00,138.76
2025-10-21 18:30:00,135.42
2025-10-21 18:45:00,121.67
2025-10-21 19:00:00,139.81
2025-10-21 19:15:00,136.11
2025-10-21 19:30:00,114.79
2025-10-21 19:45:00,98.89
2025-10-21 20:00:00,131.21
2025-10-21 20:15:00,121.82
2025-10-21 20:30:00,106.66
2025-10-21 20:45:00,92.64
2025-10-21 21:00:00,113.32
2025-10-21 21:15:00,94.69
2025-10-21 21:30:00,85.83
2025-10-21 21:45:00,81.02
2025-10-21 22:00:00,108.22
2025-10-21 22:15:00,102.37
2025-10-21 22:30:00,92.0
2025-10-21 22:45:00,91.34
2025-10-21 23:00:00,103.62
2025-10-21 23:15:00,100.44
2025-10-21 23:30:00,96.99
2025-10-21 23:45:00,92.26
2025-10-22 00:00:00,101.99
2025-10-22 00:15:00,100.82
2025-10-22 00:30:00,98.72
2025-10-22 00:45:00,96.28
2025-10-22 01:00:00,97.07
2025-10-22 01:15:00,99.27
2025-10-22 01:30:00,99.84
2025-10-22 01:45:00,96.34
2025-10-22 02:00:00,92.79
2025-10-22 02:15:00,95.76
2025-10-22 02:30:00,100.6
2025-10-22 02:45:00,101.21
2025-10-22 03:00:00,91.32
2025-10-22 03:15:00,99.5
2025-10-22 03:30:00,103.07
2025-10-22 03:45:00,123.8
2025-10-22 04:00:00,103.65
2025-10-22 04:15:00,138.24
2025-10-22 04:30:00,172.29
2025-10-22 04:45:00,183.76
2025-10-22 05:00:00,144.73
2025-10-22 05:15:00,160.81
2025-10-22 05:30:00,161.78
2025-10-22 05:45:00,155.0
2025-10-22 06:00:00,163.43
2025-10-22 06:15:00,159.06
2025-10-22 06:30:00,147.42
2025-10-22 06:45:00,112.8
2025-10-22 07:00:00,148.0
2025-10-22 07:15:00,140.42
2025-10-22 07:30:00,115.64
2025-10-22 07:45:00,106.12
2025-10-22 08:00:00,130.54
2025-10-22 08:15:00,111.5
2025-10-22 08:30:00,101.85
2025-10-22 08:45:00,94.09
2025-10-22 09:00:00,104.42
2025-10-22 09:15:00,101.47
2025-10-22 09:30:00,97.06
2025-10-22 09:45:00,87.48
2025-10-22 10:00:00,102.07
2025-10-22 10:15:00,89.45
2025-10-22 10:30:00,91.92
2025-10-22 10:45:00,96.31
2025-10-22 11:00:00,99.37
2025-10-22 11:15:00,96.94
2025-10-22 11:30:00,89.62
2025-10-22 11:45:00,90.57
2025-10-22 12:00:00,84.28
2025-10-22 12:15:00,103.34
2025-10-22 12:30:00,115.04
2025-10-22 12:45:00,121.88
2025-10-22 13:00:00,97.1
2025-10-22 13:15:00,112.55
2025-10-22 13:30:00,131.14
2025-10-22 13:45:00,142.8
2025-10-22 14:00:00,95.58
2025-10-22 14:15:00,130.27
2025-10-22 14:30:00,147.9
2025-10-22 14:45:00,207.6
2025-10-22 15:00:00,134.27
2025-10-22 15:15:00,160.0
2025-10-22 15:30:00,216.99
2025-10-22 15:45:00,269.5
2025-10-22 16:00:00,206.5
2025-10-22 16:15:00,249.56
2025-10-22 16:30:00,307.99
2025-10-22 16:45:00,316.79
2025-10-22 17:00:00,302.46
2025-10-22 17:15:00,279.1
2025-10-22 17:30:00,241.04
2025-10-22 17:45:00,208.83
2025-10-22 18:00:00,251.0
2025-10-22 18:15:00,189.12
2025-10-22 18:30:00,146.88
2025-10-22 18:45:00,133.28
2025-10-22 19:00:00,188.87
2025-10-22 19:15:00,148.83
2025-10-22 19:30:00,125.66
2025-10-22 19:45:00,110.2
2025-10-22 20:00:00,153.12
2025-10-22 20:15:00,137.86
2025-10-22 20:30:00,122.69
2025-10-22 20:45:00,115.57
2025-10-22 21:00:00,123.12
2025-10-22 21:15:00,121.21
2025-10-22 21:30:00,117.01
2025-10-22 21:45:00,109.02
2025-10-22 22:00:00,120.77
2025-10-22 22:15:00,113.83
2025-10-22 22:30:00,106.56
2025-10-22 22:45:00,103.6
2025-10-22 23:00:00,118.49
2025-10-22 23:15:00,116.15
2025-10-22 23:30:00,105.84
2025-10-22 23:45:00,101.5
2025-10-23 00:00:00,109.72
2025-10-23 00:15:00,103.89
2025-10-23 00:30:00,99.3
2025-10-23 00:45:00,96.0
2025-10-23 01:00:00,104.5
2025-10-23 01:15:00,97.72
2025-10-23 01:30:00,93.03
2025-10-23 01:45:00,92.13
2025-10-23 02:00:00,94.88
2025-10-23 02:15:00,94.13
2025-10-23 02:30:00,93.91
2025-10-23 02:45:00,101.21
2025-10-23 03:00:00,103.0
2025-10-23 03:15:00,104.12
2025-10-23 03:30:00,122.61
2025-10-23 03:45:00,151.64
2025-10-23 04:00:00,118.46
2025-10-23 04:15:00,126.39
2025-10-23 04:30:00,134.39
2025-10-23 04:45:00,145.09
2025-10-23 05:00:00,128.79
2025-10-23 05:15:00,149.35
2025-10-23 05:30:00,133.78
2025-10-23 05:45:00,134.0
2025-10-23 06:00:00,147.9
2025-10-23 06:15:00,145.0
2025-10-23 06:30:00,127.28
2025-10-23 06:45:00,116.28
2025-10-23 07:00:00,148.44
2025-10-23 07:15:00,137.05
2025-10-23 07:30:00,123.61
2025-10-23 07:45:00,104.05
2025-10-23 08:00:00,125.33
2025-10-23 08:15:00,93.36
2025-10-23 08:30:00,80.78
2025-10-23 08:45:00,73.89
2025-10-23 09:00:00,107.06
2025-10-23 09:15:00,77.76
2025-10-23 09:30:00,75.36
2025-10-23 09:45:00,73.85
2025-10-23 10:00:00,75.33
2025-10-23 10:15:00,73.51
2025-10-23 10:30:00,72.74
2025-10-23 10:45:00,70.77
2025-10-23 11:00:00,73.68
2025-10-23 11:15:00,71.52
2025-10-23 11:30:00,71.04
2025-10-23 11:45:00,70.34
2025-10-23 12:00:00,65.88
2025-10-23 12:15:00,70.63
2025-10-23 12:30:00,105.54
2025-10-23 12:45:00,114.92
2025-10-23 13:00:00,72.41
2025-10-23 13:15:00,113.73
2025-10-23 13:30:00,119.55
2025-10-23 13:45:00,129.0
2025-10-23 14:00:00,110.81
2025-10-23 14:15:00,122.25
2025-10-23 14:30:00,131.14
2025-10-23 14:45:00,163.03
2025-10-23 15:00:00,114.98
2025-10-23 15:15:00,122.63
2025-10-23 15:30:00,129.32
2025-10-23 15:45:00,153.95
2025-10-23 16:00:00,123.84
2025-10-23 16:15:00,138.52
2025-10-23 16:30:00,142.06
2025-10-23 16:45:00,139.33
2025-10-23 17:00:00,138.93
2025-10-23 17:15:00,129.79
2025-10-23 17:30:00,124.49
2025-10-23 17:45:00,122.63
2025-10-23 18:00:00,148.92
2025-10-23 18:15:00,127.51
2025-10-23 18:30:00,116.68
2025-10-23 18:45:00,106.9
2025-10-23 19:00:00,134.35
2025-10-23 19:15:00,124.49
2025-10-23 19:30:00,110.0
2025-10-23 19:45:00,99.43
2025-10-23 20:00:00,118.61
2025-10-23 20:15:00,106.16
2025-10-23 20:30:00,85.03
2025-10-23 20:45:00,75.43
2025-10-23 21:00:00,93.21
2025-10-23 21:15:00,86.27
2025-10-23 21:30:00,83.21
2025-10-23 21:45:00,73.17
2025-10-23 22:00:00,81.63
2025-10-23 22:15:00,70.15
2025-10-23 22:30:00,65.94
2025-10-23 22:45:00,53.15
2025-10-23 23:00:00,67.34
2025-10-23 23:15:00,62.67
2025-10-23 23:30:00,50.7
2025-10-23 23:45:00,38.26
2025-10-24 00:00:00,57.01
2025-10-24 00:15:00,55.26
2025-10-24 00:30:00,38.39
2025-10-24 00:45:00,32.35
2025-10-24 01:00:00,64.69
2025-10-24 01:15:00,62.7
2025-10-24 01:30:00,37.2
2025-10-24 01:45:00,37.2
2025-10-24 02:00:00,36.17
2025-10-24 02:15:00,58.27
2025-10-24 02:30:00,66.22
2025-10-24 02:45:00,66.85
2025-10-24 03:00:00,39.09
2025-10-24 03:15:00,69.04
2025-10-24 03:30:00,84.17
2025-10-24 03:45:00,97.25
2025-10-24 04:00:00,81.38
2025-10-24 04:15:00,97.83
2025-10-24 04:30:00,112.52
2025-10-24 04:45:00,124.79
2025-10-24 05:00:00,122.85
2025-10-24 05:15:00,134.47
2025-10-24 05:30:00,137.16
2025-10-24 05:45:00,138.14
2025-10-24 06:00:00,146.81
2025-10-24 06:15:00,145.0
2025-10-24 06:30:00,138.14
2025-10-24 06:45:00,135.36
2025-10-24 07:00:00,148.36
2025-10-24 07:15:00,138.14
2025-10-24 07:30:00,134.47
2025-10-24 07:45:00,98.75
2025-10-24 08:00:00,133.0
2025-10-24 08:15:00,115.7
2025-10-24 08:30:00,85.58
2025-10-24 08:45:00,68.75
2025-10-24 09:00:00,101.73
2025-10-24 09:15:00,93.1
2025-10-24 09:30:00,93.0
2025-10-24 09:45:00,85.58
2025-10-24 10:00:00,89.0
2025-10-24 10:15:00,80.6
2025-10-24 10:30:00,80.0
2025-10-24 10:45:00,75.95
2025-10-24 11:00:00,75.0
2025-10-24 11:15:00,73.0
2025-10-24 11:30:00,57.87
2025-10-24 11:45:00,56.26
2025-10-24 12:00:00,63.64
2025-10-24 12:15:00,65.8
2025-10-24 12:30:00,69.97
2025-10-24 12:45:00,85.4
2025-10-24 13:00:00,69.43
2025-10-24 13:15:00,76.33
2025-10-24 13:30:00,88.0
2025-10-24 13:45:00,96.49
2025-10-24 14:00:00,48.29
2025-10-24 14:15:00,84.93
2025-10-24 14:30:00,108.87
2025-10-24 14:45:00,137.06
2025-10-24 15:00:00,76.98
2025-10-24 15:15:00,105.32
2025-10-24 15:30:00,133.48
2025-10-24 15:45:00,137.1
2025-10-24 16:00:00,109.39
2025-10-24 16:15:00,130.55
2025-10-24 16:30:00,134.69
2025-10-24 16:45:00,141.35
2025-10-24 17:00:00,138.14
2025-10-24 17:15:00,140.81
2025-10-24 17:30:00,130.89
2025-10-24 17:45:00,116.78
2025-10-24 18:00:00,139.5
2025-10-24 18:15:00,126.06
2025-10-24 18:30:00,106.92
2025-10-24 18:45:00,97.97
2025-10-24 19:00:00,125.51
2025-10-24 19:15:00,109.96
2025-10-24 19:30:00,96.07
2025-10-24 19:45:00,62.43
2025-10-24 20:00:00,108.25
2025-10-24 20:15:00,102.86
2025-10-24 20:30:00,89.67
2025-10-24 20:45:00,78.43
2025-10-24 21:00:00,90.66
2025-10-24 21:15:00,74.27
2025-10-24 21:30:00,79.91
2025-10-24 21:45:00,63.83
2025-10-24 22:00:00,80.46
2025-10-24 22:15:00,78.88
2025-10-24 22:30:00,71.89
2025-10-24 22:45:00,66.72
2025-10-24 23:00:00,75.17
2025-10-24 23:15:00,73.12
2025-10-24 23:30:00,69.61
2025-10-24 23:45:00,69.57
2025-10-25 00:00:00,72.28
2025-10-25 00:15:00,70.41
2025-10-25 00:30:00,69.32
2025-10-25 00:45:00,67.54
2025-10-25 01:00:00,71.35
2025-10-25 01:15:00,70.92
2025-10-25 01:30:00,70.39
2025-10-25 01:45:00,69.86
2025-10-25 02:00:00,71.55
2025-10-25 02:15:00,71.64
2025-10-25 02:30:00,71.39
2025-10-25 02:45:00,72.52
2025-10-25 03:00:00,70.69
2025-10-25 03:15:00,73.57
2025-10-25 03:30:00,78.16
2025-10-25 03:45:00,87.02
2025-10-25 04:00:00,62.66
2025-10-25 04:15:00,80.77
2025-10-25 04:30:00,90.21
2025-10-25 04:45:00,107.5
2025-10-25 05:00:00,97.5
2025-10-25 05:15:00,98.41
2025-10-25 05:30:00,104.46
2025-10-25 05:45:00,96.15
2025-10-25 06:00:00,113.8
2025-10-25 06:15:00,110.22
2025-10-25 06:30:00,99.54
2025-10-25 06:45:00,79.56
2025-10-25 07:00:00,108.59
2025-10-25 07:15:00,87.77
2025-10-25 07:30:00,71.62
2025-10-25 07:45:00,25.72
2025-10-25 08:00:00,90.38
2025-10-25 08:15:00,74.1
2025-10-25 08:30:00,67.22
2025-10-25 08:45:00,37.56
2025-10-25 09:00:00,62.77
2025-10-25 09:15:00,48.56
2025-10-25 09:30:00,44.65
2025-10-25 09:45:00,13.31
2025-10-25 10:00:00,26.98
2025-10-25 10:15:00,15.46
2025-10-25 10:30:00,13.65
2025-10-25 10:45:00,12.35
2025-10-25 11:00:00,22.73
2025-10-25 11:15:00,22.42
2025-10-25 11:30:00,20.88
2025-10-25 11:45:00,23.5
2025-10-25 12:00:00,15.72
2025-10-25 12:15:00,31.75
2025-10-25 12:30:00,39.0
2025-10-25 12:45:00,54.0
2025-10-25 13:00:00,54.0
2025-10-25 13:15:00,71.83
2025-10-25 13:30:00,87.27
2025-10-25 13:45:00,94.87
2025-10-25 14:00:00,49.9
2025-10-25 14:15:00,88.0
2025-10-25 14:30:00,116.45
2025-10-25 14:45:00,131.32
2025-10-25 15:00:00,91.98
2025-10-25 15:15:00,108.4
2025-10-25 15:30:00,127.77
2025-10-25 15:45:00,146.92
2025-10-25 16:00:00,125.67
2025-10-25 16:15:00,142.97
2025-10-25 16:30:00,144.61
2025-10-25 16:45:00,159.75
2025-10-25 17:00:00,140.02
2025-10-25 17:15:00,134.77
2025-10-25 17:30:00,134.66
2025-10-25 17:45:00,131.52
2025-10-25 18:00:00,133.75
2025-10-25 18:15:00,129.0
2025-10-25 18:30:00,115.99
2025-10-25 18:45:00,82.95
2025-10-25 19:00:00,125.46
2025-10-25 19:15:00,118.4
2025-10-25 19:30:00,86.11
2025-10-25 19:45:00,53.05
2025-10-25 20:00:00,107.44
2025-10-25 20:15:00,94.8
2025-10-25 20:30:00,77.81
2025-10-25 20:45:00,62.05
2025-10-25 21:00:00,89.74
2025-10-25 21:15:00,81.57
2025-10-25 21:30:00,77.35
2025-10-25 21:45:00,64.77
2025-10-25 22:00:00,84.08
2025-10-25 22:15:00,74.74
2025-10-25 22:30:00,72.9
2025-10-25 22:45:00,64.44
2025-10-25 23:00:00,73.08
2025-10-25 23:15:00,69.43
2025-10-25 23:30:00,69.12
2025-10-25 23:45:00,60.57
2025-10-26 00:00:00,75.33
2025-10-26 00:15:00,67.41
2025-10-26 00:30:00,60.01
2025-10-26 00:45:00,53.67
2025-10-26 01:00:00,63.05
2025-10-26 01:15:00,65.54
2025-10-26 01:30:00,63.93
2025-10-26 01:45:00,58.91
2025-10-26 02:00:00,57.78
2025-10-26 02:15:00,55.4
2025-10-26 02:30:00,58.4
2025-10-26 02:45:00,63.12
2025-10-26 03:00:00,55.49
2025-10-26 03:15:00,55.33
2025-10-26 03:30:00,62.91
2025-10-26 03:45:00,74.22
2025-10-26 04:00:00,50.72
2025-10-26 04:15:00,60.22
2025-10-26 04:30:00,67.8
2025-10-26 04:45:00,80.31
2025-10-26 05:00:00,62.09
2025-10-26 05:15:00,69.13
2025-10-26 05:30:00,68.78
2025-10-26 05:45:00,68.72
2025-10-26 06:00:00,80.91
2025-10-26 06:15:00,71.93
2025-10-26 06:30:00,68.45
2025-10-26 06:45:00,46.21
2025-10-26 07:00:00,87.85
2025-10-26 07:15:00,59.29
2025-10-26 07:30:00,44.9
2025-10-26 07:45:00,29.96
2025-10-26 08:00:00,69.67
2025-10-26 08:15:00,55.73
2025-10-26 08:30:00,40.0
2025-10-26 08:45:00,27.33
2025-10-26 09:00:00,58.67
2025-10-26 09:15:00,25.6
2025-10-26 09:30:00,5.68
2025-10-26 09:45:00,2.21
2025-10-26 10:00:00,17.61
2025-10-26 10:15:00,14.03
2025-10-26 10:30:00,8.67
2025-10-26 10:45:00,5.17
2025-10-26 11:00:00,9.77
2025-10-26 11:15:00,8.02
2025-10-26 11:30:00,8.01
2025-10-26 11:45:00,8.01
2025-10-26 12:00:00,7.33
2025-10-26 12:15:00,8.76
2025-10-26 12:30:00,18.74
2025-10-26 12:45:00,21.49
2025-10-26 13:00:00,33.05
2025-10-26 13:15:00,70.0
2025-10-26 13:30:00,79.76
2025-10-26 13:45:00,92.43
2025-10-26 14:00:00,55.73
2025-10-26 14:15:00,73.63
2025-10-26 14:30:00,94.87
2025-10-26 14:45:00,121.04
2025-10-26 15:00:00,76.65
2025-10-26 15:15:00,94.87
2025-10-26 15:30:00,115.0
2025-10-26 15:45:00,131.07
2025-10-26 16:00:00,93.76
2025-10-26 16:15:00,108.54
2025-10-26 16:30:00,124.67
2025-10-26 16:45:00,131.92
2025-10-26 17:00:00,106.72
2025-10-26 17:15:00,118.0
2025-10-26 17:30:00,128.48
2025-10-26 17:45:00,126.8
2025-10-26 18:00:00,130.05
2025-10-26 18:15:00,125.79
2025-10-26 18:30:00,108.25
2025-10-26 18:45:00,92.4
2025-10-26 19:00:00,130.68
2025-10-26 19:15:00,119.27
2025-10-26 19:30:00,94.72
2025-10-26 19:45:00,47.76
2025-10-26 20:00:00,110.96
2025-10-26 20:15:00,92.35
2025-10-26 20:30:00,66.51
2025-10-26 20:45:00,47.9
2025-10-26 21:00:00,90.49
2025-10-26 21:15:00,77.4
2025-10-26 21:30:00,72.3
2025-10-26 21:45:00,30.76
2025-10-26 22:00:00,91.57
2025-10-26 22:15:00,38.2
2025-10-26 22:30:00,9.12
2025-10-26 22:45:00,3.41
2025-10-26 23:00:00,79.22
2025-10-26 23:15:00,77.66
2025-10-26 23:30:00,57.8
2025-10-26 23:45:00,33.33
2025-10-27 00:00:00,47.34
2025-10-27 00:15:00,38.53
2025-10-27 00:30:00,30.58
2025-10-27 00:45:00,30.12
2025-10-27 01:00:00,32.66
2025-10-27 01:15:00,32.28
2025-10-27 01:30:00,35.02
2025-10-27 01:45:00,38.58
2025-10-27 02:00:00,36.49
2025-10-27 02:15:00,42.03
2025-10-27 02:30:00,43.33
2025-10-27 02:45:00,43.08
2025-10-27 03:00:00,37.89
2025-10-27 03:15:00,35.59
2025-10-27 03:30:00,62.61
2025-10-27 03:45:00,83.3
2025-10-27 04:00:00,37.21
2025-10-27 04:15:00,73.06
2025-10-27 04:30:00,94.47
2025-10-27 04:45:00,120.99
2025-10-27 05:00:00,78.81
2025-10-27 05:15:00,100.08
2025-10-27 05:30:00,117.61
2025-10-27 05:45:00,131.11
2025-10-27 06:00:00,115.63
2025-10-27 06:15:00,116.96
2025-10-27 06:30:00,117.74
2025-10-27 06:45:00,110.16
2025-10-27 07:00:00,124.49
2025-10-27 07:15:00,122.22
2025-10-27 07:30:00,111.2
2025-10-27 07:45:00,98.64
2025-10-27 08:00:00,123.99
2025-10-27 08:15:00,110.19
2025-10-27 08:30:00,104.61
2025-10-27 08:45:00,100.54
2025-10-27 09:00:00,109.52
2025-10-27 09:15:00,105.39
2025-10-27 09:30:00,102.09
2025-10-27 09:45:00,93.81
2025-10-27 10:00:00,107.37
2025-10-27 10:15:00,106.15
2025-10-27 10:30:00,101.5
2025-10-27 10:45:00,96.91
2025-10-27 11:00:00,99.85
2025-10-27 11:15:00,96.34
2025-10-27 11:30:00,95.72
2025-10-27 11:45:00,99.98
2025-10-27 12:00:00,99.02
2025-10-27 12:15:00,103.4
2025-10-27 12:30:00,111.42
2025-10-27 12:45:00,115.58
2025-10-27 13:00:00,108.0
2025-10-27 13:15:00,117.89
2025-10-27 13:30:00,120.99
2025-10-27 13:45:00,132.03
2025-10-27 14:00:00,104.43
2025-10-27 14:15:00,120.01
2025-10-27 14:30:00,129.76
2025-10-27 14:45:00,142.02
2025-10-27 15:00:00,127.95
2025-10-27 15:15:00,138.25
2025-10-27 15:30:00,172.26
2025-10-27 15:45:00,185.91
2025-10-27 16:00:00,134.23
2025-10-27 16:15:00,164.16
2025-10-27 16:30:00,181.81
2025-10-27 16:45:00,194.0
2025-10-27 17:00:00,150.43
2025-10-27 17:15:00,156.54
2025-10-27 17:30:00,146.0
2025-10-27 17:45:00,146.7
2025-10-27 18:00:00,148.09
2025-10-27 18:15:00,147.69
2025-10-27 18:30:00,161.2
2025-10-27 18:45:00,131.2
2025-10-27 19:00:00,166.8
2025-10-27 19:15:00,135.71
2025-10-27 19:30:00,121.57
2025-10-27 19:45:00,113.32
2025-10-27 20:00:00,128.75
2025-10-27 20:15:00,116.09
2025-10-27 20:30:00,93.5
2025-10-27 20:45:00,84.6
2025-10-27 21:00:00,113.83
2025-10-27 21:15:00,102.85
2025-10-27 21:30:00,90.55
2025-10-27 21:45:00,75.25
2025-10-27 22:00:00,102.2
2025-10-27 22:15:00,94.63
2025-10-27 22:30:00,83.65
2025-10-27 22:45:00,64.62
2025-10-27 23:00:00,94.69
2025-10-27 23:15:00,86.45
2025-10-27 23:30:00,80.78
2025-10-27 23:45:00,69.45
2025-10-28 00:00:00,80.15
2025-10-28 00:15:00,73.51
2025-10-28 00:30:00,73.06
2025-10-28 00:45:00,70.93
2025-10-28 01:00:00,75.41
2025-10-28 01:15:00,70.99
2025-10-28 01:30:00,70.21
2025-10-28 01:45:00,70.1
2025-10-28 02:00:00,66.29
2025-10-28 02:15:00,67.66
2025-10-28 02:30:00,72.15
2025-10-28 02:45:00,72.89
2025-10-28 03:00:00,62.54
2025-10-28 03:15:00,68.58
2025-10-28 03:30:00,75.25
2025-10-28 03:45:00,78.98
2025-10-28 04:00:00,48.63
2025-10-28 04:15:00,81.6
2025-10-28 04:30:00,89.49
2025-10-28 04:45:00,117.39
2025-10-28 05:00:00,80.96
2025-10-28 05:15:00,107.29
2025-10-28 05:30:00,121.48
2025-10-28 05:45:00,123.22
2025-10-28 06:00:00,129.09
2025-10-28 06:15:00,134.43
2025-10-28 06:30:00,105.31
2025-10-28 06:45:00,81.44
2025-10-28 07:00:00,108.72
2025-10-28 07:15:00,89.34
2025-10-28 07:30:00,83.9
2025-10-28 07:45:00,79.42
2025-10-28 08:00:00,98.48
2025-10-28 08:15:00,88.05
2025-10-28 08:30:00,82.37
2025-10-28 08:45:00,73.3
2025-10-28 09:00:00,95.85
2025-10-28 09:15:00,85.58
2025-10-28 09:30:00,80.74
2025-10-28 09:45:00,75.6
2025-10-28 10:00:00,81.76
2025-10-28 10:15:00,78.61
2025-10-28 10:30:00,78.43
2025-10-28 10:45:00,79.84
2025-10-28 11:00:00,77.5
2025-10-28 11:15:00,78.2
2025-10-28 11:30:00,76.53
2025-10-28 11:45:00,79.43
2025-10-28 12:00:00,81.12
2025-10-28 12:15:00,83.93
2025-10-28 12:30:00,91.47
2025-10-28 12:45:00,95.21
2025-10-28 13:00:00,80.15
2025-10-28 13:15:00,96.12
2025-10-28 13:30:00,108.01
2025-10-28 13:45:00,122.83
2025-10-28 14:00:00,110.93
2025-10-28 14:15:00,120.99
2025-10-28 14:30:00,134.43
2025-10-28 14:45:00,149.35
2025-10-28 15:00:00,114.8
2025-10-28 15:15:00,128.66
2025-10-28 15:30:00,137.23
2025-10-28 15:45:00,162.38
2025-10-28 16:00:00,134.43
2025-10-28 16:15:00,140.85
2025-10-28 16:30:00,145.66
2025-10-28 16:45:00,161.82
2025-10-28 17:00:00,147.99
2025-10-28 17:15:00,151.49
2025-10-28 17:30:00,150.23
2025-10-28 17:45:00,150.0
2025-10-28 18:00:00,144.01
2025-10-28 18:15:00,143.55
2025-10-28 18:30:00,140.85
2025-10-28 18:45:00,136.69
2025-10-28 19:00:00,147.81
2025-10-28 19:15:00,138.85
2025-10-28 19:30:00,114.05
2025-10-28 19:45:00,99.31
2025-10-28 20:00:00,131.49
2025-10-28 20:15:00,121.28
2025-10-28 20:30:00,96.62
2025-10-28 20:45:00,81.6
2025-10-28 21:00:00,116.94
2025-10-28 21:15:00,93.59
2025-10-28 21:30:00,86.8
2025-10-28 21:45:00,84.51
2025-10-28 22:00:00,112.54
2025-10-28 22:15:00,94.0
2025-10-28 22:30:00,84.75
2025-10-28 22:45:00,76.34
2025-10-28 23:00:00,85.95
2025-10-28 23:15:00,83.17
2025-10-28 23:30:00,80.83
2025-10-28 23:45:00,73.17
2025-10-29 00:00:00,88.14
2025-10-29 00:15:00,83.27
2025-10-29 00:30:00,72.45
2025-10-29 00:45:00,71.07
2025-10-29 01:00:00,81.13
2025-10-29 01:15:00,77.45
2025-10-29 01:30:00,73.56
2025-10-29 01:45:00,76.26
2025-10-29 02:00:00,76.61
2025-10-29 02:15:00,76.41
2025-10-29 02:30:00,76.52
2025-10-29 02:45:00,79.67
2025-10-29 03:00:00,57.12
2025-10-29 03:15:00,80.47
2025-10-29 03:30:00,88.3
2025-10-29 03:45:00,92.75
2025-10-29 04:00:00,77.45
2025-10-29 04:15:00,89.79
2025-10-29 04:30:00,107.77
2025-10-29 04:45:00,117.1
2025-10-29 05:00:00,98.48
2025-10-29 05:15:00,110.21
2025-10-29 05:30:00,120.97
2025-10-29 05:45:00,133.75
2025-10-29 06:00:00,116.19
2025-10-29 06:15:00,110.91
2025-10-29 06:30:00,110.41
2025-10-29 06:45:00,103.96
2025-10-29 07:00:00,120.07
2025-10-29 07:15:00,108.57
2025-10-29 07:30:00,97.15
2025-10-29 07:45:00,74.99
2025-10-29 08:00:00,108.1
2025-10-29 08:15:00,91.25
2025-10-29 08:30:00,75.14
2025-10-29 08:45:00,66.69
2025-10-29 09:00:00,80.15
2025-10-29 09:15:00,69.16
2025-10-29 09:30:00,66.42
2025-10-29 09:45:00,63.38
2025-10-29 10:00:00,69.42
2025-10-29 10:15:00,67.0
2025-10-29 10:30:00,67.52
2025-10-29 10:45:00,67.7
2025-10-29 11:00:00,63.82
2025-10-29 11:15:00,69.22
2025-10-29 11:30:00,72.59
2025-10-29 11:45:00,79.2
2025-10-29 12:00:00,71.05
2025-10-29 12:15:00,75.59
2025-10-29 12:30:00,75.64
2025-10-29 12:45:00,87.86
2025-10-29 13:00:00,60.03
2025-10-29 13:15:00,80.0
2025-10-29 13:30:00,100.2
2025-10-29 13:45:00,116.26
2025-10-29 14:00:00,96.03
2025-10-29 14:15:00,106.89
2025-10-29 14:30:00,135.58
2025-10-29 14:45:00,147.61
2025-10-29 15:00:00,127.97
2025-10-29 15:15:00,140.78
2025-10-29 15:30:00,153.14
2025-10-29 15:45:00,178.39
2025-10-29 16:00:00,143.02
2025-10-29 16:15:00,150.79
2025-10-29 16:30:00,155.35
2025-10-29 16:45:00,150.11
2025-10-29 17:00:00,132.84
2025-10-29 17:15:00,133.83
2025-10-29 17:30:00,140.0
2025-10-29 17:45:00,140.26
2025-10-29 18:00:00,140.26
2025-10-29 18:15:00,134.3
2025-10-29 18:30:00,131.68
2025-10-29 18:45:00,114.73
2025-10-29 19:00:00,133.84
2025-10-29 19:15:00,127.33
2025-10-29 19:30:00,111.72
2025-10-29 19:45:00,104.76
2025-10-29 20:00:00,111.91
2025-10-29 20:15:00,107.53
2025-10-29 20:30:00,104.15
2025-10-29 20:45:00,87.78
2025-10-29 21:00:00,112.64
2025-10-29 21:15:00,108.35
2025-10-29 21:30:00,93.79
2025-10-29 21:45:00,82.48
2025-10-29 22:00:00,98.52
2025-10-29 22:15:00,90.65
2025-10-29 22:30:00,86.76
2025-10-29 22:45:00,84.34
2025-10-29 23:00:00,95.57
2025-10-29 23:15:00,86.8
2025-10-29 23:30:00,90.61
2025-10-29 23:45:00,73.51
2025-10-30 00:00:00,88.87
2025-10-30 00:15:00,87.46
2025-10-30 00:30:00,81.8
2025-10-30 00:45:00,77.94
2025-10-30 01:00:00,84.67
2025-10-30 01:15:00,83.94
2025-10-30 01:30:00,79.11
2025-10-30 01:45:00,77.29
2025-10-30 02:00:00,71.73
2025-10-30 02:15:00,79.74
2025-10-30 02:30:00,85.35
2025-10-30 02:45:00,82.64
2025-10-30 03:00:00,74.5
2025-10-30 03:15:00,83.76
2025-10-30 03:30:00,86.95
2025-10-30 03:45:00,85.27
2025-10-30 04:00:00,64.18
2025-10-30 04:15:00,91.36
2025-10-30 04:30:00,96.04
2025-10-30 04:45:00,109.09
2025-10-30 05:00:00,96.62
2025-10-30 05:15:00,103.75
2025-10-30 05:30:00,117.97
2025-10-30 05:45:00,122.53
2025-10-30 06:00:00,109.79
2025-10-30 06:15:00,115.95
2025-10-30 06:30:00,114.6
2025-10-30 06:45:00,104.49
2025-10-30 07:00:00,121.27
2025-10-30 07:15:00,110.74
2025-10-30 07:30:00,96.3
2025-10-30 07:45:00,67.69
2025-10-30 08:00:00,106.83
2025-10-30 08:15:00,101.03
2025-10-30 08:30:00,75.23
2025-10-30 08:45:00,45.75
2025-10-30 09:00:00,77.57
2025-10-30 09:15:00,70.2
2025-10-30 09:30:00,77.07
2025-10-30 09:45:00,68.44
2025-10-30 10:00:00,64.29
2025-10-30 10:15:00,77.7
2025-10-30 10:30:00,72.57
2025-10-30 10:45:00,72.11
2025-10-30 11:00:00,51.41
2025-10-30 11:15:00,70.14
2025-10-30 11:30:00,68.9
2025-10-30 11:45:00,85.72
2025-10-30 12:00:00,84.73
2025-10-30 12:15:00,87.65
2025-10-30 12:30:00,88.62
2025-10-30 12:45:00,84.82
2025-10-30 13:00:00,77.99
2025-10-30 13:15:00,97.66
2025-10-30 13:30:00,116.5
2025-10-30 13:45:00,138.99
2025-10-30 14:00:00,86.9
2025-10-30 14:15:00,131.3
2025-10-30 14:30:00,140.26
2025-10-30 14:45:00,144.33
2025-10-30 15:00:00,134.42
2025-10-30 15:15:00,143.26
2025-10-30 15:30:00,142.93
2025-10-30 15:45:00,155.56
2025-10-30 16:00:00,134.42
2025-10-30 16:15:00,137.2
2025-10-30 16:30:00,137.17
2025-10-30 16:45:00,140.26
2025-10-30 17:00:00,135.6
2025-10-30 17:15:00,135.51
2025-10-30 17:30:00,140.26
2025-10-30 17:45:00,143.88
2025-10-30 18:00:00,140.26
2025-10-30 18:15:00,140.26
2025-10-30 18:30:00,134.92
2025-10-30 18:45:00,124.47
2025-10-30 19:00:00,142.28
2025-10-30 19:15:00,133.89
2025-10-30 19:30:00,133.92
2025-10-30 19:45:00,102.8
2025-10-30 20:00:00,125.0
2025-10-30 20:15:00,122.53
2025-10-30 20:30:00,113.42
2025-10-30 20:45:00,97.1
2025-10-30 21:00:00,114.95
2025-10-30 21:15:00,115.0
2025-10-30 21:30:00,108.54
2025-10-30 21:45:00,97.78
2025-10-30 22:00:00,112.39
2025-10-30 22:15:00,99.33
2025-10-30 22:30:00,89.72
2025-10-30 22:45:00,81.67
2025-10-30 23:00:00,112.95
2025-10-30 23:15:00,107.25
2025-10-30 23:30:00,106.83
2025-10-30 23:45:00,97.0
2025-10-31 00:00:00,101.9
2025-10-31 00:15:00,101.74
2025-10-31 00:30:00,90.12
2025-10-31 00:45:00,89.19
2025-10-31 01:00:00,99.92
2025-10-31 01:15:00,89.89
2025-10-31 01:30:00,88.81
2025-10-31 01:45:00,87.38
2025-10-31 02:00:00,88.55
2025-10-31 02:15:00,88.7
2025-10-31 02:30:00,89.2
2025-10-31 02:45:00,92.62
2025-10-31 03:00:00,84.86
2025-10-31 03:15:00,87.32
2025-10-31 03:30:00,98.82
2025-10-31 03:45:00,104.0
2025-10-31 04:00:00,97.96
2025-10-31 04:15:00,102.96
2025-10-31 04:30:00,111.54
2025-10-31 04:45:00,113.68
2025-10-31 05:00:00,94.88
2025-10-31 05:15:00,112.95
2025-10-31 05:30:00,123.71
2025-10-31 05:45:00,133.73
2025-10-31 06:00:00,118.03
2025-10-31 06:15:00,123.65
2025-10-31 06:30:00,125.71
2025-10-31 06:45:00,113.27
2025-10-31 07:00:00,145.6
2025-10-31 07:15:00,124.77
2025-10-31 07:30:00,105.16
2025-10-31 07:45:00,88.49
2025-10-31 08:00:00,115.55
2025-10-31 08:15:00,91.68
2025-10-31 08:30:00,76.71
2025-10-31 08:45:00,71.41
2025-10-31 09:00:00,86.05
2025-10-31 09:15:00,81.61
2025-10-31 09:30:00,80.88
2025-10-31 09:45:00,78.47
2025-10-31 10:00:00,81.38
2025-10-31 10:15:00,79.87
2025-10-31 10:30:00,79.26
2025-10-31 10:45:00,80.61
2025-10-31 11:00:00,77.84
2025-10-31 11:15:00,78.62
2025-10-31 11:30:00,82.99
2025-10-31 11:45:00,88.34
2025-10-31 12:00:00,81.19
2025-10-31 12:15:00,86.11
2025-10-31 12:30:00,92.21
2025-10-31 12:45:00,104.09
2025-10-31 13:00:00,85.73
2025-10-31 13:15:00,107.95
2025-10-31 13:30:00,125.21
2025-10-31 13:45:00,145.02
2025-10-31 14:00:00,100.65
2025-10-31 14:15:00,115.8
2025-10-31 14:30:00,136.27
2025-10-31 14:45:00,144.18
2025-10-31 15:00:00,135.03
2025-10-31 15:15:00,149.83
2025-10-31 15:30:00,174.12
2025-10-31 15:45:00,194.89
2025-10-31 16:00:00,173.2
2025-10-31 16:15:00,190.86
2025-10-31 16:30:00,205.27
2025-10-31 16:45:00,187.51
2025-10-31 17:00:00,183.79
2025-10-31 17:15:00,177.28
2025-10-31 17:30:00,171.8
2025-10-31 17:45:00,170.81
2025-10-31 18:00:00,179.1
2025-10-31 18:15:00,167.4
2025-10-31 18:30:00,154.35
2025-10-31 18:45:00,140.26
2025-10-31 19:00:00,169.94
2025-10-31 19:15:00,143.75
2025-10-31 19:30:00,132.25
2025-10-31 19:45:00,118.03
2025-10-31 20:00:00,136.39
2025-10-31 20:15:00,125.25
2025-10-31 20:30:00,118.95
2025-10-31 20:45:00,113.86
2025-10-31 21:00:00,125.6
2025-10-31 21:15:00,120.0
2025-10-31 21:30:00,115.95
2025-10-31 21:45:00,95.37
2025-10-31 22:00:00,117.73
2025-10-31 22:15:00,101.96
2025-10-31 22:30:00,73.1
2025-10-31 22:45:00,64.98
2025-10-31 23:00:00,103.63
2025-10-31 23:15:00,106.03
2025-10-31 23:30:00,85.55
2025-10-31 23:45:00,67.38
2025-11-01 00:00:00,86.31
2025-11-01 00:15:00,80.57
2025-11-01 00:30:00,81.79
2025-11-01 00:45:00,69.46
2025-11-01 01:00:00,80.72
2025-11-01 01:15:00,68.62
2025-11-01 01:30:00,67.27
2025-11-01 01:45:00,75.11
2025-11-01 02:00:00,75.57
2025-11-01 02:15:00,76.45
2025-11-01 02:30:00,73.97
2025-11-01 02:45:00,74.63
2025-11-01 03:00:00,68.68
2025-11-01 03:15:00,70.78
2025-11-01 03:30:00,77.91
2025-11-01 03:45:00,81.5
2025-11-01 04:00:00,80.19
2025-11-01 04:15:00,78.48
2025-11-01 04:30:00,76.81
2025-11-01 04:45:00,80.25
2025-11-01 05:00:00,67.53
2025-11-01 05:15:00,80.35
2025-11-01 05:30:00,82.42
2025-11-01 05:45:00,87.29
2025-11-01 06:00:00,87.4
2025-11-01 06:15:00,86.24
2025-11-01 06:30:00,79.42
2025-11-01 06:45:00,47.73
2025-11-01 07:00:00,81.27
2025-11-01 07:15:00,77.36
2025-11-01 07:30:00,60.49
2025-11-01 07:45:00,14.4
2025-11-01 08:00:00,73.99
2025-11-01 08:15:00,63.65
2025-11-01 08:30:00,24.26
2025-11-01 08:45:00,17.06
2025-11-01 09:00:00,23.72
2025-11-01 09:15:00,18.08
2025-11-01 09:30:00,16.4
2025-11-01 09:45:00,15.0
2025-11-01 10:00:00,15.0
2025-11-01 10:15:00,15.06
2025-11-01 10:30:00,15.0
2025-11-01 10:45:00,17.97
2025-11-01 11:00:00,14.85
2025-11-01 11:15:00,18.0
2025-11-01 11:30:00,24.78
2025-11-01 11:45:00,26.43
2025-11-01 12:00:00,20.25
2025-11-01 12:15:00,24.58
2025-11-01 12:30:00,36.34
2025-11-01 12:45:00,38.45
2025-11-01 13:00:00,46.48
2025-11-01 13:15:00,60.5
2025-11-01 13:30:00,73.77
2025-11-01 13:45:00,84.72
2025-11-01 14:00:00,51.55
2025-11-01 14:15:00,78.36
2025-11-01 14:30:00,100.38
2025-11-01 14:45:00,110.16
2025-11-01 15:00:00,76.47
2025-11-01 15:15:00,95.47
2025-11-01 15:30:00,108.73
2025-11-01 15:45:00,124.18
2025-11-01 16:00:00,98.98
2025-11-01 16:15:00,104.07
2025-11-01 16:30:00,107.46
2025-11-01 16:45:00,103.58
2025-11-01 17:00:00,95.56
2025-11-01 17:15:00,98.85
2025-11-01 17:30:00,98.33
2025-11-01 17:45:00,91.71
2025-11-01 18:00:00,93.92
2025-11-01 18:15:00,101.15
2025-11-01 18:30:00,95.66
2025-11-01 18:45:00,97.12
2025-11-01 19:00:00,109.42
2025-11-01 19:15:00,116.2
2025-11-01 19:30:00,114.99
2025-11-01 19:45:00,96.67
2025-11-01 20:00:00,114.79
2025-11-01 20:15:00,113.54
2025-11-01 20:30:00,106.52
2025-11-01 20:45:00,96.76
2025-11-01 21:00:00,107.27
2025-11-01 21:15:00,101.3
2025-11-01 21:30:00,90.84
2025-11-01 21:45:00,82.21
2025-11-01 22:00:00,102.53
2025-11-01 22:15:00,88.02
2025-11-01 22:30:00,78.53
2025-11-01 22:45:00,77.64
2025-11-01 23:00:00,83.14
2025-11-01 23:15:00,85.76
2025-11-01 23:30:00,87.98
2025-11-01 23:45:00,83.17
2025-11-02 00:00:00,85.35
2025-11-02 00:15:00,83.82
2025-11-02 00:30:00,78.52
2025-11-02 00:45:00,77.01
2025-11-02 01:00:00,80.11
2025-11-02 01:15:00,79.57
2025-11-02 01:30:00,77.36
2025-11-02 01:45:00,77.26
2025-11-02 02:00:00,79.86
2025-11-02 02:15:00,79.23
2025-11-02 02:30:00,78.04
2025-11-02 02:45:00,78.09
2025-11-02 03:00:00,77.84
2025-11-02 03:15:00,78.19
2025-11-02 03:30:00,79.92
2025-11-02 03:45:00,81.45
2025-11-02 04:00:00,79.74
2025-11-02 04:15:00,80.36
2025-11-02 04:30:00,81.82
2025-11-02 04:45:00,84.75
2025-11-02 05:00:00,82.53
2025-11-02 05:15:00,86.63
2025-11-02 05:30:00,87.53
2025-11-02 05:45:00,83.85
2025-11-02 06:00:00,83.41
2025-11-02 06:15:00,81.2
2025-11-02 06:30:00,81.59
2025-11-02 06:45:00,82.36
2025-11-02 07:00:00,86.32
2025-11-02 07:15:00,86.06
2025-11-02 07:30:00,80.13
2025-11-02 07:45:00,78.81
2025-11-02 08:00:00,94.59
2025-11-02 08:15:00,74.41
2025-11-02 08:30:00,71.47
2025-11-02 08:45:00,65.43
2025-11-02 09:00:00,76.25
2025-11-02 09:15:00,71.85
2025-11-02 09:30:00,68.02
2025-11-02 09:45:00,66.45
2025-11-02 10:00:00,71.87
2025-11-02 10:15:00,73.25
2025-11-02 10:30:00,73.02
2025-11-02 10:45:00,71.51
2025-11-02 11:00:00,70.56
2025-11-02 11:15:00,70.59
2025-11-02 11:30:00,72.73
2025-11-02 11:45:00,81.75
2025-11-02 12:00:00,72.24
2025-11-02 12:15:00,82.33
2025-11-02 12:30:00,91.9
2025-11-02 12:45:00,98.17
2025-11-02 13:00:00,89.56
2025-11-02 13:15:00,98.14
2025-11-02 13:30:00,106.15
2025-11-02 13:45:00,112.02
2025-11-02 14:00:00,106.11
2025-11-02 14:15:00,117.23
2025-11-02 14:30:00,123.46
2025-11-02 14:45:00,139.42
2025-11-02 15:00:00,112.87
2025-11-02 15:15:00,122.52
2025-11-02 15:30:00,131.45
2025-11-02 15:45:00,147.6
2025-11-02 16:00:00,114.11
2025-11-02 16:15:00,126.87
2025-11-02 16:30:00,130.87
2025-11-02 16:45:00,132.49
2025-11-02 17:00:00,128.87
2025-11-02 17:15:00,128.31
2025-11-02 17:30:00,127.66
2025-11-02 17:45:00,115.17
2025-11-02 18:00:00,132.49
2025-11-02 18:15:00,131.61
2025-11-02 18:30:00,113.93
2025-11-02 18:45:00,104.28
2025-11-02 19:00:00,129.16
2025-11-02 19:15:00,122.89
2025-11-02 19:30:00,115.19
2025-11-02 19:45:00,100.28
2025-11-02 20:00:00,111.74
2025-11-02 20:15:00,106.11
2025-11-02 20:30:00,105.49
2025-11-02 20:45:00,100.92
2025-11-02 21:00:00,110.2
2025-11-02 21:15:00,105.55
2025-11-02 21:30:00,101.96
2025-11-02 21:45:00,91.9
2025-11-02 22:00:00,103.49
2025-11-02 22:15:00,93.03
2025-11-02 22:30:00,86.0
2025-11-02 22:45:00,77.73
2025-11-02 23:00:00,85.31
2025-11-02 23:15:00,87.08
2025-11-02 23:30:00,83.33
2025-11-02 23:45:00,75.56
2025-11-03 00:00:00,81.83
2025-11-03 00:15:00,79.2
2025-11-03 00:30:00,72.12
2025-11-03 00:45:00,68.0
2025-11-03 01:00:00,80.7
2025-11-03 01:15:00,69.92
2025-11-03 01:30:00,66.9
2025-11-03 01:45:00,61.43
2025-11-03 02:00:00,67.46
2025-11-03 02:15:00,65.27
2025-11-03 02:30:00,65.86
2025-11-03 02:45:00,74.43
2025-11-03 03:00:00,75.85
2025-11-03 03:15:00,75.78
2025-11-03 03:30:00,78.41
2025-11-03 03:45:00,79.9
2025-11-03 04:00:00,75.02
2025-11-03 04:15:00,79.4
2025-11-03 04:30:00,89.74
2025-11-03 04:45:00,106.66
2025-11-03 05:00:00,84.51
2025-11-03 05:15:00,108.33
2025-11-03 05:30:00,116.63
2025-11-03 05:45:00,132.52
2025-11-03 06:00:00,120.56
2025-11-03 06:15:00,126.74
2025-11-03 06:30:00,129.45
2025-11-03 06:45:00,122.8
2025-11-03 07:00:00,144.86
2025-11-03 07:15:00,132.08
2025-11-03 07:30:00,114.95
2025-11-03 07:45:00,108.33
2025-11-03 08:00:00,120.16
2025-11-03 08:15:00,111.61
2025-11-03 08:30:00,100.82
2025-11-03 08:45:00,87.79
2025-11-03 09:00:00,103.4
2025-11-03 09:15:00,94.0
2025-11-03 09:30:00,93.02
2025-11-03 09:45:00,89.48
2025-11-03 10:00:00,91.6
2025-11-03 10:15:00,93.17
2025-11-03 10:30:00,90.38
2025-11-03 10:45:00,90.0
2025-11-03 11:00:00,93.18
2025-11-03 11:15:00,89.8
2025-11-03 11:30:00,88.34
2025-11-03 11:45:00,89.84
2025-11-03 12:00:00,93.73
2025-11-03 12:15:00,91.6
2025-11-03 12:30:00,93.34
2025-11-03 12:45:00,94.02
2025-11-03 13:00:00,82.47
2025-11-03 13:15:00,89.15
2025-11-03 13:30:00,107.78
2025-11-03 13:45:00,118.38
2025-11-03 14:00:00,90.32
2025-11-03 14:15:00,128.0
2025-11-03 14:30:00,144.63
2025-11-03 14:45:00,153.14
2025-11-03 15:00:00,110.93
2025-11-03 15:15:00,131.07
2025-11-03 15:30:00,142.96
2025-11-03 15:45:00,158.87
2025-11-03 16:00:00,116.05
2025-11-03 16:15:00,133.61
2025-11-03 16:30:00,133.54
2025-11-03 16:45:00,128.48
2025-11-03 17:00:00,128.87
2025-11-03 17:15:00,136.56
2025-11-03 17:30:00,137.29
2025-11-03 17:45:00,139.09
2025-11-03 18:00:00,150.41
2025-11-03 18:15:00,137.29
2025-11-03 18:30:00,123.23
2025-11-03 18:45:00,107.36
2025-11-03 19:00:00,144.78
2025-11-03 19:15:00,114.95
2025-11-03 19:30:00,94.63
2025-11-03 19:45:00,80.07
2025-11-03 20:00:00,109.13
2025-11-03 20:15:00,90.93
2025-11-03 20:30:00,85.35
2025-11-03 20:45:00,74.66
2025-11-03 21:00:00,107.23
2025-11-03 21:15:00,97.41
2025-11-03 21:30:00,85.67
2025-11-03 21:45:00,63.97
2025-11-03 22:00:00,90.4
2025-11-03 22:15:00,83.82
2025-11-03 22:30:00,79.58
2025-11-03 22:45:00,54.74
2025-11-03 23:00:00,76.23
2025-11-03 23:15:00,69.72
2025-11-03 23:30:00,69.47
2025-11-03 23:45:00,70.46
2025-11-04 00:00:00,68.25
2025-11-04 00:15:00,67.84
2025-11-04 00:30:00,67.06
2025-11-04 00:45:00,71.89
2025-11-04 01:00:00,68.77
2025-11-04 01:15:00,66.38
2025-11-04 01:30:00,66.78
2025-11-04 01:45:00,64.87
2025-11-04 02:00:00,67.66
2025-11-04 02:15:00,66.4
2025-11-04 02:30:00,66.14
2025-11-04 02:45:00,66.43
2025-11-04 03:00:00,62.37
2025-11-04 03:15:00,58.59
2025-11-04 03:30:00,71.12
2025-11-04 03:45:00,78.85
2025-11-04 04:00:00,35.85
2025-11-04 04:15:00,67.41
2025-11-04 04:30:00,95.73
2025-11-04 04:45:00,107.52
2025-11-04 05:00:00,88.74
2025-11-04 05:15:00,111.91
2025-11-04 05:30:00,125.7
2025-11-04 05:45:00,140.0
2025-11-04 06:00:00,131.74
2025-11-04 06:15:00,135.98
2025-11-04 06:30:00,125.98
2025-11-04 06:45:00,99.5
2025-11-04 07:00:00,125.42
2025-11-04 07:15:00,116.15
2025-11-04 07:30:00,99.13
2025-11-04 07:45:00,77.73
2025-11-04 08:00:00,111.84
2025-11-04 08:15:00,101.8
2025-11-04 08:30:00,78.62
2025-11-04 08:45:00,62.42
2025-11-04 09:00:00,93.89
2025-11-04 09:15:00,90.34
2025-11-04 09:30:00,87.41
2025-11-04 09:45:00,77.99
2025-11-04 10:00:00,77.5
2025-11-04 10:15:00,76.8
2025-11-04 10:30:00,79.67
2025-11-04 10:45:00,84.02
2025-11-04 11:00:00,75.0
2025-11-04 11:15:00,75.0
2025-11-04 11:30:00,76.01
2025-11-04 11:45:00,85.25
2025-11-04 12:00:00,85.0
2025-11-04 12:15:00,89.99
2025-11-04 12:30:00,90.34
2025-11-04 12:45:00,95.08
2025-11-04 13:00:00,72.41
2025-11-04 13:15:00,90.3
2025-11-04 13:30:00,100.62
2025-11-04 13:45:00,115.35
2025-11-04 14:00:00,91.58
2025-11-04 14:15:00,105.71
2025-11-04 14:30:00,127.72
2025-11-04 14:45:00,163.07
2025-11-04 15:00:00,120.63
2025-11-04 15:15:00,139.2
2025-11-04 15:30:00,172.32
2025-11-04 15:45:00,196.04
2025-11-04 16:00:00,136.88
2025-11-04 16:15:00,152.83
2025-11-04 16:30:00,155.96
2025-11-04 16:45:00,151.63
2025-11-04 17:00:00,169.65
2025-11-04 17:15:00,157.24
2025-11-04 17:30:00,151.54
2025-11-04 17:45:00,140.2
2025-11-04 18:00:00,149.69
2025-11-04 18:15:00,133.76
2025-11-04 18:30:00,138.78
2025-11-04 18:45:00,131.48
2025-11-04 19:00:00,148.72
2025-11-04 19:15:00,127.39
2025-11-04 19:30:00,110.31
2025-11-04 19:45:00,95.87
2025-11-04 20:00:00,114.32
2025-11-04 20:15:00,96.83
2025-11-04 20:30:00,89.14
2025-11-04 20:45:00,80.62
2025-11-04 21:00:00,110.2
2025-11-04 21:15:00,91.32
2025-11-04 21:30:00,88.87
2025-11-04 21:45:00,81.79
2025-11-04 22:00:00,97.35
2025-11-04 22:15:00,85.86
2025-11-04 22:30:00,81.29
2025-11-04 22:45:00,73.37
2025-11-04 23:00:00,89.24
2025-11-04 23:15:00,86.65
2025-11-04 23:30:00,85.17
2025-11-04 23:45:00,80.16
2025-11-05 00:00:00,82.05
2025-11-05 00:15:00,82.59
2025-11-05 00:30:00,80.92
2025-11-05 00:45:00,79.96
2025-11-05 01:00:00,82.15
2025-11-05 01:15:00,82.15
2025-11-05 01:30:00,77.85
2025-11-05 01:45:00,75.0
2025-11-05 02:00:00,81.49
2025-11-05 02:15:00,77.05
2025-11-05 02:30:00,75.95
2025-11-05 02:45:00,74.52
2025-11-05 03:00:00,74.97
2025-11-05 03:15:00,78.88
2025-11-05 03:30:00,78.37
2025-11-05 03:45:00,82.67
2025-11-05 04:00:00,75.53
2025-11-05 04:15:00,80.99
2025-11-05 04:30:00,87.77
2025-11-05 04:45:00,107.62
2025-11-05 05:00:00,98.89
2025-11-05 05:15:00,108.32
2025-11-05 05:30:00,116.66
2025-11-05 05:45:00,125.27
2025-11-05 06:00:00,122.44
2025-11-05 06:15:00,134.31
2025-11-05 06:30:00,134.65
2025-11-05 06:45:00,110.24
2025-11-05 07:00:00,148.09
2025-11-05 07:15:00,125.41
2025-11-05 07:30:00,115.68
2025-11-05 07:45:00,72.58
2025-11-05 08:00:00,121.2
2025-11-05 08:15:00,116.01
2025-11-05 08:30:00,110.0
2025-11-05 08:45:00,98.67
2025-11-05 09:00:00,111.41
2025-11-05 09:15:00,101.68
2025-11-05 09:30:00,99.74
2025-11-05 09:45:00,92.45
2025-11-05 10:00:00,93.75
2025-11-05 10:15:00,92.26
2025-11-05 10:30:00,92.92
2025-11-05 10:45:00,92.01
2025-11-05 11:00:00,90.51
2025-11-05 11:15:00,91.43
2025-11-05 11:30:00,90.19
2025-11-05 11:45:00,90.97
2025-11-05 12:00:00,90.51
2025-11-05 12:15:00,90.82
2025-11-05 12:30:00,92.74
2025-11-05 12:45:00,101.58
2025-11-05 13:00:00,88.76
2025-11-05 13:15:00,100.0
2025-11-05 13:30:00,110.28
2025-11-05 13:45:00,130.17
2025-11-05 14:00:00,95.74
2025-11-05 14:15:00,118.53
2025-11-05 14:30:00,135.01
2025-11-05 14:45:00,164.91
2025-11-05 15:00:00,126.05
2025-11-05 15:15:00,146.59
2025-11-05 15:30:00,156.85
2025-11-05 15:45:00,179.15
2025-11-05 16:00:00,141.45
2025-11-05 16:15:00,147.59
2025-11-05 16:30:00,148.52
2025-11-05 16:45:00,147.46
2025-11-05 17:00:00,138.65
2025-11-05 17:15:00,136.59
2025-11-05 17:30:00,139.5
2025-11-05 17:45:00,141.38
2025-11-05 18:00:00,152.38
2025-11-05 18:15:00,147.46
2025-11-05 18:30:00,129.0
2025-11-05 18:45:00,109.09
2025-11-05 19:00:00,140.0
2025-11-05 19:15:00,116.86
2025-11-05 19:30:00,104.88
2025-11-05 19:45:00,97.81
2025-11-05 20:00:00,120.0
2025-11-05 20:15:00,111.62
2025-11-05 20:30:00,95.01
2025-11-05 20:45:00,104.15
2025-11-05 21:00:00,115.0
2025-11-05 21:15:00,112.1
2025-11-05 21:30:00,98.56
2025-11-05 21:45:00,83.03
2025-11-05 22:00:00,112.82
2025-11-05 22:15:00,95.74
2025-11-05 22:30:00,84.88
2025-11-05 22:45:00,79.68
2025-11-05 23:00:00,104.06
2025-11-05 23:15:00,100.06
2025-11-05 23:30:00,100.36
2025-11-05 23:45:00,96.81
2025-11-06 00:00:00,100.2
2025-11-06 00:15:00,98.03
2025-11-06 00:30:00,97.38
2025-11-06 00:45:00,95.89
2025-11-06 01:00:00,100.13
2025-11-06 01:15:00,97.49
2025-11-06 01:30:00,99.16
2025-11-06 01:45:00,97.19
2025-11-06 02:00:00,99.36
2025-11-06 02:15:00,98.8
2025-11-06 02:30:00,96.94
2025-11-06 02:45:00,98.13
2025-11-06 03:00:00,99.65
2025-11-06 03:15:00,99.14
2025-11-06 03:30:00,99.93
2025-11-06 03:45:00,101.79
2025-11-06 04:00:00,93.2
2025-11-06 04:15:00,96.43
2025-11-06 04:30:00,103.04
2025-11-06 04:45:00,119.14
2025-11-06 05:00:00,93.08
2025-11-06 05:15:00,111.69
2025-11-06 05:30:00,124.33
2025-11-06 05:45:00,143.12
2025-11-06 06:00:00,141.45
2025-11-06 06:15:00,137.58
2025-11-06 06:30:00,139.51
2025-11-06 06:45:00,117.85
2025-11-06 07:00:00,140.08
2025-11-06 07:15:00,129.85
2025-11-06 07:30:00,107.24
2025-11-06 07:45:00,91.78
2025-11-06 08:00:00,120.0
2025-11-06 08:15:00,103.11
2025-11-06 08:30:00,89.97
2025-11-06 08:45:00,77.15
2025-11-06 09:00:00,99.06
2025-11-06 09:15:00,90.99
2025-11-06 09:30:00,83.66
2025-11-06 09:45:00,81.52
2025-11-06 10:00:00,90.92
2025-11-06 10:15:00,87.5
2025-11-06 10:30:00,87.21
2025-11-06 10:45:00,81.2
2025-11-06 11:00:00,85.96
2025-11-06 11:15:00,79.67
2025-11-06 11:30:00,86.12
2025-11-06 11:45:00,91.51
2025-11-06 12:00:00,81.7
2025-11-06 12:15:00,88.6
2025-11-06 12:30:00,89.22
2025-11-06 12:45:00,93.51
2025-11-06 13:00:00,77.95
2025-11-06 13:15:00,95.28
2025-11-06 13:30:00,105.19
2025-11-06 13:45:00,124.54
2025-11-06 14:00:00,105.36
2025-11-06 14:15:00,120.91
2025-11-06 14:30:00,150.77
2025-11-06 14:45:00,200.17
2025-11-06 15:00:00,132.0
2025-11-06 15:15:00,152.73
2025-11-06 15:30:00,172.76
2025-11-06 15:45:00,197.87
2025-11-06 16:00:00,166.03
2025-11-06 16:15:00,172.7
2025-11-06 16:30:00,165.8
2025-11-06 16:45:00,168.0
2025-11-06 17:00:00,154.26
2025-11-06 17:15:00,148.0
2025-11-06 17:30:00,156.58
2025-11-06 17:45:00,154.41
2025-11-06 18:00:00,154.57
2025-11-06 18:15:00,152.26
2025-11-06 18:30:00,143.03
2025-11-06 18:45:00,132.19
2025-11-06 19:00:00,137.66
2025-11-06 19:15:00,132.0
2025-11-06 19:30:00,122.54
2025-11-06 19:45:00,111.2
2025-11-06 20:00:00,119.54
2025-11-06 20:15:00,116.71
2025-11-06 20:30:00,115.0
2025-11-06 20:45:00,94.02
2025-11-06 21:00:00,115.0
2025-11-06 21:15:00,104.13
2025-11-06 21:30:00,102.11
2025-11-06 21:45:00,95.93
2025-11-06 22:00:00,108.59
2025-11-06 22:15:00,98.35
2025-11-06 22:30:00,91.5
2025-11-06 22:45:00,84.17
2025-11-06 23:00:00,93.4
2025-11-06 23:15:00,92.05
2025-11-06 23:30:00,96.51
2025-11-06 23:45:00,92.1
2025-11-07 00:00:00,93.91
2025-11-07 00:15:00,91.71
2025-11-07 00:30:00,91.84
2025-11-07 00:45:00,91.51
2025-11-07 01:00:00,94.05
2025-11-07 01:15:00,92.68
2025-11-07 01:30:00,93.71
2025-11-07 01:45:00,93.11
2025-11-07 02:00:00,94.45
2025-11-07 02:15:00,94.42
2025-11-07 02:30:00,94.13
2025-11-07 02:45:00,95.18
2025-11-07 03:00:00,92.05
2025-11-07 03:15:00,94.75
2025-11-07 03:30:00,98.02
2025-11-07 03:45:00,98.31
2025-11-07 04:00:00,89.59
2025-11-07 04:15:00,95.06
2025-11-07 04:30:00,103.07
2025-11-07 04:45:00,115.82
2025-11-07 05:00:00,101.4
2025-11-07 05:15:00,117.9
2025-11-07 05:30:00,133.53
2025-11-07 05:45:00,146.12
2025-11-07 06:00:00,135.67
2025-11-07 06:15:00,143.33
2025-11-07 06:30:00,134.11
2025-11-07 06:45:00,139.31
2025-11-07 07:00:00,151.85
2025-11-07 07:15:00,138.74
2025-11-07 07:30:00,115.25
2025-11-07 07:45:00,93.04
2025-11-07 08:00:00,129.59
2025-11-07 08:15:00,120.45
2025-11-07 08:30:00,102.48
2025-11-07 08:45:00,91.47
2025-11-07 09:00:00,106.88
2025-11-07 09:15:00,97.66
2025-11-07 09:30:00,91.95
2025-11-07 09:45:00,89.52
2025-11-07 10:00:00,95.8
2025-11-07 10:15:00,93.6
2025-11-07 10:30:00,94.38
2025-11-07 10:45:00,92.55
2025-11-07 11:00:00,91.82
2025-11-07 11:15:00,91.84
2025-11-07 11:30:00,92.0
2025-11-07 11:45:00,93.18
2025-11-07 12:00:00,91.81
2025-11-07 12:15:00,94.34
2025-11-07 12:30:00,97.74
2025-11-07 12:45:00,100.08
2025-11-07 13:00:00,83.67
2025-11-07 13:15:00,102.75
2025-11-07 13:30:00,113.75
2025-11-07 13:45:00,142.81
2025-11-07 14:00:00,97.53
2025-11-07 14:15:00,125.0
2025-11-07 14:30:00,140.94
2025-11-07 14:45:00,177.72
2025-11-07 15:00:00,123.24
2025-11-07 15:15:00,131.49
2025-11-07 15:30:00,152.91
2025-11-07 15:45:00,213.79
2025-11-07 16:00:00,175.57
2025-11-07 16:15:00,187.56
2025-11-07 16:30:00,183.56
2025-11-07 16:45:00,163.7
2025-11-07 17:00:00,149.99
2025-11-07 17:15:00,138.18
2025-11-07 17:30:00,140.16
2025-11-07 17:45:00,141.34
2025-11-07 18:00:00,142.88
2025-11-07 18:15:00,136.48
2025-11-07 18:30:00,134.26
2025-11-07 18:45:00,130.26
2025-11-07 19:00:00,141.9
2025-11-07 19:15:00,126.48
2025-11-07 19:30:00,121.0
2025-11-07 19:45:00,106.86
2025-11-07 20:00:00,124.78
2025-11-07 20:15:00,115.11
2025-11-07 20:30:00,102.76
2025-11-07 20:45:00,93.13
2025-11-07 21:00:00,111.02
2025-11-07 21:15:00,111.02
2025-11-07 21:30:00,101.43
2025-11-07 21:45:00,90.77
2025-11-07 22:00:00,115.0
2025-11-07 22:15:00,101.36
2025-11-07 22:30:00,90.77
2025-11-07 22:45:00,86.34
2025-11-07 23:00:00,105.53
2025-11-07 23:15:00,104.3
2025-11-07 23:30:00,101.54
2025-11-07 23:45:00,100.0
2025-11-08 00:00:00,103.99
2025-11-08 00:15:00,102.46
2025-11-08 00:30:00,98.79
2025-11-08 00:45:00,98.26
2025-11-08 01:00:00,102.26
2025-11-08 01:15:00,99.29
2025-11-08 01:30:00,98.26
2025-11-08 01:45:00,96.73
2025-11-08 02:00:00,98.78
2025-11-08 02:15:00,98.26
2025-11-08 02:30:00,98.26
2025-11-08 02:45:00,98.3
2025-11-08 03:00:00,98.89
2025-11-08 03:15:00,101.11
2025-11-08 03:30:00,101.4
2025-11-08 03:45:00,100.47
2025-11-08 04:00:00,99.2
2025-11-08 04:15:00,103.03
2025-11-08 04:30:00,103.26
2025-11-08 04:45:00,100.08
2025-11-08 05:00:00,98.26
2025-11-08 05:15:00,96.26
2025-11-08 05:30:00,104.77
2025-11-08 05:45:00,111.31
2025-11-08 06:00:00,103.99
2025-11-08 06:15:00,109.83
2025-11-08 06:30:00,115.58
2025-11-08 06:45:00,116.12
2025-11-08 07:00:00,119.29
2025-11-08 07:15:00,116.14
2025-11-08 07:30:00,108.71
2025-11-08 07:45:00,105.78
2025-11-08 08:00:00,122.09
2025-11-08 08:15:00,110.91
2025-11-08 08:30:00,107.75
2025-11-08 08:45:00,101.61
2025-11-08 09:00:00,127.4
2025-11-08 09:15:00,109.24
2025-11-08 09:30:00,104.82
2025-11-08 09:45:00,102.14
2025-11-08 10:00:00,113.79
2025-11-08 10:15:00,106.62
2025-11-08 10:30:00,103.49
2025-11-08 10:45:00,102.36
2025-11-08 11:00:00,109.96
2025-11-08 11:15:00,103.27
2025-11-08 11:30:00,101.36
2025-11-08 11:45:00,101.74
2025-11-08 12:00:00,102.04
2025-11-08 12:15:00,104.78
2025-11-08 12:30:00,104.28
2025-11-08 12:45:00,114.83
2025-11-08 13:00:00,98.26
2025-11-08 13:15:00,102.14
2025-11-08 13:30:00,110.97
2025-11-08 13:45:00,125.31
2025-11-08 14:00:00,100.97
2025-11-08 14:15:00,116.61
2025-11-08 14:30:00,134.35
2025-11-08 14:45:00,145.27
2025-11-08 15:00:00,121.06
2025-11-08 15:15:00,126.73
2025-11-08 15:30:00,136.46
2025-11-08 15:45:00,158.19
2025-11-08 16:00:00,130.38
2025-11-08 16:15:00,143.07
2025-11-08 16:30:00,143.22
2025-11-08 16:45:00,145.49
2025-11-08 17:00:00,131.33
2025-11-08 17:15:00,132.31
2025-11-08 17:30:00,133.39
2025-11-08 17:45:00,132.7
2025-11-08 18:00:00,132.25
2025-11-08 18:15:00,130.1
2025-11-08 18:30:00,127.92
2025-11-08 18:45:00,125.0
2025-11-08 19:00:00,136.4
2025-11-08 19:15:00,129.48
2025-11-08 19:30:00,125.01
2025-11-08 19:45:00,113.71
2025-11-08 20:00:00,126.08
2025-11-08 20:15:00,123.63
2025-11-08 20:30:00,111.32
2025-11-08 20:45:00,105.06
2025-11-08 21:00:00,116.06
2025-11-08 21:15:00,110.0
2025-11-08 21:30:00,106.79
2025-11-08 21:45:00,102.65
2025-11-08 22:00:00,106.62
2025-11-08 22:15:00,102.14
2025-11-08 22:30:00,96.81
2025-11-08 22:45:00,89.6
2025-11-08 23:00:00,101.11
2025-11-08 23:15:00,94.2
2025-11-08 23:30:00,101.19
2025-11-08 23:45:00,98.75
2025-11-09 00:00:00,103.54
2025-11-09 00:15:00,97.87
2025-11-09 00:30:00,95.32
2025-11-09 00:45:00,93.15
2025-11-09 01:00:00,98.18
2025-11-09 01:15:00,97.24
2025-11-09 01:30:00,95.48
2025-11-09 01:45:00,93.69
2025-11-09 02:00:00,94.85
2025-11-09 02:15:00,93.66
2025-11-09 02:30:00,93.19
2025-11-09 02:45:00,96.61
2025-11-09 03:00:00,93.8
2025-11-09 03:15:00,95.18
2025-11-09 03:30:00,94.32
2025-11-09 03:45:00,97.46
2025-11-09 04:00:00,95.04
2025-11-09 04:15:00,94.5
2025-11-09 04:30:00,96.7
2025-11-09 04:45:00,93.57
2025-11-09 05:00:00,93.04
2025-11-09 05:15:00,91.87
2025-11-09 05:30:00,92.53
2025-11-09 05:45:00,91.94
2025-11-09 06:00:00,99.0
2025-11-09 06:15:00,90.95
2025-11-09 06:30:00,93.48
2025-11-09 06:45:00,96.19
2025-11-09 07:00:00,101.07
2025-11-09 07:15:00,102.37
2025-11-09 07:30:00,101.43
2025-11-09 07:45:00,100.0
2025-11-09 08:00:00,103.39
2025-11-09 08:15:00,103.13
2025-11-09 08:30:00,99.64
2025-11-09 08:45:00,99.56
2025-11-09 09:00:00,102.49
2025-11-09 09:15:00,100.75
2025-11-09 09:30:00,101.47
2025-11-09 09:45:00,101.29
2025-11-09 10:00:00,103.26
2025-11-09 10:15:00,103.29
2025-11-09 10:30:00,101.38
2025-11-09 10:45:00,100.03
2025-11-09 11:00:00,103.66
2025-11-09 11:15:00,103.21
2025-11-09 11:30:00,99.7
2025-11-09 11:45:00,102.99
2025-11-09 12:00:00,103.21
2025-11-09 12:15:00,103.66
2025-11-09 12:30:00,104.62
2025-11-09 12:45:00,104.92
2025-11-09 13:00:00,102.12
2025-11-09 13:15:00,102.68
2025-11-09 13:30:00,109.6
2025-11-09 13:45:00,110.88
2025-11-09 14:00:00,102.54
2025-11-09 14:15:00,108.2
2025-11-09 14:30:00,111.96
2025-11-09 14:45:00,119.85
2025-11-09 15:00:00,113.02
2025-11-09 15:15:00,120.12
2025-11-09 15:30:00,127.24
2025-11-09 15:45:00,135.06
2025-11-09 16:00:00,126.86
2025-11-09 16:15:00,131.73
2025-11-09 16:30:00,134.22
2025-11-09 16:45:00,134.96
2025-11-09 17:00:00,128.69
2025-11-09 17:15:00,130.79
2025-11-09 17:30:00,131.23
2025-11-09 17:45:00,128.8
2025-11-09 18:00:00,131.0
2025-11-09 18:15:00,127.61
2025-11-09 18:30:00,127.61
2025-11-09 18:45:00,127.67
2025-11-09 19:00:00,131.73
2025-11-09 19:15:00,125.0
2025-11-09 19:30:00,118.98
2025-11-09 19:45:00,113.19
2025-11-09 20:00:00,119.01
2025-11-09 20:15:00,113.32
2025-11-09 20:30:00,106.83
2025-11-09 20:45:00,104.19
2025-11-09 21:00:00,112.29
2025-11-09 21:15:00,105.49
2025-11-09 21:30:00,101.93
2025-11-09 21:45:00,96.1
2025-11-09 22:00:00,100.6
2025-11-09 22:15:00,97.57
2025-11-09 22:30:00,93.0
2025-11-09 22:45:00,87.19
2025-11-09 23:00:00,95.21
2025-11-09 23:15:00,91.77
2025-11-09 23:30:00,92.93
2025-11-09 23:45:00,92.34
2025-11-10 00:00:00,91.92
2025-11-10 00:15:00,92.78
2025-11-10 00:30:00,91.32
2025-11-10 00:45:00,92.37
2025-11-10 01:00:00,94.08
2025-11-10 01:15:00,95.01
2025-11-10 01:30:00,93.04
2025-11-10 01:45:00,93.01
2025-11-10 02:00:00,93.63
2025-11-10 02:15:00,92.93
2025-11-10 02:30:00,92.93
2025-11-10 02:45:00,93.0
2025-11-10 03:00:00,90.92
2025-11-10 03:15:00,90.4
2025-11-10 03:30:00,92.59
2025-11-10 03:45:00,97.33
2025-11-10 04:00:00,92.51
2025-11-10 04:15:00,91.78
2025-11-10 04:30:00,100.59
2025-11-10 04:45:00,109.03
2025-11-10 05:00:00,101.92
2025-11-10 05:15:00,111.25
2025-11-10 05:30:00,119.75
2025-11-10 05:45:00,136.76
2025-11-10 06:00:00,128.68
2025-11-10 06:15:00,137.19
2025-11-10 06:30:00,143.65
2025-11-10 06:45:00,149.5
2025-11-10 07:00:00,168.16
2025-11-10 07:15:00,151.0
2025-11-10 07:30:00,149.0
2025-11-10 07:45:00,132.74
2025-11-10 08:00:00,168.97
2025-11-10 08:15:00,139.63
2025-11-10 08:30:00,125.0
2025-11-10 08:45:00,115.0
2025-11-10 09:00:00,154.41
2025-11-10 09:15:00,135.58
2025-11-10 09:30:00,130.95
2025-11-10 09:45:00,114.23
2025-11-10 10:00:00,129.63
2025-11-10 10:15:00,123.73
2025-11-10 10:30:00,117.76
2025-11-10 10:45:00,114.47
2025-11-10 11:00:00,115.85
2025-11-10 11:15:00,115.1
2025-11-10 11:30:00,112.13
2025-11-10 11:45:00,115.2
2025-11-10 12:00:00,119.72
2025-11-10 12:15:00,121.59
2025-11-10 12:30:00,119.79
2025-11-10 12:45:00,130.9
2025-11-10 13:00:00,111.65
2025-11-10 13:15:00,130.38
2025-11-10 13:30:00,153.96
2025-11-10 13:45:00,168.0
2025-11-10 14:00:00,128.23
2025-11-10 14:15:00,146.75
2025-11-10 14:30:00,166.28
2025-11-10 14:45:00,192.73
2025-11-10 15:00:00,142.7
2025-11-10 15:15:00,147.86
2025-11-10 15:30:00,168.25
2025-11-10 15:45:00,186.65
2025-11-10 16:00:00,150.82
2025-11-10 16:15:00,153.04
2025-11-10 16:30:00,151.65
2025-11-10 16:45:00,148.51
2025-11-10 17:00:00,150.11
2025-11-10 17:15:00,145.21
2025-11-10 17:30:00,140.2
2025-11-10 17:45:00,139.03
2025-11-10 18:00:00,146.6
2025-11-10 18:15:00,134.11
2025-11-10 18:30:00,131.75
2025-11-10 18:45:00,129.0
2025-11-10 19:00:00,152.92
2025-11-10 19:15:00,134.46
2025-11-10 19:30:00,121.05
2025-11-10 19:45:00,114.56
2025-11-10 20:00:00,124.04
2025-11-10 20:15:00,118.65
2025-11-10 20:30:00,107.61
2025-11-10 20:45:00,103.1
2025-11-10 21:00:00,119.42
2025-11-10 21:15:00,112.74
2025-11-10 21:30:00,106.97
2025-11-10 21:45:00,101.21
2025-11-10 22:00:00,108.09
2025-11-10 22:15:00,103.61
2025-11-10 22:30:00,96.02
2025-11-10 22:45:00,87.97
2025-11-10 23:00:00,98.05
2025-11-10 23:15:00,92.38
2025-11-10 23:30:00,90.89
2025-11-10 23:45:00,88.0
2025-11-11 00:00:00,98.08
2025-11-11 00:15:00,89.81
2025-11-11 00:30:00,88.48
2025-11-11 00:45:00,89.3
2025-11-11 01:00:00,87.9
2025-11-11 01:15:00,86.36
2025-11-11 01:30:00,86.1
2025-11-11 01:45:00,91.91
2025-11-11 02:00:00,89.0
2025-11-11 02:15:00,91.05
2025-11-11 02:30:00,91.09
2025-11-11 02:45:00,91.12
2025-11-11 03:00:00,89.24
2025-11-11 03:15:00,89.78
2025-11-11 03:30:00,91.44
2025-11-11 03:45:00,93.09
2025-11-11 04:00:00,88.66
2025-11-11 04:15:00,98.83
2025-11-11 04:30:00,105.9
2025-11-11 04:45:00,114.74
2025-11-11 05:00:00,101.92
2025-11-11 05:15:00,116.94
2025-11-11 05:30:00,131.17
2025-11-11 05:45:00,144.68
2025-11-11 06:00:00,129.36
2025-11-11 06:15:00,133.58
2025-11-11 06:30:00,135.0
2025-11-11 06:45:00,140.26
2025-11-11 07:00:00,139.6
2025-11-11 07:15:00,134.92
2025-11-11 07:30:00,128.86
2025-11-11 07:45:00,117.0
2025-11-11 08:00:00,131.06
2025-11-11 08:15:00,124.67
2025-11-11 08:30:00,112.77
2025-11-11 08:45:00,104.54
2025-11-11 09:00:00,115.03
2025-11-11 09:15:00,107.54
2025-11-11 09:30:00,101.53
2025-11-11 09:45:00,95.92
2025-11-11 10:00:00,101.32
2025-11-11 10:15:00,99.16
2025-11-11 10:30:00,95.41
2025-11-11 10:45:00,92.17
2025-11-11 11:00:00,91.64
2025-11-11 11:15:00,89.6
2025-11-11 11:30:00,91.11
2025-11-11 11:45:00,99.25
2025-11-11 12:00:00,90.26
2025-11-11 12:15:00,93.05
2025-11-11 12:30:00,97.33
2025-11-11 12:45:00,106.28
2025-11-11 13:00:00,95.89
2025-11-11 13:15:00,105.24
2025-11-11 13:30:00,114.75
2025-11-11 13:45:00,129.54
2025-11-11 14:00:00,107.62
2025-11-11 14:15:00,113.4
2025-11-11 14:30:00,128.63
2025-11-11 14:45:00,139.41
2025-11-11 15:00:00,120.44
2025-11-11 15:15:00,133.39
2025-11-11 15:30:00,141.85
2025-11-11 15:45:00,144.82
2025-11-11 16:00:00,140.0
2025-11-11 16:15:00,143.11
2025-11-11 16:30:00,140.26
2025-11-11 16:45:00,140.26
2025-11-11 17:00:00,129.33
2025-11-11 17:15:00,136.0
2025-11-11 17:30:00,138.4
2025-11-11 17:45:00,136.27
2025-11-11 18:00:00,134.33
2025-11-11 18:15:00,134.16
2025-11-11 18:30:00,128.84
2025-11-11 18:45:00,122.67
2025-11-11 19:00:00,137.53
2025-11-11 19:15:00,132.83
2025-11-11 19:30:00,123.36
2025-11-11 19:45:00,110.4
2025-11-11 20:00:00,129.33
2025-11-11 20:15:00,125.51
2025-11-11 20:30:00,119.03
2025-11-11 20:45:00,110.0
2025-11-11 21:00:00,128.85
2025-11-11 21:15:00,119.4
2025-11-11 21:30:00,112.48
2025-11-11 21:45:00,101.42
2025-11-11 22:00:00,119.0
2025-11-11 22:15:00,106.06
2025-11-11 22:30:00,99.03
2025-11-11 22:45:00,91.56
2025-11-11 23:00:00,107.69
2025-11-11 23:15:00,102.92
2025-11-11 23:30:00,100.84
2025-11-11 23:45:00,94.36
2025-11-12 00:00:00,101.12
2025-11-12 00:15:00,97.28
2025-11-12 00:30:00,90.67
2025-11-12 00:45:00,93.01
2025-11-12 01:00:00,95.61
2025-11-12 01:15:00,90.98
2025-11-12 01:30:00,92.52
2025-11-12 01:45:00,96.29
2025-11-12 02:00:00,91.11
2025-11-12 02:15:00,91.59
2025-11-12 02:30:00,97.96
2025-11-12 02:45:00,98.95
2025-11-12 03:00:00,93.13
2025-11-12 03:15:00,100.86
2025-11-12 03:30:00,101.0
2025-11-12 03:45:00,101.89
2025-11-12 04:00:00,98.0
2025-11-12 04:15:00,107.34
2025-11-12 04:30:00,109.48
2025-11-12 04:45:00,126.27
2025-11-12 05:00:00,109.48
2025-11-12 05:15:00,127.42
2025-11-12 05:30:00,142.81
2025-11-12 05:45:00,156.82
2025-11-12 06:00:00,135.24
2025-11-12 06:15:00,157.55
2025-11-12 06:30:00,152.96
2025-11-12 06:45:00,133.74
2025-11-12 07:00:00,160.48
2025-11-12 07:15:00,133.47
2025-11-12 07:30:00,125.52
2025-11-12 07:45:00,102.27
2025-11-12 08:00:00,131.83
2025-11-12 08:15:00,119.28
2025-11-12 08:30:00,102.67
2025-11-12 08:45:00,91.14
2025-11-12 09:00:00,106.99
2025-11-12 09:15:00,102.07
2025-11-12 09:30:00,101.2
2025-11-12 09:45:00,87.6
2025-11-12 10:00:00,97.96
2025-11-12 10:15:00,90.03
2025-11-12 10:30:00,87.39
2025-11-12 10:45:00,80.39
2025-11-12 11:00:00,83.56
2025-11-12 11:15:00,83.23
2025-11-12 11:30:00,83.66
2025-11-12 11:45:00,87.93
2025-11-12 12:00:00,83.55
2025-11-12 12:15:00,88.83
2025-11-12 12:30:00,97.68
2025-11-12 12:45:00,104.34
2025-11-12 13:00:00,102.42
2025-11-12 13:15:00,107.13
2025-11-12 13:30:00,114.27
2025-11-12 13:45:00,139.81
2025-11-12 14:00:00,109.02
2025-11-12 14:15:00,119.7
2025-11-12 14:30:00,163.07
2025-11-12 14:45:00,187.17
2025-11-12 15:00:00,152.67
2025-11-12 15:15:00,169.16
2025-11-12 15:30:00,187.27
2025-11-12 15:45:00,203.8
2025-11-12 16:00:00,182.42
2025-11-12 16:15:00,179.76
2025-11-12 16:30:00,180.65
2025-11-12 16:45:00,171.99
2025-11-12 17:00:00,176.01
2025-11-12 17:15:00,164.88
2025-11-12 17:30:00,165.77
2025-11-12 17:45:00,164.98
2025-11-12 18:00:00,177.72
2025-11-12 18:15:00,171.69
2025-11-12 18:30:00,166.73
2025-11-12 18:45:00,155.81
2025-11-12 19:00:00,176.78
2025-11-12 19:15:00,157.39
2025-11-12 19:30:00,150.79
2025-11-12 19:45:00,116.05
2025-11-12 20:00:00,136.83
2025-11-12 20:15:00,123.14
2025-11-12 20:30:00,116.35
2025-11-12 20:45:00,106.82
2025-11-12 21:00:00,128.79
2025-11-12 21:15:00,119.56
2025-11-12 21:30:00,113.0
2025-11-12 21:45:00,106.89
2025-11-12 22:00:00,111.01
2025-11-12 22:15:00,105.56
2025-11-12 22:30:00,97.05
2025-11-12 22:45:00,98.19
2025-11-12 23:00:00,104.93
2025-11-12 23:15:00,93.34
2025-11-12 23:30:00,90.78
2025-11-12 23:45:00,96.9
2025-11-13 00:00:00,93.79
2025-11-13 00:15:00,95.16
2025-11-13 00:30:00,93.86
2025-11-13 00:45:00,91.1
2025-11-13 01:00:00,94.99
2025-11-13 01:15:00,89.73
2025-11-13 01:30:00,93.26
2025-11-13 01:45:00,88.34
2025-11-13 02:00:00,92.11
2025-11-13 02:15:00,92.58
2025-11-13 02:30:00,91.56
2025-11-13 02:45:00,90.0
2025-11-13 03:00:00,76.42
2025-11-13 03:15:00,83.59
2025-11-13 03:30:00,94.22
2025-11-13 03:45:00,99.75
2025-11-13 04:00:00,90.13
2025-11-13 04:15:00,105.57
2025-11-13 04:30:00,113.21
2025-11-13 04:45:00,123.0
2025-11-13 05:00:00,113.21
2025-11-13 05:15:00,125.01
2025-11-13 05:30:00,140.96
2025-11-13 05:45:00,150.0
2025-11-13 06:00:00,140.77
2025-11-13 06:15:00,148.82
2025-11-13 06:30:00,136.35
2025-11-13 06:45:00,126.52
2025-11-13 07:00:00,135.26
2025-11-13 07:15:00,124.7
2025-11-13 07:30:00,110.3
2025-11-13 07:45:00,107.77
2025-11-13 08:00:00,112.88
2025-11-13 08:15:00,101.23
2025-11-13 08:30:00,100.74
2025-11-13 08:45:00,106.11
2025-11-13 09:00:00,119.84
2025-11-13 09:15:00,110.0
2025-11-13 09:30:00,106.18
2025-11-13 09:45:00,88.99
2025-11-13 10:00:00,101.18
2025-11-13 10:15:00,88.26
2025-11-13 10:30:00,88.75
2025-11-13 10:45:00,101.93
2025-11-13 11:00:00,101.65
2025-11-13 11:15:00,106.0
2025-11-13 11:30:00,104.88
2025-11-13 11:45:00,91.6
2025-11-13 12:00:00,105.09
2025-11-13 12:15:00,99.39
2025-11-13 12:30:00,103.35
2025-11-13 12:45:00,106.8
2025-11-13 13:00:00,100.97
2025-11-13 13:15:00,113.21
2025-11-13 13:30:00,124.7
2025-11-13 13:45:00,155.32
2025-11-13 14:00:00,121.99
2025-11-13 14:15:00,149.1
2025-11-13 14:30:00,183.38
2025-11-13 14:45:00,223.77
2025-11-13 15:00:00,155.55
2025-11-13 15:15:00,195.29
2025-11-13 15:30:00,219.87
2025-11-13 15:45:00,222.84
2025-11-13 16:00:00,164.92
2025-11-13 16:15:00,173.9
2025-11-13 16:30:00,188.06
2025-11-13 16:45:00,207.52
2025-11-13 17:00:00,176.82
2025-11-13 17:15:00,174.51
2025-11-13 17:30:00,187.97
2025-11-13 17:45:00,188.46
2025-11-13 18:00:00,176.14
2025-11-13 18:15:00,171.69
2025-11-13 18:30:00,171.48
2025-11-13 18:45:00,157.85
2025-11-13 19:00:00,193.96
2025-11-13 19:15:00,176.66
2025-11-13 19:30:00,151.16
2025-11-13 19:45:00,140.89
2025-11-13 20:00:00,155.86
2025-11-13 20:15:00,144.1
2025-11-13 20:30:00,125.01
2025-11-13 20:45:00,110.81
2025-11-13 21:00:00,135.69
2025-11-13 21:15:00,125.01
2025-11-13 21:30:00,114.0
2025-11-13 21:45:00,110.0
2025-11-13 22:00:00,129.14
2025-11-13 22:15:00,122.7
2025-11-13 22:30:00,113.21
2025-11-13 22:45:00,99.72
2025-11-13 23:00:00,106.79
2025-11-13 23:15:00,106.07
2025-11-13 23:30:00,108.29
2025-11-13 23:45:00,106.28
2025-11-14 00:00:00,105.73
2025-11-14 00:15:00,103.42
2025-11-14 00:30:00,105.67
2025-11-14 00:45:00,105.74
2025-11-14 01:00:00,106.01
2025-11-14 01:15:00,105.73
2025-11-14 01:30:00,104.82
2025-11-14 01:45:00,101.44
2025-11-14 02:00:00,102.4
2025-11-14 02:15:00,101.93
2025-11-14 02:30:00,101.06
2025-11-14 02:45:00,102.26
2025-11-14 03:00:00,97.85
2025-11-14 03:15:00,98.98
2025-11-14 03:30:00,102.1
2025-11-14 03:45:00,105.79
2025-11-14 04:00:00,102.84
2025-11-14 04:15:00,106.21
2025-11-14 04:30:00,112.55
2025-11-14 04:45:00,138.99
2025-11-14 05:00:00,121.82
2025-11-14 05:15:00,133.72
2025-11-14 05:30:00,136.84
2025-11-14 05:45:00,140.31
2025-11-14 06:00:00,136.11
2025-11-14 06:15:00,133.22
2025-11-14 06:30:00,136.13
2025-11-14 06:45:00,134.61
2025-11-14 07:00:00,160.29
2025-11-14 07:15:00,144.45
2025-11-14 07:30:00,133.37
2025-11-14 07:45:00,125.86
2025-11-14 08:00:00,142.06
2025-11-14 08:15:00,128.63
2025-11-14 08:30:00,127.63
2025-11-14 08:45:00,113.7
2025-11-14 09:00:00,129.84
2025-11-14 09:15:00,123.31
2025-11-14 09:30:00,113.42
2025-11-14 09:45:00,110.39
2025-11-14 10:00:00,117.06
2025-11-14 10:15:00,112.55
2025-11-14 10:30:00,111.78
2025-11-14 10:45:00,108.6
2025-11-14 11:00:00,108.27
2025-11-14 11:15:00,106.52
2025-11-14 11:30:00,105.98
2025-11-14 11:45:00,110.55
2025-11-14 12:00:00,109.71
2025-11-14 12:15:00,111.32
2025-11-14 12:30:00,116.91
2025-11-14 12:45:00,120.08
2025-11-14 13:00:00,110.73
2025-11-14 13:15:00,120.73
2025-11-14 13:30:00,131.0
2025-11-14 13:45:00,152.25
2025-11-14 14:00:00,115.16
2025-11-14 14:15:00,131.41
2025-11-14 14:30:00,156.21
2025-11-14 14:45:00,195.43
2025-11-14 15:00:00,149.37
2025-11-14 15:15:00,161.73
2025-11-14 15:30:00,199.62
2025-11-14 15:45:00,212.79
2025-11-14 16:00:00,152.98
2025-11-14 16:15:00,144.83
2025-11-14 16:30:00,144.96
2025-11-14 16:45:00,137.37
2025-11-14 17:00:00,149.36
2025-11-14 17:15:00,143.17
2025-11-14 17:30:00,145.88
2025-11-14 17:45:00,131.07
2025-11-14 18:00:00,143.89
2025-11-14 18:15:00,138.08
2025-11-14 18:30:00,131.62
2025-11-14 18:45:00,122.04
2025-11-14 19:00:00,131.16
2025-11-14 19:15:00,122.04
2025-11-14 19:30:00,117.6
2025-11-14 19:45:00,109.52
2025-11-14 20:00:00,121.31
2025-11-14 20:15:00,115.16
2025-11-14 20:30:00,104.95
2025-11-14 20:45:00,94.59
2025-11-14 21:00:00,115.0
2025-11-14 21:15:00,114.91
2025-11-14 21:30:00,109.52
2025-11-14 21:45:00,106.65
2025-11-14 22:00:00,110.58
2025-11-14 22:15:00,105.74
2025-11-14 22:30:00,104.65
2025-11-14 22:45:00,91.41
2025-11-14 23:00:00,105.84
2025-11-14 23:15:00,104.83
2025-11-14 23:30:00,112.19
2025-11-14 23:45:00,106.38
2025-11-15 00:00:00,107.61
2025-11-15 00:15:00,101.12
2025-11-15 00:30:00,96.69
2025-11-15 00:45:00,89.27
2025-11-15 01:00:00,99.11
2025-11-15 01:15:00,98.24
2025-11-15 01:30:00,96.47
2025-11-15 01:45:00,93.32
2025-11-15 02:00:00,97.09
2025-11-15 02:15:00,93.25
2025-11-15 02:30:00,92.92
2025-11-15 02:45:00,92.38
2025-11-15 03:00:00,93.21
2025-11-15 03:15:00,93.63
2025-11-15 03:30:00,95.6
2025-11-15 03:45:00,96.6
2025-11-15 04:00:00,91.24
2025-11-15 04:15:00,98.33
2025-11-15 04:30:00,101.7
2025-11-15 04:45:00,105.19
2025-11-15 05:00:00,99.34
2025-11-15 05:15:00,109.5
2025-11-15 05:30:00,112.19
2025-11-15 05:45:00,114.09
2025-11-15 06:00:00,108.45
2025-11-15 06:15:00,110.0
2025-11-15 06:30:00,106.35
2025-11-15 06:45:00,104.05
2025-11-15 07:00:00,104.57
2025-11-15 07:15:00,104.17
2025-11-15 07:30:00,103.4
2025-11-15 07:45:00,101.74
2025-11-15 08:00:00,104.24
2025-11-15 08:15:00,96.37
2025-11-15 08:30:00,99.82
2025-11-15 08:45:00,97.91
2025-11-15 09:00:00,102.2
2025-11-15 09:15:00,101.1
2025-11-15 09:30:00,100.46
2025-11-15 09:45:00,100.32
2025-11-15 10:00:00,99.65
2025-11-15 10:15:00,99.82
2025-11-15 10:30:00,100.63
2025-11-15 10:45:00,98.74
2025-11-15 11:00:00,95.35
2025-11-15 11:15:00,95.82
2025-11-15 11:30:00,100.24
2025-11-15 11:45:00,100.1
2025-11-15 12:00:00,101.32
2025-11-15 12:15:00,105.29
2025-11-15 12:30:00,103.77
2025-11-15 12:45:00,104.71
2025-11-15 13:00:00,101.67
2025-11-15 13:15:00,104.06
2025-11-15 13:30:00,114.62
2025-11-15 13:45:00,134.5
2025-11-15 14:00:00,113.72
2025-11-15 14:15:00,129.14
2025-11-15 14:30:00,131.71
2025-11-15 14:45:00,139.93
2025-11-15 15:00:00,128.64
2025-11-15 15:15:00,131.78
2025-11-15 15:30:00,145.13
2025-11-15 15:45:00,159.46
2025-11-15 16:00:00,144.97
2025-11-15 16:15:00,142.25
2025-11-15 16:30:00,141.14
2025-11-15 16:45:00,134.62
2025-11-15 17:00:00,145.36
2025-11-15 17:15:00,134.58
2025-11-15 17:30:00,129.94
2025-11-15 17:45:00,134.78
2025-11-15 18:00:00,140.23
2025-11-15 18:15:00,130.86
2025-11-15 18:30:00,139.6
2025-11-15 18:45:00,129.94
2025-11-15 19:00:00,137.6
2025-11-15 19:15:00,129.94
2025-11-15 19:30:00,122.09
2025-11-15 19:45:00,113.72
2025-11-15 20:00:00,122.09
2025-11-15 20:15:00,114.16
2025-11-15 20:30:00,113.52
2025-11-15 20:45:00,110.9
2025-11-15 21:00:00,121.09
2025-11-15 21:15:00,117.4
2025-11-15 21:30:00,111.57
2025-11-15 21:45:00,104.63
2025-11-15 22:00:00,113.72
2025-11-15 22:15:00,109.97
2025-11-15 22:30:00,104.48
2025-11-15 22:45:00,100.34
2025-11-15 23:00:00,111.15
2025-11-15 23:15:00,105.55
2025-11-15 23:30:00,103.82
2025-11-15 23:45:00,103.38
2025-11-16 00:00:00,104.56
2025-11-16 00:15:00,99.81
2025-11-16 00:30:00,101.6
2025-11-16 00:45:00,98.95
2025-11-16 01:00:00,100.39
2025-11-16 01:15:00,100.06
2025-11-16 01:30:00,101.07
2025-11-16 01:45:00,101.07
2025-11-16 02:00:00,102.82
2025-11-16 02:15:00,101.35
2025-11-16 02:30:00,98.9
2025-11-16 02:45:00,99.82
2025-11-16 03:00:00,99.77
2025-11-16 03:15:00,98.84
2025-11-16 03:30:00,99.99
2025-11-16 03:45:00,101.0
2025-11-16 04:00:00,103.55
2025-11-16 04:15:00,101.05
2025-11-16 04:30:00,102.69
2025-11-16 04:45:00,104.48
2025-11-16 05:00:00,96.57
2025-11-16 05:15:00,102.84
2025-11-16 05:30:00,104.06
2025-11-16 05:45:00,105.03
2025-11-16 06:00:00,104.72
2025-11-16 06:15:00,104.8
2025-11-16 06:30:00,98.8
2025-11-16 06:45:00,101.42
2025-11-16 07:00:00,104.96
2025-11-16 07:15:00,105.02
2025-11-16 07:30:00,105.78
2025-11-16 07:45:00,101.73
2025-11-16 08:00:00,108.4
2025-11-16 08:15:00,108.11
2025-11-16 08:30:00,107.45
2025-11-16 08:45:00,105.74
2025-11-16 09:00:00,106.39
2025-11-16 09:15:00,105.91
2025-11-16 09:30:00,105.12
2025-11-16 09:45:00,105.97
2025-11-16 10:00:00,108.69
2025-11-16 10:15:00,110.07
2025-11-16 10:30:00,110.4
2025-11-16 10:45:00,106.01
2025-11-16 11:00:00,110.47
2025-11-16 11:15:00,105.63
2025-11-16 11:30:00,104.58
2025-11-16 11:45:00,104.69
2025-11-16 12:00:00,107.47
2025-11-16 12:15:00,114.0
2025-11-16 12:30:00,108.55
2025-11-16 12:45:00,110.39
2025-11-16 13:00:00,107.91
2025-11-16 13:15:00,116.78
2025-11-16 13:30:00,120.25
2025-11-16 13:45:00,120.25
2025-11-16 14:00:00,114.74
2025-11-16 14:15:00,121.97
2025-11-16 14:30:00,127.61
2025-11-16 14:45:00,135.17
2025-11-16 15:00:00,124.43
2025-11-16 15:15:00,130.28
2025-11-16 15:30:00,133.71
2025-11-16 15:45:00,146.2
2025-11-16 16:00:00,131.17
2025-11-16 16:15:00,134.97
2025-11-16 16:30:00,138.97
2025-11-16 16:45:00,136.55
2025-11-16 17:00:00,129.35
2025-11-16 17:15:00,129.25
2025-11-16 17:30:00,128.5
2025-11-16 17:45:00,124.43
2025-11-16 18:00:00,123.71
2025-11-16 18:15:00,120.79
2025-11-16 18:30:00,119.6
2025-11-16 18:45:00,117.77
2025-11-16 19:00:00,124.43
2025-11-16 19:15:00,121.95
2025-11-16 19:30:00,114.07
2025-11-16 19:45:00,106.77
2025-11-16 20:00:00,117.22
2025-11-16 20:15:00,110.28
2025-11-16 20:30:00,106.23
2025-11-16 20:45:00,102.26
2025-11-16 21:00:00,108.96
2025-11-16 21:15:00,105.44
2025-11-16 21:30:00,93.67
2025-11-16 21:45:00,91.78
2025-11-16 22:00:00,102.35
2025-11-16 22:15:00,88.74
2025-11-16 22:30:00,86.57
2025-11-16 22:45:00,76.27
2025-11-16 23:00:00,91.43
2025-11-16 23:15:00,92.87
2025-11-16 23:30:00,94.71
2025-11-16 23:45:00,89.33
2025-11-17 00:00:00,88.31
2025-11-17 00:15:00,85.06
2025-11-17 00:30:00,82.09
2025-11-17 00:45:00,76.96
2025-11-17 01:00:00,79.76
2025-11-17 01:15:00,76.67
2025-11-17 01:30:00,75.82
2025-11-17 01:45:00,75.0
2025-11-17 02:00:00,75.88
2025-11-17 02:15:00,75.0
2025-11-17 02:30:00,76.37
2025-11-17 02:45:00,76.43
2025-11-17 03:00:00,76.29
2025-11-17 03:15:00,77.0
2025-11-17 03:30:00,81.09
2025-11-17 03:45:00,87.0
2025-11-17 04:00:00,76.66
2025-11-17 04:15:00,89.03
2025-11-17 04:30:00,96.32
2025-11-17 04:45:00,108.4
2025-11-17 05:00:00,95.49
2025-11-17 05:15:00,105.18
2025-11-17 05:30:00,111.19
2025-11-17 05:45:00,120.14
2025-11-17 06:00:00,115.79
2025-11-17 06:15:00,121.39
2025-11-17 06:30:00,123.53
2025-11-17 06:45:00,123.54
2025-11-17 07:00:00,134.75
2025-11-17 07:15:00,126.41
2025-11-17 07:30:00,125.34
2025-11-17 07:45:00,119.09
2025-11-17 08:00:00,136.32
2025-11-17 08:15:00,131.29
2025-11-17 08:30:00,125.06
2025-11-17 08:45:00,120.9
2025-11-17 09:00:00,130.0
2025-11-17 09:15:00,120.9
2025-11-17 09:30:00,120.9
2025-11-17 09:45:00,120.9
2025-11-17 10:00:00,121.05
2025-11-17 10:15:00,120.9
2025-11-17 10:30:00,120.9
2025-11-17 10:45:00,114.95
2025-11-17 11:00:00,116.95
2025-11-17 11:15:00,114.58
2025-11-17 11:30:00,110.0
2025-11-17 11:45:00,109.56
2025-11-17 12:00:00,119.21
2025-11-17 12:15:00,116.69
2025-11-17 12:30:00,113.43
2025-11-17 12:45:00,116.97
2025-11-17 13:00:00,110.56
2025-11-17 13:15:00,118.53
2025-11-17 13:30:00,122.3
2025-11-17 13:45:00,125.41
2025-11-17 14:00:00,108.4
2025-11-17 14:15:00,115.0
2025-11-17 14:30:00,120.6
2025-11-17 14:45:00,125.65
2025-11-17 15:00:00,115.0
2025-11-17 15:15:00,119.19
2025-11-17 15:30:00,120.9
2025-11-17 15:45:00,125.41
2025-11-17 16:00:00,117.6
2025-11-17 16:15:00,120.81
2025-11-17 16:30:00,119.45
2025-11-17 16:45:00,120.4
2025-11-17 17:00:00,120.9
2025-11-17 17:15:00,114.32
2025-11-17 17:30:00,115.85
2025-11-17 17:45:00,116.1
2025-11-17 18:00:00,114.59
2025-11-17 18:15:00,112.22
2025-11-17 18:30:00,108.72
2025-11-17 18:45:00,107.32
2025-11-17 19:00:00,107.98
2025-11-17 19:15:00,107.32
2025-11-17 19:30:00,104.39
2025-11-17 19:45:00,92.97
2025-11-17 20:00:00,103.28
2025-11-17 20:15:00,95.82
2025-11-17 20:30:00,91.63
2025-11-17 20:45:00,85.61
2025-11-17 21:00:00,95.81
2025-11-17 21:15:00,91.72
2025-11-17 21:30:00,90.47
2025-11-17 21:45:00,84.72
2025-11-17 22:00:00,90.74
2025-11-17 22:15:00,83.76
2025-11-17 22:30:00,78.39
2025-11-17 22:45:00,72.0
2025-11-17 23:00:00,89.07
2025-11-17 23:15:00,83.52
2025-11-17 23:30:00,87.15
2025-11-17 23:45:00,82.03
2025-11-18 00:00:00,87.37
2025-11-18 00:15:00,83.62
2025-11-18 00:30:00,83.03
2025-11-18 00:45:00,80.01
2025-11-18 01:00:00,82.11
2025-11-18 01:15:00,79.76
2025-11-18 01:30:00,79.46
2025-11-18 01:45:00,77.4
2025-11-18 02:00:00,78.82
2025-11-18 02:15:00,78.45
2025-11-18 02:30:00,78.56
2025-11-18 02:45:00,78.31
2025-11-18 03:00:00,77.72
2025-11-18 03:15:00,79.9
2025-11-18 03:30:00,82.56
2025-11-18 03:45:00,85.84
2025-11-18 04:00:00,77.47
2025-11-18 04:15:00,84.33
2025-11-18 04:30:00,87.53
2025-11-18 04:45:00,89.35
2025-11-18 05:00:00,87.62
2025-11-18 05:15:00,95.55
2025-11-18 05:30:00,100.5
2025-11-18 05:45:00,117.73
2025-11-18 06:00:00,118.43
2025-11-18 06:15:00,120.92
2025-11-18 06:30:00,116.25
2025-11-18 06:45:00,110.22
2025-11-18 07:00:00,133.3
2025-11-18 07:15:00,126.91
2025-11-18 07:30:00,119.32
2025-11-18 07:45:00,102.75
2025-11-18 08:00:00,133.83
2025-11-18 08:15:00,111.28
2025-11-18 08:30:00,99.82
2025-11-18 08:45:00,88.71
2025-11-18 09:00:00,103.16
2025-11-18 09:15:00,90.12
2025-11-18 09:30:00,90.07
2025-11-18 09:45:00,88.54
2025-11-18 10:00:00,90.79
2025-11-18 10:15:00,90.71
2025-11-18 10:30:00,91.78
2025-11-18 10:45:00,94.24
2025-11-18 11:00:00,90.51
2025-11-18 11:15:00,92.09
2025-11-18 11:30:00,91.36
2025-11-18 11:45:00,100.92
2025-11-18 12:00:00,95.52
2025-11-18 12:15:00,106.97
2025-11-18 12:30:00,108.46
2025-11-18 12:45:00,110.84
2025-11-18 13:00:00,104.52
2025-11-18 13:15:00,117.5
2025-11-18 13:30:00,122.56
2025-11-18 13:45:00,129.08
2025-11-18 14:00:00,117.5
2025-11-18 14:15:00,125.1
2025-11-18 14:30:00,138.25
2025-11-18 14:45:00,151.16
2025-11-18 15:00:00,134.36
2025-11-18 15:15:00,147.28
2025-11-18 15:30:00,158.99
2025-11-18 15:45:00,177.87
2025-11-18 16:00:00,151.73
2025-11-18 16:15:00,159.52
2025-11-18 16:30:00,157.8
2025-11-18 16:45:00,153.18
2025-11-18 17:00:00,153.77
2025-11-18 17:15:00,145.73
2025-11-18 17:30:00,139.89
2025-11-18 17:45:00,143.2
2025-11-18 18:00:00,138.85
2025-11-18 18:15:00,136.16
2025-11-18 18:30:00,133.83
2025-11-18 18:45:00,129.08
2025-11-18 19:00:00,135.78
2025-11-18 19:15:00,129.08
2025-11-18 19:30:00,121.49
2025-11-18 19:45:00,112.16
2025-11-18 20:00:00,121.49
2025-11-18 20:15:00,117.5
2025-11-18 20:30:00,111.02
2025-11-18 20:45:00,103.66
2025-11-18 21:00:00,115.4
2025-11-18 21:15:00,111.8
2025-11-18 21:30:00,104.18
2025-11-18 21:45:00,91.32
2025-11-18 22:00:00,97.35
2025-11-18 22:15:00,89.12
2025-11-18 22:30:00,88.85
2025-11-18 22:45:00,84.53
2025-11-18 23:00:00,91.46
2025-11-18 23:15:00,88.17
2025-11-18 23:30:00,86.77
2025-11-18 23:45:00,88.11
2025-11-19 00:00:00,86.85
2025-11-19 00:15:00,84.7
2025-11-19 00:30:00,87.12
2025-11-19 00:45:00,87.14
2025-11-19 01:00:00,85.77
2025-11-19 01:15:00,82.8
2025-11-19 01:30:00,85.35
2025-11-19 01:45:00,86.55
2025-11-19 02:00:00,82.32
2025-11-19 02:15:00,84.61
2025-11-19 02:30:00,85.92
2025-11-19 02:45:00,87.7
2025-11-19 03:00:00,81.58
2025-11-19 03:15:00,85.86
2025-11-19 03:30:00,88.8
2025-11-19 03:45:00,94.95
2025-11-19 04:00:00,91.0
2025-11-19 04:15:00,101.89
2025-11-19 04:30:00,113.35
2025-11-19 04:45:00,118.2
2025-11-19 05:00:00,103.04
2025-11-19 05:15:00,118.2
2025-11-19 05:30:00,128.33
2025-11-19 05:45:00,151.21
2025-11-19 06:00:00,141.29
2025-11-19 06:15:00,148.94
2025-11-19 06:30:00,148.6
2025-11-19 06:45:00,152.69
2025-11-19 07:00:00,159.12
2025-11-19 07:15:00,143.19
2025-11-19 07:30:00,134.34
2025-11-19 07:45:00,125.03
2025-11-19 08:00:00,140.0
2025-11-19 08:15:00,129.9
2025-11-19 08:30:00,123.0
2025-11-19 08:45:00,118.02
2025-11-19 09:00:00,121.2
2025-11-19 09:15:00,118.52
2025-11-19 09:30:00,113.24
2025-11-19 09:45:00,111.03
2025-11-19 10:00:00,114.0
2025-11-19 10:15:00,113.49
2025-11-19 10:30:00,113.0
2025-11-19 10:45:00,111.11
2025-11-19 11:00:00,113.35
2025-11-19 11:15:00,112.43
2025-11-19 11:30:00,111.11
2025-11-19 11:45:00,111.11
2025-11-19 12:00:00,113.35
2025-11-19 12:15:00,115.0
2025-11-19 12:30:00,120.93
2025-11-19 12:45:00,130.51
2025-11-19 13:00:00,116.81
2025-11-19 13:15:00,122.8
2025-11-19 13:30:00,135.61
2025-11-19 13:45:00,180.01
2025-11-19 14:00:00,127.34
2025-11-19 14:15:00,151.16
2025-11-19 14:30:00,175.66
2025-11-19 14:45:00,180.59
2025-11-19 15:00:00,142.51
2025-11-19 15:15:00,155.73
2025-11-19 15:30:00,190.93
2025-11-19 15:45:00,201.53
2025-11-19 16:00:00,147.95
2025-11-19 16:15:00,146.67
2025-11-19 16:30:00,144.96
2025-11-19 16:45:00,139.42
2025-11-19 17:00:00,139.06
2025-11-19 17:15:00,136.59
2025-11-19 17:30:00,132.98
2025-11-19 17:45:00,129.93
2025-11-19 18:00:00,136.16
2025-11-19 18:15:00,136.59
2025-11-19 18:30:00,130.36
2025-11-19 18:45:00,129.0
2025-11-19 19:00:00,140.0
2025-11-19 19:15:00,128.0
2025-11-19 19:30:00,124.41
2025-11-19 19:45:00,110.33
2025-11-19 20:00:00,127.29
2025-11-19 20:15:00,122.99
2025-11-19 20:30:00,118.56
2025-11-19 20:45:00,110.09
2025-11-19 21:00:00,120.2
2025-11-19 21:15:00,114.16
2025-11-19 21:30:00,103.94
2025-11-19 21:45:00,95.61
2025-11-19 22:00:00,95.75
2025-11-19 22:15:00,93.48
2025-11-19 22:30:00,90.19
2025-11-19 22:45:00,88.12
2025-11-19 23:00:00,93.75
2025-11-19 23:15:00,92.69
2025-11-19 23:30:00,89.75
2025-11-19 23:45:00,88.64
2025-11-20 00:00:00,90.41
2025-11-20 00:15:00,89.25
2025-11-20 00:30:00,88.64
2025-11-20 00:45:00,88.14
2025-11-20 01:00:00,89.09
2025-11-20 01:15:00,88.19
2025-11-20 01:30:00,87.59
2025-11-20 01:45:00,87.43
2025-11-20 02:00:00,87.34
2025-11-20 02:15:00,88.26
2025-11-20 02:30:00,88.1
2025-11-20 02:45:00,88.11
2025-11-20 03:00:00,87.32
2025-11-20 03:15:00,87.89
2025-11-20 03:30:00,88.4
2025-11-20 03:45:00,89.65
2025-11-20 04:00:00,88.47
2025-11-20 04:15:00,96.99
2025-11-20 04:30:00,104.25
2025-11-20 04:45:00,114.11
2025-11-20 05:00:00,110.89
2025-11-20 05:15:00,122.68
2025-11-20 05:30:00,136.35
2025-11-20 05:45:00,156.42
2025-11-20 06:00:00,141.38
2025-11-20 06:15:00,142.27
2025-11-20 06:30:00,146.55
2025-11-20 06:45:00,153.62
2025-11-20 07:00:00,152.44
2025-11-20 07:15:00,159.74
2025-11-20 07:30:00,155.0
2025-11-20 07:45:00,148.13
2025-11-20 08:00:00,172.62
2025-11-20 08:15:00,150.11
2025-11-20 08:30:00,148.28
2025-11-20 08:45:00,135.0
2025-11-20 09:00:00,163.03
2025-11-20 09:15:00,147.62
2025-11-20 09:30:00,144.76
2025-11-20 09:45:00,134.54
2025-11-20 10:00:00,145.3
2025-11-20 10:15:00,144.11
2025-11-20 10:30:00,137.67
2025-11-20 10:45:00,134.63
2025-11-20 11:00:00,139.42
2025-11-20 11:15:00,137.29
2025-11-20 11:30:00,139.56
2025-11-20 11:45:00,140.58
2025-11-20 12:00:00,139.62
2025-11-20 12:15:00,143.5
2025-11-20 12:30:00,149.58
2025-11-20 12:45:00,150.64
2025-11-20 13:00:00,134.3
2025-11-20 13:15:00,150.03
2025-11-20 13:30:00,165.17
2025-11-20 13:45:00,192.64
2025-11-20 14:00:00,148.18
2025-11-20 14:15:00,155.2
2025-11-20 14:30:00,165.23
2025-11-20 14:45:00,188.11
2025-11-20 15:00:00,154.42
2025-11-20 15:15:00,171.5
2025-11-20 15:30:00,187.64
2025-11-20 15:45:00,196.21
2025-11-20 16:00:00,172.61
2025-11-20 16:15:00,176.63
2025-11-20 16:30:00,173.99
2025-11-20 16:45:00,170.31
2025-11-20 17:00:00,169.56
2025-11-20 17:15:00,163.82
2025-11-20 17:30:00,159.67
2025-11-20 17:45:00,158.32
2025-11-20 18:00:00,166.7
2025-11-20 18:15:00,156.79
2025-11-20 18:30:00,154.33
2025-11-20 18:45:00,145.82
2025-11-20 19:00:00,145.85
2025-11-20 19:15:00,146.69
2025-11-20 19:30:00,135.31
2025-11-20 19:45:00,119.46
2025-11-20 20:00:00,134.77
2025-11-20 20:15:00,127.12
2025-11-20 20:30:00,115.1
2025-11-20 20:45:00,107.61
2025-11-20 21:00:00,118.63
2025-11-20 21:15:00,115.36
2025-11-20 21:30:00,109.6
2025-11-20 21:45:00,100.1
2025-11-20 22:00:00,105.88
2025-11-20 22:15:00,93.49
2025-11-20 22:30:00,90.0
2025-11-20 22:45:00,86.01
2025-11-20 23:00:00,104.02
2025-11-20 23:15:00,106.11
2025-11-20 23:30:00,104.85
2025-11-20 23:45:00,98.36
2025-11-21 00:00:00,103.71
2025-11-21 00:15:00,95.55
2025-11-21 00:30:00,90.11
2025-11-21 00:45:00,89.31
2025-11-21 01:00:00,93.99
2025-11-21 01:15:00,89.24
2025-11-21 01:30:00,89.2
2025-11-21 01:45:00,90.39
2025-11-21 02:00:00,90.0
2025-11-21 02:15:00,89.4
2025-11-21 02:30:00,91.56
2025-11-21 02:45:00,92.79
2025-11-21 03:00:00,89.02
2025-11-21 03:15:00,90.92
2025-11-21 03:30:00,96.19
2025-11-21 03:45:00,103.69
2025-11-21 04:00:00,91.17
2025-11-21 04:15:00,100.84
2025-11-21 04:30:00,104.27
2025-11-21 04:45:00,116.69
2025-11-21 05:00:00,104.96
2025-11-21 05:15:00,116.44
2025-11-21 05:30:00,130.03
2025-11-21 05:45:00,165.05
2025-11-21 06:00:00,144.21
2025-11-21 06:15:00,177.76
2025-11-21 06:30:00,186.54
2025-11-21 06:45:00,200.0
2025-11-21 07:00:00,223.83
2025-11-21 07:15:00,223.39
2025-11-21 07:30:00,200.0
2025-11-21 07:45:00,163.64
2025-11-21 08:00:00,220.0
2025-11-21 08:15:00,187.63
2025-11-21 08:30:00,165.15
2025-11-21 08:45:00,133.85
2025-11-21 09:00:00,178.89
2025-11-21 09:15:00,151.27
2025-11-21 09:30:00,145.86
2025-11-21 09:45:00,129.49
2025-11-21 10:00:00,152.27
2025-11-21 10:15:00,140.63
2025-11-21 10:30:00,132.87
2025-11-21 10:45:00,128.63
2025-11-21 11:00:00,131.48
2025-11-21 11:15:00,131.79
2025-11-21 11:30:00,131.91
2025-11-21 11:45:00,133.29
2025-11-21 12:00:00,129.66
2025-11-21 12:15:00,134.78
2025-11-21 12:30:00,140.59
2025-11-21 12:45:00,155.41
2025-11-21 13:00:00,125.92
2025-11-21 13:15:00,153.95
2025-11-21 13:30:00,178.68
2025-11-21 13:45:00,182.76
2025-11-21 14:00:00,153.88
2025-11-21 14:15:00,169.03
2025-11-21 14:30:00,198.58
2025-11-21 14:45:00,263.59
2025-11-21 15:00:00,189.08
2025-11-21 15:15:00,229.25
2025-11-21 15:30:00,250.6
2025-11-21 15:45:00,314.85
2025-11-21 16:00:00,243.83
2025-11-21 16:15:00,250.86
2025-11-21 16:30:00,232.96
2025-11-21 16:45:00,218.7
2025-11-21 17:00:00,220.87
2025-11-21 17:15:00,207.26
2025-11-21 17:30:00,193.5
2025-11-21 17:45:00,181.91
2025-11-21 18:00:00,181.35
2025-11-21 18:15:00,166.06
2025-11-21 18:30:00,167.7
2025-11-21 18:45:00,166.72
2025-11-21 19:00:00,172.85
2025-11-21 19:15:00,152.66
2025-11-21 19:30:00,123.98
2025-11-21 19:45:00,116.21
2025-11-21 20:00:00,135.85
2025-11-21 20:15:00,121.58
2025-11-21 20:30:00,113.03
2025-11-21 20:45:00,103.09
2025-11-21 21:00:00,116.96
2025-11-21 21:15:00,111.78
2025-11-21 21:30:00,100.63
2025-11-21 21:45:00,93.67
2025-11-21 22:00:00,109.75
2025-11-21 22:15:00,95.0
2025-11-21 22:30:00,90.37
2025-11-21 22:45:00,86.06
2025-11-21 23:00:00,124.3
2025-11-21 23:15:00,108.03
2025-11-21 23:30:00,94.04
2025-11-21 23:45:00,86.36
2025-11-22 00:00:00,98.96
2025-11-22 00:15:00,94.05
2025-11-22 00:30:00,92.22
2025-11-22 00:45:00,93.5
2025-11-22 01:00:00,90.37
2025-11-22 01:15:00,89.16
2025-11-22 01:30:00,87.23
2025-11-22 01:45:00,87.0
2025-11-22 02:00:00,86.64
2025-11-22 02:15:00,85.07
2025-11-22 02:30:00,85.49
2025-11-22 02:45:00,83.91
2025-11-22 03:00:00,82.19
2025-11-22 03:15:00,87.39
2025-11-22 03:30:00,88.49
2025-11-22 03:45:00,90.56
2025-11-22 04:00:00,85.73
2025-11-22 04:15:00,85.81
2025-11-22 04:30:00,85.66
2025-11-22 04:45:00,88.36
2025-11-22 05:00:00,87.01
2025-11-22 05:15:00,88.34
2025-11-22 05:30:00,90.82
2025-11-22 05:45:00,103.46
2025-11-22 06:00:00,100.59
2025-11-22 06:15:00,108.16
2025-11-22 06:30:00,115.41
2025-11-22 06:45:00,117.01
2025-11-22 07:00:00,122.3
2025-11-22 07:15:00,117.01
2025-11-22 07:30:00,99.75
2025-11-22 07:45:00,91.51
2025-11-22 08:00:00,115.24
2025-11-22 08:15:00,96.64
2025-11-22 08:30:00,97.84
2025-11-22 08:45:00,95.6
2025-11-22 09:00:00,102.47
2025-11-22 09:15:00,100.94
2025-11-22 09:30:00,100.01
2025-11-22 09:45:00,94.96
2025-11-22 10:00:00,100.09
2025-11-22 10:15:00,96.87
2025-11-22 10:30:00,99.17
2025-11-22 10:45:00,99.88
2025-11-22 11:00:00,102.88
2025-11-22 11:15:00,97.41
2025-11-22 11:30:00,98.87
2025-11-22 11:45:00,98.01
2025-11-22 12:00:00,100.0
2025-11-22 12:15:00,98.87
2025-11-22 12:30:00,98.02
2025-11-22 12:45:00,101.91
2025-11-22 13:00:00,98.44
2025-11-22 13:15:00,105.45
2025-11-22 13:30:00,115.83
2025-11-22 13:45:00,134.44
2025-11-22 14:00:00,115.9
2025-11-22 14:15:00,123.11
2025-11-22 14:30:00,149.05
2025-11-22 14:45:00,126.97
2025-11-22 15:00:00,127.97
2025-11-22 15:15:00,138.96
2025-11-22 15:30:00,143.03
2025-11-22 15:45:00,145.42
2025-11-22 16:00:00,140.79
2025-11-22 16:15:00,144.66
2025-11-22 16:30:00,133.93
2025-11-22 16:45:00,126.46
2025-11-22 17:00:00,137.45
2025-11-22 17:15:00,132.98
2025-11-22 17:30:00,132.41
2025-11-22 17:45:00,123.78
2025-11-22 18:00:00,128.58
2025-11-22 18:15:00,128.01
2025-11-22 18:30:00,131.03
2025-11-22 18:45:00,116.28
2025-11-22 19:00:00,129.79
2025-11-22 19:15:00,126.54
2025-11-22 19:30:00,111.01
2025-11-22 19:45:00,97.13
2025-11-22 20:00:00,107.74
2025-11-22 20:15:00,100.45
2025-11-22 20:30:00,96.33
2025-11-22 20:45:00,91.37
2025-11-22 21:00:00,100.42
2025-11-22 21:15:00,96.04
2025-11-22 21:30:00,94.58
2025-11-22 21:45:00,86.92
2025-11-22 22:00:00,88.0
2025-11-22 22:15:00,83.9
2025-11-22 22:30:00,80.22
2025-11-22 22:45:00,78.17
2025-11-22 23:00:00,95.06
2025-11-22 23:15:00,88.83
2025-11-22 23:30:00,75.0
2025-11-22 23:45:00,67.22
2025-11-23 00:00:00,81.22
2025-11-23 00:15:00,73.54
2025-11-23 00:30:00,71.46
2025-11-23 00:45:00,71.19
2025-11-23 01:00:00,74.84
2025-11-23 01:15:00,71.42
2025-11-23 01:30:00,68.69
2025-11-23 01:45:00,66.81
2025-11-23 02:00:00,65.18
2025-11-23 02:15:00,63.01
2025-11-23 02:30:00,63.38
2025-11-23 02:45:00,61.35
2025-11-23 03:00:00,62.74
2025-11-23 03:15:00,61.43
2025-11-23 03:30:00,60.66
2025-11-23 03:45:00,58.71
2025-11-23 04:00:00,63.89
2025-11-23 04:15:00,64.22
2025-11-23 04:30:00,65.0
2025-11-23 04:45:00,83.76
2025-11-23 05:00:00,72.53
2025-11-23 05:15:00,81.79
2025-11-23 05:30:00,86.7
2025-11-23 05:45:00,92.77
2025-11-23 06:00:00,81.15
2025-11-23 06:15:00,87.42
2025-11-23 06:30:00,96.51
2025-11-23 06:45:00,98.26
2025-11-23 07:00:00,97.42
2025-11-23 07:15:00,99.72
2025-11-23 07:30:00,100.01
2025-11-23 07:45:00,94.68
2025-11-23 08:00:00,98.27
2025-11-23 08:15:00,95.25
2025-11-23 08:30:00,94.99
2025-11-23 08:45:00,90.78
2025-11-23 09:00:00,96.36
2025-11-23 09:15:00,94.3
2025-11-23 09:30:00,92.94
2025-11-23 09:45:00,92.98
2025-11-23 10:00:00,91.85
2025-11-23 10:15:00,95.75
2025-11-23 10:30:00,95.36
2025-11-23 10:45:00,95.82
2025-11-23 11:00:00,95.0
2025-11-23 11:15:00,95.2
2025-11-23 11:30:00,95.72
2025-11-23 11:45:00,95.3
2025-11-23 12:00:00,90.94
2025-11-23 12:15:00,96.55
2025-11-23 12:30:00,99.18
2025-11-23 12:45:00,104.61
2025-11-23 13:00:00,97.95
2025-11-23 13:15:00,101.0
2025-11-23 13:30:00,111.52
2025-11-23 13:45:00,123.19
2025-11-23 14:00:00,101.05
2025-11-23 14:15:00,106.1
2025-11-23 14:30:00,117.16
2025-11-23 14:45:00,128.26
2025-11-23 15:00:00,123.48
2025-11-23 15:15:00,128.54
2025-11-23 15:30:00,134.41
2025-11-23 15:45:00,149.05
2025-11-23 16:00:00,123.2
2025-11-23 16:15:00,127.23
2025-11-23 16:30:00,130.22
2025-11-23 16:45:00,134.42
2025-11-23 17:00:00,128.23
2025-11-23 17:15:00,128.23
2025-11-23 17:30:00,130.22
2025-11-23 17:45:00,131.6
2025-11-23 18:00:00,131.13
2025-11-23 18:15:00,131.77
2025-11-23 18:30:00,132.98
2025-11-23 18:45:00,127.92
2025-11-23 19:00:00,130.06
2025-11-23 19:15:00,123.91
2025-11-23 19:30:00,118.28
2025-11-23 19:45:00,111.28
2025-11-23 20:00:00,117.97
2025-11-23 20:15:00,112.2
2025-11-23 20:30:00,98.57
2025-11-23 20:45:00,85.72
2025-11-23 21:00:00,111.04
2025-11-23 21:15:00,105.44
2025-11-23 21:30:00,90.71
2025-11-23 21:45:00,82.34
2025-11-23 22:00:00,88.66
2025-11-23 22:15:00,75.48
2025-11-23 22:30:00,72.43
2025-11-23 22:45:00,70.07
2025-11-23 23:00:00,80.12
2025-11-23 23:15:00,74.71
2025-11-23 23:30:00,75.37
2025-11-23 23:45:00,74.4
2025-11-24 00:00:00,73.84
2025-11-24 00:15:00,70.26
2025-11-24 00:30:00,70.87
2025-11-24 00:45:00,71.87
2025-11-24 01:00:00,69.5
2025-11-24 01:15:00,74.55
2025-11-24 01:30:00,74.32
2025-11-24 01:45:00,76.46
2025-11-24 02:00:00,72.88
2025-11-24 02:15:00,74.17
2025-11-24 02:30:00,78.22
2025-11-24 02:45:00,78.86
2025-11-24 03:00:00,74.12
2025-11-24 03:15:00,77.88
2025-11-24 03:30:00,76.25
2025-11-24 03:45:00,81.47
2025-11-24 04:00:00,71.58
2025-11-24 04:15:00,89.19
2025-11-24 04:30:00,102.63
2025-11-24 04:45:00,116.8
2025-11-24 05:00:00,95.53
2025-11-24 05:15:00,117.06
2025-11-24 05:30:00,133.18
2025-11-24 05:45:00,156.13
2025-11-24 06:00:00,135.15
2025-11-24 06:15:00,148.54
2025-11-24 06:30:00,162.45
2025-11-24 06:45:00,158.75
2025-11-24 07:00:00,149.64
2025-11-24 07:15:00,153.57
2025-11-24 07:30:00,151.35
2025-11-24 07:45:00,149.92
2025-11-24 08:00:00,156.0
2025-11-24 08:15:00,153.86
2025-11-24 08:30:00,148.98
2025-11-24 08:45:00,138.91
2025-11-24 09:00:00,150.11
2025-11-24 09:15:00,141.37
2025-11-24 09:30:00,147.3
2025-11-24 09:45:00,152.14
2025-11-24 10:00:00,156.53
2025-11-24 10:15:00,162.42
2025-11-24 10:30:00,159.93
2025-11-24 10:45:00,161.93
2025-11-24 11:00:00,169.93
2025-11-24 11:15:00,163.93
2025-11-24 11:30:00,162.96
2025-11-24 11:45:00,172.98
2025-11-24 12:00:00,169.99
2025-11-24 12:15:00,174.47
2025-11-24 12:30:00,192.36
2025-11-24 12:45:00,196.5
2025-11-24 13:00:00,194.97
2025-11-24 13:15:00,225.12
2025-11-24 13:30:00,214.0
2025-11-24 13:45:00,211.87
2025-11-24 14:00:00,178.76
2025-11-24 14:15:00,199.66
2025-11-24 14:30:00,229.67
2025-11-24 14:45:00,254.13
2025-11-24 15:00:00,196.12
2025-11-24 15:15:00,219.18
2025-11-24 15:30:00,257.43
2025-11-24 15:45:00,314.57
2025-11-24 16:00:00,231.99
2025-11-24 16:15:00,264.91
2025-11-24 16:30:00,269.87
2025-11-24 16:45:00,275.91
2025-11-24 17:00:00,268.21
2025-11-24 17:15:00,230.19
2025-11-24 17:30:00,219.62
2025-11-24 17:45:00,202.44
2025-11-24 18:00:00,214.94
2025-11-24 18:15:00,192.59
2025-11-24 18:30:00,191.44
2025-11-24 18:45:00,171.77
2025-11-24 19:00:00,199.82
2025-11-24 19:15:00,172.37
2025-11-24 19:30:00,167.56
2025-11-24 19:45:00,149.94
2025-11-24 20:00:00,165.58
2025-11-24 20:15:00,145.99
2025-11-24 20:30:00,133.5
2025-11-24 20:45:00,123.13
2025-11-24 21:00:00,140.48
2025-11-24 21:15:00,135.52
2025-11-24 21:30:00,123.26
2025-11-24 21:45:00,112.04
2025-11-24 22:00:00,119.02
2025-11-24 22:15:00,109.77
2025-11-24 22:30:00,105.85
2025-11-24 22:45:00,100.75
2025-11-24 23:00:00,104.24
2025-11-24 23:15:00,103.19
2025-11-24 23:30:00,107.23
2025-11-24 23:45:00,105.24
2025-11-25 00:00:00,106.93
2025-11-25 00:15:00,106.93
2025-11-25 00:30:00,101.29
2025-11-25 00:45:00,101.45
2025-11-25 01:00:00,103.32
2025-11-25 01:15:00,102.42
2025-11-25 01:30:00,103.28
2025-11-25 01:45:00,104.31
2025-11-25 02:00:00,105.15
2025-11-25 02:15:00,100.14
2025-11-25 02:30:00,101.65
2025-11-25 02:45:00,103.23
2025-11-25 03:00:00,105.2
2025-11-25 03:15:00,107.92
2025-11-25 03:30:00,104.29
2025-11-25 03:45:00,109.42
2025-11-25 04:00:00,104.31
2025-11-25 04:15:00,106.04
2025-11-25 04:30:00,114.36
2025-11-25 04:45:00,131.08
2025-11-25 05:00:00,116.19
2025-11-25 05:15:00,149.17
2025-11-25 05:30:00,174.71
2025-11-25 05:45:00,227.33
2025-11-25 06:00:00,179.77
2025-11-25 06:15:00,275.66
2025-11-25 06:30:00,315.93
2025-11-25 06:45:00,339.3
2025-11-25 07:00:00,287.55
2025-11-25 07:15:00,296.86
2025-11-25 07:30:00,291.67
2025-11-25 07:45:00,280.53
2025-11-25 08:00:00,286.55
2025-11-25 08:15:00,286.32
2025-11-25 08:30:00,240.0
2025-11-25 08:45:00,225.89
2025-11-25 09:00:00,270.63
2025-11-25 09:15:00,232.25
2025-11-25 09:30:00,225.13
2025-11-25 09:45:00,202.11
2025-11-25 10:00:00,219.18
2025-11-25 10:15:00,240.83
2025-11-25 10:30:00,260.69
2025-11-25 10:45:00,251.98
2025-11-25 11:00:00,247.03
2025-11-25 11:15:00,241.11
2025-11-25 11:30:00,258.93
2025-11-25 11:45:00,293.25
2025-11-25 12:00:00,267.28
2025-11-25 12:15:00,269.46
2025-11-25 12:30:00,257.59
2025-11-25 12:45:00,245.61
2025-11-25 13:00:00,242.15
2025-11-25 13:15:00,286.02
2025-11-25 13:30:00,314.11
2025-11-25 13:45:00,318.67
2025-11-25 14:00:00,278.64
2025-11-25 14:15:00,291.85
2025-11-25 14:30:00,305.41
2025-11-25 14:45:00,328.92
2025-11-25 15:00:00,244.92
2025-11-25 15:15:00,300.62
2025-11-25 15:30:00,329.9
2025-11-25 15:45:00,361.01
2025-11-25 16:00:00,290.4
2025-11-25 16:15:00,326.03
2025-11-25 16:30:00,326.88
2025-11-25 16:45:00,296.47
2025-11-25 17:00:00,287.77
2025-11-25 17:15:00,276.24
2025-11-25 17:30:00,274.07
2025-11-25 17:45:00,232.42
2025-11-25 18:00:00,316.85
2025-11-25 18:15:00,230.54
2025-11-25 18:30:00,180.5
2025-11-25 18:45:00,149.25
2025-11-25 19:00:00,202.89
2025-11-25 19:15:00,164.47
2025-11-25 19:30:00,144.53
2025-11-25 19:45:00,128.17
2025-11-25 20:00:00,156.68
2025-11-25 20:15:00,132.1
2025-11-25 20:30:00,116.46
2025-11-25 20:45:00,104.66
2025-11-25 21:00:00,120.6
2025-11-25 21:15:00,115.66
2025-11-25 21:30:00,108.95
2025-11-25 21:45:00,100.63
2025-11-25 22:00:00,115.43
2025-11-25 22:15:00,103.3
2025-11-25 22:30:00,94.5
2025-11-25 22:45:00,86.66
2025-11-25 23:00:00,99.38
2025-11-25 23:15:00,89.17
2025-11-25 23:30:00,90.86
2025-11-25 23:45:00,89.78
2025-11-26 00:00:00,92.82
2025-11-26 00:15:00,89.84
2025-11-26 00:30:00,86.38
2025-11-26 00:45:00,90.32
2025-11-26 01:00:00,90.56
2025-11-26 01:15:00,90.48
2025-11-26 01:30:00,89.64
2025-11-26 01:45:00,89.64
2025-11-26 02:00:00,90.82
2025-11-26 02:15:00,91.06
2025-11-26 02:30:00,92.42
2025-11-26 02:45:00,92.2
2025-11-26 03:00:00,89.46
2025-11-26 03:15:00,91.07
2025-11-26 03:30:00,92.66
2025-11-26 03:45:00,95.18
2025-11-26 04:00:00,87.71
2025-11-26 04:15:00,92.52
2025-11-26 04:30:00,103.15
2025-11-26 04:45:00,112.28
2025-11-26 05:00:00,96.42
2025-11-26 05:15:00,112.91
2025-11-26 05:30:00,125.89
2025-11-26 05:45:00,154.29
2025-11-26 06:00:00,142.84
2025-11-26 06:15:00,177.25
2025-11-26 06:30:00,197.61
2025-11-26 06:45:00,224.04
2025-11-26 07:00:00,206.16
2025-11-26 07:15:00,214.05
2025-11-26 07:30:00,259.5
2025-11-26 07:45:00,233.51
2025-11-26 08:00:00,240.0
2025-11-26 08:15:00,197.23
2025-11-26 08:30:00,199.3
2025-11-26 08:45:00,182.21
2025-11-26 09:00:00,215.34
2025-11-26 09:15:00,194.0
2025-11-26 09:30:00,175.0
2025-11-26 09:45:00,162.62
2025-11-26 10:00:00,181.62
2025-11-26 10:15:00,169.61
2025-11-26 10:30:00,164.27
2025-11-26 10:45:00,163.85
2025-11-26 11:00:00,163.59
2025-11-26 11:15:00,158.49
2025-11-26 11:30:00,163.5
2025-11-26 11:45:00,163.63
2025-11-26 12:00:00,163.95
2025-11-26 12:15:00,172.0
2025-11-26 12:30:00,174.53
2025-11-26 12:45:00,163.94
2025-11-26 13:00:00,159.71
2025-11-26 13:15:00,169.31
2025-11-26 13:30:00,194.0
2025-11-26 13:45:00,205.0
2025-11-26 14:00:00,167.09
2025-11-26 14:15:00,197.13
2025-11-26 14:30:00,232.44
2025-11-26 14:45:00,283.21
2025-11-26 15:00:00,207.57
2025-11-26 15:15:00,267.93
2025-11-26 15:30:00,302.51
2025-11-26 15:45:00,356.8
2025-11-26 16:00:00,276.5
2025-11-26 16:15:00,283.72
2025-11-26 16:30:00,288.19
2025-11-26 16:45:00,286.25
2025-11-26 17:00:00,258.55
2025-11-26 17:15:00,210.79
2025-11-26 17:30:00,223.37
2025-11-26 17:45:00,207.46
2025-11-26 18:00:00,219.26
2025-11-26 18:15:00,190.0
2025-11-26 18:30:00,168.1
2025-11-26 18:45:00,153.21
2025-11-26 19:00:00,173.22
2025-11-26 19:15:00,148.73
2025-11-26 19:30:00,128.08
2025-11-26 19:45:00,110.85
2025-11-26 20:00:00,139.42
2025-11-26 20:15:00,123.39
2025-11-26 20:30:00,102.85
2025-11-26 20:45:00,91.4
2025-11-26 21:00:00,118.42
2025-11-26 21:15:00,104.8
2025-11-26 21:30:00,94.27
2025-11-26 21:45:00,90.3
2025-11-26 22:00:00,100.62
2025-11-26 22:15:00,90.9
2025-11-26 22:30:00,88.06
2025-11-26 22:45:00,82.19
2025-11-26 23:00:00,94.07
2025-11-26 23:15:00,91.21
2025-11-26 23:30:00,87.81
2025-11-26 23:45:00,87.04
2025-11-27 00:00:00,89.15
2025-11-27 00:15:00,86.0
2025-11-27 00:30:00,82.84
2025-11-27 00:45:00,80.06
2025-11-27 01:00:00,84.15
2025-11-27 01:15:00,81.63
2025-11-27 01:30:00,79.98
2025-11-27 01:45:00,76.07
2025-11-27 02:00:00,82.12
2025-11-27 02:15:00,80.69
2025-11-27 02:30:00,78.44
2025-11-27 02:45:00,72.37
2025-11-27 03:00:00,78.4
2025-11-27 03:15:00,78.73
2025-11-27 03:30:00,85.66
2025-11-27 03:45:00,87.2
2025-11-27 04:00:00,84.46
2025-11-27 04:15:00,74.85
2025-11-27 04:30:00,87.06
2025-11-27 04:45:00,90.35
2025-11-27 05:00:00,88.44
2025-11-27 05:15:00,109.11
2025-11-27 05:30:00,117.0
2025-11-27 05:45:00,128.93
2025-11-27 06:00:00,115.05
2025-11-27 06:15:00,130.77
2025-11-27 06:30:00,135.6
2025-11-27 06:45:00,138.67
2025-11-27 07:00:00,140.8
2025-11-27 07:15:00,141.73
2025-11-27 07:30:00,131.94
2025-11-27 07:45:00,111.05
2025-11-27 08:00:00,137.57
2025-11-27 08:15:00,135.89
2025-11-27 08:30:00,114.9
2025-11-27 08:45:00,92.13
2025-11-27 09:00:00,127.5
2025-11-27 09:15:00,116.0
2025-11-27 09:30:00,107.79
2025-11-27 09:45:00,94.75
2025-11-27 10:00:00,106.25
2025-11-27 10:15:00,107.38
2025-11-27 10:30:00,106.82
2025-11-27 10:45:00,102.67
2025-11-27 11:00:00,100.53
2025-11-27 11:15:00,103.75
2025-11-27 11:30:00,103.43
2025-11-27 11:45:00,108.02
2025-11-27 12:00:00,112.55
2025-11-27 12:15:00,113.98
2025-11-27 12:30:00,116.42
2025-11-27 12:45:00,118.33
2025-11-27 13:00:00,114.6
2025-11-27 13:15:00,127.54
2025-11-27 13:30:00,141.75
2025-11-27 13:45:00,149.21
2025-11-27 14:00:00,127.34
2025-11-27 14:15:00,138.0
2025-11-27 14:30:00,144.93
2025-11-27 14:45:00,153.82
2025-11-27 15:00:00,146.17
2025-11-27 15:15:00,149.0
2025-11-27 15:30:00,156.23
2025-11-27 15:45:00,157.22
2025-11-27 16:00:00,146.93
2025-11-27 16:15:00,140.0
2025-11-27 16:30:00,139.79
2025-11-27 16:45:00,138.68
2025-11-27 17:00:00,135.95
2025-11-27 17:15:00,135.0
2025-11-27 17:30:00,135.95
2025-11-27 17:45:00,136.0
2025-11-27 18:00:00,136.0
2025-11-27 18:15:00,137.0
2025-11-27 18:30:00,136.22
2025-11-27 18:45:00,119.79
2025-11-27 19:00:00,133.85
2025-11-27 19:15:00,125.61
2025-11-27 19:30:00,115.53
2025-11-27 19:45:00,111.83
2025-11-27 20:00:00,115.53
2025-11-27 20:15:00,105.41
2025-11-27 20:30:00,103.96
2025-11-27 20:45:00,97.18
2025-11-27 21:00:00,106.8
2025-11-27 21:15:00,103.51
2025-11-27 21:30:00,90.59
2025-11-27 21:45:00,82.86
2025-11-27 22:00:00,97.02
2025-11-27 22:15:00,81.77
2025-11-27 22:30:00,71.9
2025-11-27 22:45:00,51.87
2025-11-27 23:00:00,86.13
2025-11-27 23:15:00,89.4
2025-11-27 23:30:00,87.03
2025-11-27 23:45:00,89.59
2025-11-28 00:00:00,80.14
2025-11-28 00:15:00,73.6
2025-11-28 00:30:00,68.46
2025-11-28 00:45:00,60.76
2025-11-28 01:00:00,74.55
2025-11-28 01:15:00,69.0
2025-11-28 01:30:00,77.3
2025-11-28 01:45:00,67.47
2025-11-28 02:00:00,73.7
2025-11-28 02:15:00,82.62
2025-11-28 02:30:00,84.54
2025-11-28 02:45:00,85.82
2025-11-28 03:00:00,63.6
2025-11-28 03:15:00,63.85
2025-11-28 03:30:00,82.28
2025-11-28 03:45:00,90.38
2025-11-28 04:00:00,91.5
2025-11-28 04:15:00,98.54
2025-11-28 04:30:00,107.46
2025-11-28 04:45:00,115.33
2025-11-28 05:00:00,100.83
2025-11-28 05:15:00,118.2
2025-11-28 05:30:00,126.29
2025-11-28 05:45:00,145.04
2025-11-28 06:00:00,125.27
2025-11-28 06:15:00,141.17
2025-11-28 06:30:00,152.0
2025-11-28 06:45:00,155.7
2025-11-28 07:00:00,147.31
2025-11-28 07:15:00,146.08
2025-11-28 07:30:00,141.29
2025-11-28 07:45:00,127.92
2025-11-28 08:00:00,158.55
2025-11-28 08:15:00,139.25
2025-11-28 08:30:00,133.54
2025-11-28 08:45:00,110.71
2025-11-28 09:00:00,138.89
2025-11-28 09:15:00,123.33
2025-11-28 09:30:00,119.95
2025-11-28 09:45:00,105.72
2025-11-28 10:00:00,121.89
2025-11-28 10:15:00,116.64
2025-11-28 10:30:00,115.75
2025-11-28 10:45:00,105.25
2025-11-28 11:00:00,116.05
2025-11-28 11:15:00,113.53
2025-11-28 11:30:00,115.33
2025-11-28 11:45:00,115.33
2025-11-28 12:00:00,115.33
2025-11-28 12:15:00,116.09
2025-11-28 12:30:00,119.16
2025-11-28 12:45:00,118.81
2025-11-28 13:00:00,116.13
2025-11-28 13:15:00,130.75
2025-11-28 13:30:00,156.19
2025-11-28 13:45:00,166.67
2025-11-28 14:00:00,118.75
2025-11-28 14:15:00,127.3
2025-11-28 14:30:00,141.83
2025-11-28 14:45:00,143.92
2025-11-28 15:00:00,130.18
2025-11-28 15:15:00,137.88
2025-11-28 15:30:00,143.23
2025-11-28 15:45:00,148.99
2025-11-28 16:00:00,135.0
2025-11-28 16:15:00,135.98
2025-11-28 16:30:00,135.0
2025-11-28 16:45:00,135.0
2025-11-28 17:00:00,130.54
2025-11-28 17:15:00,130.0
2025-11-28 17:30:00,139.7
2025-11-28 17:45:00,134.87
2025-11-28 18:00:00,141.13
2025-11-28 18:15:00,135.0
2025-11-28 18:30:00,133.09
2025-11-28 18:45:00,120.19
2025-11-28 19:00:00,135.0
2025-11-28 19:15:00,128.0
2025-11-28 19:30:00,118.75
2025-11-28 19:45:00,114.94
2025-11-28 20:00:00,120.09
2025-11-28 20:15:00,118.75
2025-11-28 20:30:00,116.09
2025-11-28 20:45:00,104.39
2025-11-28 21:00:00,124.83
2025-11-28 21:15:00,112.27
2025-11-28 21:30:00,108.59
2025-11-28 21:45:00,99.43
2025-11-28 22:00:00,112.59
2025-11-28 22:15:00,98.0
2025-11-28 22:30:00,86.52
2025-11-28 22:45:00,82.0
2025-11-28 23:00:00,101.64
2025-11-28 23:15:00,101.17
2025-11-28 23:30:00,97.18
2025-11-28 23:45:00,91.41
2025-11-29 00:00:00,91.87
2025-11-29 00:15:00,92.14
2025-11-29 00:30:00,93.0
2025-11-29 00:45:00,97.71
2025-11-29 01:00:00,94.67
2025-11-29 01:15:00,89.07
2025-11-29 01:30:00,90.76
2025-11-29 01:45:00,89.99
2025-11-29 02:00:00,88.91
2025-11-29 02:15:00,91.01
2025-11-29 02:30:00,90.83
2025-11-29 02:45:00,90.34
2025-11-29 03:00:00,87.03
2025-11-29 03:15:00,90.52
2025-11-29 03:30:00,93.19
2025-11-29 03:45:00,96.44
2025-11-29 04:00:00,94.14
2025-11-29 04:15:00,93.55
2025-11-29 04:30:00,97.11
2025-11-29 04:45:00,107.41
2025-11-29 05:00:00,81.27
2025-11-29 05:15:00,98.49
2025-11-29 05:30:00,110.13
2025-11-29 05:45:00,113.11
2025-11-29 06:00:00,108.7
2025-11-29 06:15:00,113.61
2025-11-29 06:30:00,116.67
2025-11-29 06:45:00,119.41
2025-11-29 07:00:00,120.55
2025-11-29 07:15:00,115.34
2025-11-29 07:30:00,114.71
2025-11-29 07:45:00,113.83
2025-11-29 08:00:00,119.47
2025-11-29 08:15:00,115.28
2025-11-29 08:30:00,109.79
2025-11-29 08:45:00,105.61
2025-11-29 09:00:00,113.0
2025-11-29 09:15:00,106.69
2025-11-29 09:30:00,103.6
2025-11-29 09:45:00,98.75
2025-11-29 10:00:00,104.73
2025-11-29 10:15:00,104.45
2025-11-29 10:30:00,102.97
2025-11-29 10:45:00,101.58
2025-11-29 11:00:00,104.55
2025-11-29 11:15:00,102.34
2025-11-29 11:30:00,100.45
2025-11-29 11:45:00,98.7
2025-11-29 12:00:00,104.56
2025-11-29 12:15:00,95.74
2025-11-29 12:30:00,95.99
2025-11-29 12:45:00,97.78
2025-11-29 13:00:00,97.5
2025-11-29 13:15:00,100.78
2025-11-29 13:30:00,106.0
2025-11-29 13:45:00,120.84
2025-11-29 14:00:00,104.33
2025-11-29 14:15:00,115.89
2025-11-29 14:30:00,120.44
2025-11-29 14:45:00,132.22
2025-11-29 15:00:00,121.06
2025-11-29 15:15:00,132.14
2025-11-29 15:30:00,136.57
2025-11-29 15:45:00,140.6
2025-11-29 16:00:00,132.34
2025-11-29 16:15:00,132.5
2025-11-29 16:30:00,132.47
2025-11-29 16:45:00,132.47
2025-11-29 17:00:00,131.47
2025-11-29 17:15:00,135.0
2025-11-29 17:30:00,134.83
2025-11-29 17:45:00,123.13
2025-11-29 18:00:00,134.91
2025-11-29 18:15:00,135.0
2025-11-29 18:30:00,129.74
2025-11-29 18:45:00,111.56
2025-11-29 19:00:00,135.0
2025-11-29 19:15:00,128.65
2025-11-29 19:30:00,118.2
2025-11-29 19:45:00,101.36
2025-11-29 20:00:00,124.35
2025-11-29 20:15:00,118.57
2025-11-29 20:30:00,114.37
2025-11-29 20:45:00,101.01
2025-11-29 21:00:00,120.68
2025-11-29 21:15:00,117.5
2025-11-29 21:30:00,110.29
2025-11-29 21:45:00,95.52
2025-11-29 22:00:00,120.68
2025-11-29 22:15:00,102.38
2025-11-29 22:30:00,93.29
2025-11-29 22:45:00,83.25
2025-11-29 23:00:00,106.15
2025-11-29 23:15:00,103.13
2025-11-29 23:30:00,92.82
2025-11-29 23:45:00,87.0
2025-11-30 00:00:00,98.25
2025-11-30 00:15:00,94.72
2025-11-30 00:30:00,93.33
2025-11-30 00:45:00,95.0
2025-11-30 01:00:00,91.48
2025-11-30 01:15:00,87.56
2025-11-30 01:30:00,90.37
2025-11-30 01:45:00,86.13
2025-11-30 02:00:00,88.31
2025-11-30 02:15:00,86.51
2025-11-30 02:30:00,87.88
2025-11-30 02:45:00,87.76
2025-11-30 03:00:00,84.17
2025-11-30 03:15:00,84.47
2025-11-30 03:30:00,84.89
2025-11-30 03:45:00,90.01
2025-11-30 04:00:00,87.5
2025-11-30 04:15:00,90.94
2025-11-30 04:30:00,94.57
2025-11-30 04:45:00,98.03
2025-11-30 05:00:00,91.05
2025-11-30 05:15:00,93.0
2025-11-30 05:30:00,99.1
2025-11-30 05:45:00,101.12
2025-11-30 06:00:00,96.78
2025-11-30 06:15:00,100.64
2025-11-30 06:30:00,98.37
2025-11-30 06:45:00,98.27
2025-11-30 07:00:00,99.12
2025-11-30 07:15:00,98.93
2025-11-30 07:30:00,95.86
2025-11-30 07:45:00,91.42
2025-11-30 08:00:00,99.15
2025-11-30 08:15:00,96.66
2025-11-30 08:30:00,88.1
2025-11-30 08:45:00,88.68
2025-11-30 09:00:00,92.65
2025-11-30 09:15:00,86.34
2025-11-30 09:30:00,88.03
2025-11-30 09:45:00,86.9
2025-11-30 10:00:00,86.52
2025-11-30 10:15:00,87.99
2025-11-30 10:30:00,88.97
2025-11-30 10:45:00,90.4
2025-11-30 11:00:00,92.67
2025-11-30 11:15:00,81.55
2025-11-30 11:30:00,82.48
2025-11-30 11:45:00,85.95
2025-11-30 12:00:00,87.18
2025-11-30 12:15:00,86.63
2025-11-30 12:30:00,93.59
2025-11-30 12:45:00,97.78
2025-11-30 13:00:00,86.9
2025-11-30 13:15:00,95.73
2025-11-30 13:30:00,105.0
2025-11-30 13:45:00,112.17
2025-11-30 14:00:00,92.44
2025-11-30 14:15:00,106.01
2025-11-30 14:30:00,117.99
2025-11-30 14:45:00,119.34
2025-11-30 15:00:00,113.88
2025-11-30 15:15:00,122.1
2025-11-30 15:30:00,131.03
2025-11-30 15:45:00,132.98
2025-11-30 16:00:00,126.0
2025-11-30 16:15:00,124.69
2025-11-30 16:30:00,128.0
2025-11-30 16:45:00,130.71
2025-11-30 17:00:00,128.0
2025-11-30 17:15:00,129.62
2025-11-30 17:30:00,126.62
2025-11-30 17:45:00,130.22
2025-11-30 18:00:00,131.47
2025-11-30 18:15:00,129.43
2025-11-30 18:30:00,129.05
2025-11-30 18:45:00,127.61
2025-11-30 19:00:00,132.98
2025-11-30 19:15:00,131.87
2025-11-30 19:30:00,130.95
2025-11-30 19:45:00,118.15
2025-11-30 20:00:00,128.0
2025-11-30 20:15:00,120.57
2025-11-30 20:30:00,118.53
2025-11-30 20:45:00,110.41
2025-11-30 21:00:00,119.26
2025-11-30 21:15:00,119.26
2025-11-30 21:30:00,115.8
2025-11-30 21:45:00,106.13
2025-11-30 22:00:00,111.07
2025-11-30 22:15:00,102.42
2025-11-30 22:30:00,98.17
2025-11-30 22:45:00,86.29
2025-11-30 23:00:00,105.32
2025-11-30 23:15:00,103.95
2025-11-30 23:30:00,99.28
2025-11-30 23:45:00,97.95
2025-12-01 00:00:00,103.91
2025-12-01 00:15:00,101.12
2025-12-01 00:30:00,100.53
2025-12-01 00:45:00,97.11
2025-12-01 01:00:00,100.08
2025-12-01 01:15:00,98.09
2025-12-01 01:30:00,98.63
2025-12-01 01:45:00,96.72
2025-12-01 02:00:00,89.55
2025-12-01 02:15:00,92.87
2025-12-01 02:30:00,95.96
2025-12-01 02:45:00,97.42
2025-12-01 03:00:00,96.6
2025-12-01 03:15:00,99.0
2025-12-01 03:30:00,101.44
2025-12-01 03:45:00,100.2
2025-12-01 04:00:00,93.98
2025-12-01 04:15:00,101.95
2025-12-01 04:30:00,106.02
2025-12-01 04:45:00,123.25
2025-12-01 05:00:00,110.74
2025-12-01 05:15:00,124.44
2025-12-01 05:30:00,147.16
2025-12-01 05:45:00,151.88
2025-12-01 06:00:00,140.23
2025-12-01 06:15:00,141.23
2025-12-01 06:30:00,139.9
2025-12-01 06:45:00,155.05
2025-12-01 07:00:00,180.26
2025-12-01 07:15:00,161.81
2025-12-01 07:30:00,153.35
2025-12-01 07:45:00,146.56
2025-12-01 08:00:00,153.71
2025-12-01 08:15:00,149.0
2025-12-01 08:30:00,143.37
2025-12-01 08:45:00,134.9
2025-12-01 09:00:00,143.0
2025-12-01 09:15:00,140.95
2025-12-01 09:30:00,139.42
2025-12-01 09:45:00,135.87
2025-12-01 10:00:00,136.43
2025-12-01 10:15:00,136.25
2025-12-01 10:30:00,138.66
2025-12-01 10:45:00,137.46
2025-12-01 11:00:00,135.69
2025-12-01 11:15:00,134.94
2025-12-01 11:30:00,138.03
2025-12-01 11:45:00,141.59
2025-12-01 12:00:00,136.13
2025-12-01 12:15:00,144.23
2025-12-01 12:30:00,145.87
2025-12-01 12:45:00,143.68
2025-12-01 13:00:00,136.7
2025-12-01 13:15:00,149.52
2025-12-01 13:30:00,159.99
2025-12-01 13:45:00,170.7
2025-12-01 14:00:00,162.41
2025-12-01 14:15:00,172.67
2025-12-01 14:30:00,188.86
2025-12-01 14:45:00,194.82
2025-12-01 15:00:00,198.46
2025-12-01 15:15:00,204.67
2025-12-01 15:30:00,211.65
2025-12-01 15:45:00,217.35
2025-12-01 16:00:00,179.31
2025-12-01 16:15:00,184.15
2025-12-01 16:30:00,182.1
2025-12-01 16:45:00,170.29
2025-12-01 17:00:00,193.42
2025-12-01 17:15:00,198.23
2025-12-01 17:30:00,185.73
2025-12-01 17:45:00,183.56
2025-12-01 18:00:00,192.22
2025-12-01 18:15:00,173.08
2025-12-01 18:30:00,172.82
2025-12-01 18:45:00,162.03
2025-12-01 19:00:00,171.68
2025-12-01 19:15:00,160.09
2025-12-01 19:30:00,147.02
2025-12-01 19:45:00,127.8
2025-12-01 20:00:00,156.31
2025-12-01 20:15:00,139.12
2025-12-01 20:30:00,129.46
2025-12-01 20:45:00,113.63
2025-12-01 21:00:00,132.49
2025-12-01 21:15:00,127.0
2025-12-01 21:30:00,124.82
2025-12-01 21:45:00,113.83
2025-12-01 22:00:00,117.82
2025-12-01 22:15:00,114.54
2025-12-01 22:30:00,110.7
2025-12-01 22:45:00,101.79
2025-12-01 23:00:00,114.69
2025-12-01 23:15:00,110.0
2025-12-01 23:30:00,107.33
2025-12-01 23:45:00,96.94
2025-12-02 00:00:00,104.55
2025-12-02 00:15:00,102.47
2025-12-02 00:30:00,99.8
2025-12-02 00:45:00,105.14
2025-12-02 01:00:00,102.93
2025-12-02 01:15:00,100.31
2025-12-02 01:30:00,100.46
2025-12-02 01:45:00,96.69
2025-12-02 02:00:00,99.17
2025-12-02 02:15:00,96.09
2025-12-02 02:30:00,96.29
2025-12-02 02:45:00,97.63
2025-12-02 03:00:00,94.53
2025-12-02 03:15:00,95.12
2025-12-02 03:30:00,100.19
2025-12-02 03:45:00,106.35
2025-12-02 04:00:00,92.32
2025-12-02 04:15:00,106.72
2025-12-02 04:30:00,109.38
2025-12-02 04:45:00,115.05
2025-12-02 05:00:00,113.02
2025-12-02 05:15:00,118.3
2025-12-02 05:30:00,135.56
2025-12-02 05:45:00,148.62
2025-12-02 06:00:00,141.02
2025-12-02 06:15:00,153.93
2025-12-02 06:30:00,173.65
2025-12-02 06:45:00,187.34
2025-12-02 07:00:00,159.31
2025-12-02 07:15:00,155.36
2025-12-02 07:30:00,164.0
2025-12-02 07:45:00,151.62
2025-12-02 08:00:00,165.71
2025-12-02 08:15:00,159.98
2025-12-02 08:30:00,150.0
2025-12-02 08:45:00,135.77
2025-12-02 09:00:00,157.98
2025-12-02 09:15:00,150.79
2025-12-02 09:30:00,151.6
2025-12-02 09:45:00,148.87
2025-12-02 10:00:00,149.12
2025-12-02 10:15:00,145.9
2025-12-02 10:30:00,145.23
2025-12-02 10:45:00,137.53
2025-12-02 11:00:00,134.92
2025-12-02 11:15:00,138.55
2025-12-02 11:30:00,140.37
2025-12-02 11:45:00,141.07
2025-12-02 12:00:00,139.94
2025-12-02 12:15:00,150.24
2025-12-02 12:30:00,159.07
2025-12-02 12:45:00,151.05
2025-12-02 13:00:00,131.28
2025-12-02 13:15:00,142.61
2025-12-02 13:30:00,159.88
2025-12-02 13:45:00,182.52
2025-12-02 14:00:00,152.7
2025-12-02 14:15:00,162.96
2025-12-02 14:30:00,172.1
2025-12-02 14:45:00,191.08
2025-12-02 15:00:00,168.17
2025-12-02 15:15:00,176.41
2025-12-02 15:30:00,184.0
2025-12-02 15:45:00,195.54
2025-12-02 16:00:00,188.58
2025-12-02 16:15:00,194.95
2025-12-02 16:30:00,180.49
2025-12-02 16:45:00,173.3
2025-12-02 17:00:00,162.97
2025-12-02 17:15:00,164.02
2025-12-02 17:30:00,169.38
2025-12-02 17:45:00,173.3
2025-12-02 18:00:00,174.14
2025-12-02 18:15:00,157.58
2025-12-02 18:30:00,164.61
2025-12-02 18:45:00,152.62
2025-12-02 19:00:00,172.3
2025-12-02 19:15:00,153.94
2025-12-02 19:30:00,139.19
2025-12-02 19:45:00,124.89
2025-12-02 20:00:00,141.06
2025-12-02 20:15:00,137.04
2025-12-02 20:30:00,128.56
2025-12-02 20:45:00,114.69
2025-12-02 21:00:00,132.73
2025-12-02 21:15:00,123.13
2025-12-02 21:30:00,116.88
2025-12-02 21:45:00,109.18
2025-12-02 22:00:00,113.0
2025-12-02 22:15:00,109.09
2025-12-02 22:30:00,104.43
2025-12-02 22:45:00,95.66
2025-12-02 23:00:00,113.79
2025-12-02 23:15:00,105.34
2025-12-02 23:30:00,101.53
2025-12-02 23:45:00,100.9
2025-12-03 00:00:00,112.94
2025-12-03 00:15:00,103.62
2025-12-03 00:30:00,101.45
2025-12-03 00:45:00,104.0
2025-12-03 01:00:00,103.97
2025-12-03 01:15:00,102.04
2025-12-03 01:30:00,100.63
2025-12-03 01:45:00,99.17
2025-12-03 02:00:00,101.74
2025-12-03 02:15:00,101.54
2025-12-03 02:30:00,101.12
2025-12-03 02:45:00,101.14
2025-12-03 03:00:00,101.87
2025-12-03 03:15:00,104.03
2025-12-03 03:30:00,104.34
2025-12-03 03:45:00,108.16
2025-12-03 04:00:00,98.45
2025-12-03 04:15:00,104.27
2025-12-03 04:30:00,109.01
2025-12-03 04:45:00,122.25
2025-12-03 05:00:00,110.19
2025-12-03 05:15:00,136.25
2025-12-03 05:30:00,147.07
2025-12-03 05:45:00,176.48
2025-12-03 06:00:00,142.22
2025-12-03 06:15:00,168.95
2025-12-03 06:30:00,212.68
2025-12-03 06:45:00,205.0
2025-12-03 07:00:00,213.58
2025-12-03 07:15:00,234.48
2025-12-03 07:30:00,241.86
2025-12-03 07:45:00,210.6
2025-12-03 08:00:00,245.08
2025-12-03 08:15:00,219.22
2025-12-03 08:30:00,169.27
2025-12-03 08:45:00,168.23
2025-12-03 09:00:00,191.93
2025-12-03 09:15:00,168.61
2025-12-03 09:30:00,162.68
2025-12-03 09:45:00,161.22
2025-12-03 10:00:00,162.32
2025-12-03 10:15:00,158.33
2025-12-03 10:30:00,158.15
2025-12-03 10:45:00,160.7
2025-12-03 11:00:00,155.59
2025-12-03 11:15:00,148.0
2025-12-03 11:30:00,155.81
2025-12-03 11:45:00,163.36
2025-12-03 12:00:00,163.43
2025-12-03 12:15:00,162.99
2025-12-03 12:30:00,169.83
2025-12-03 12:45:00,171.88
2025-12-03 13:00:00,166.4
2025-12-03 13:15:00,180.79
2025-12-03 13:30:00,207.13
2025-12-03 13:45:00,203.18
2025-12-03 14:00:00,185.88
2025-12-03 14:15:00,205.93
2025-12-03 14:30:00,253.8
2025-12-03 14:45:00,278.76
2025-12-03 15:00:00,227.76
2025-12-03 15:15:00,289.99
2025-12-03 15:30:00,313.63
2025-12-03 15:45:00,339.01
2025-12-03 16:00:00,261.54
2025-12-03 16:15:00,272.26
2025-12-03 16:30:00,245.5
2025-12-03 16:45:00,217.45
2025-12-03 17:00:00,210.45
2025-12-03 17:15:00,211.77
2025-12-03 17:30:00,193.64
2025-12-03 17:45:00,178.7
2025-12-03 18:00:00,199.17
2025-12-03 18:15:00,169.94
2025-12-03 18:30:00,156.46
2025-12-03 18:45:00,147.95
2025-12-03 19:00:00,167.82
2025-12-03 19:15:00,147.33
2025-12-03 19:30:00,132.89
2025-12-03 19:45:00,122.47
2025-12-03 20:00:00,135.93
2025-12-03 20:15:00,130.07
2025-12-03 20:30:00,117.25
2025-12-03 20:45:00,112.05
2025-12-03 21:00:00,139.58
2025-12-03 21:15:00,125.48
2025-12-03 21:30:00,115.97
2025-12-03 21:45:00,109.34
2025-12-03 22:00:00,124.11
2025-12-03 22:15:00,113.79
2025-12-03 22:30:00,107.12
2025-12-03 22:45:00,102.53
2025-12-03 23:00:00,106.0
2025-12-03 23:15:00,104.34
2025-12-03 23:30:00,100.16
2025-12-03 23:45:00,95.61
2025-12-04 00:00:00,102.78
2025-12-04 00:15:00,98.5
2025-12-04 00:30:00,94.3
2025-12-04 00:45:00,92.23
2025-12-04 01:00:00,95.42
2025-12-04 01:15:00,93.0
2025-12-04 01:30:00,93.17
2025-12-04 01:45:00,94.87
2025-12-04 02:00:00,95.75
2025-12-04 02:15:00,94.32
2025-12-04 02:30:00,94.05
2025-12-04 02:45:00,93.31
2025-12-04 03:00:00,95.58
2025-12-04 03:15:00,98.3
2025-12-04 03:30:00,100.0
2025-12-04 03:45:00,103.5
2025-12-04 04:00:00,98.83
2025-12-04 04:15:00,103.43
2025-12-04 04:30:00,106.46
2025-12-04 04:45:00,117.79
2025-12-04 05:00:00,101.2
2025-12-04 05:15:00,117.08
2025-12-04 05:30:00,135.96
2025-12-04 05:45:00,149.08
2025-12-04 06:00:00,137.09
2025-12-04 06:15:00,154.49
2025-12-04 06:30:00,153.4
2025-12-04 06:45:00,159.34
2025-12-04 07:00:00,151.97
2025-12-04 07:15:00,165.49
2025-12-04 07:30:00,168.06
2025-12-04 07:45:00,151.78
2025-12-04 08:00:00,170.33
2025-12-04 08:15:00,159.89
2025-12-04 08:30:00,154.33
2025-12-04 08:45:00,141.76
2025-12-04 09:00:00,152.99
2025-12-04 09:15:00,139.4
2025-12-04 09:30:00,142.19
2025-12-04 09:45:00,141.49
2025-12-04 10:00:00,145.0
2025-12-04 10:15:00,144.52
2025-12-04 10:30:00,144.52
2025-12-04 10:45:00,140.7
2025-12-04 11:00:00,145.66
2025-12-04 11:15:00,140.36
2025-12-04 11:30:00,137.28
2025-12-04 11:45:00,140.44
2025-12-04 12:00:00,142.17
2025-12-04 12:15:00,146.75
2025-12-04 12:30:00,143.06
2025-12-04 12:45:00,148.2
2025-12-04 13:00:00,140.37
2025-12-04 13:15:00,149.7
2025-12-04 13:30:00,155.48
2025-12-04 13:45:00,156.13
2025-12-04 14:00:00,143.42
2025-12-04 14:15:00,149.59
2025-12-04 14:30:00,145.39
2025-12-04 14:45:00,158.92
2025-12-04 15:00:00,142.43
2025-12-04 15:15:00,152.98
2025-12-04 15:30:00,157.99
2025-12-04 15:45:00,164.08
2025-12-04 16:00:00,145.4
2025-12-04 16:15:00,151.91
2025-12-04 16:30:00,146.53
2025-12-04 16:45:00,148.87
2025-12-04 17:00:00,144.62
2025-12-04 17:15:00,142.91
2025-12-04 17:30:00,147.6
2025-12-04 17:45:00,152.35
2025-12-04 18:00:00,152.14
2025-12-04 18:15:00,142.02
2025-12-04 18:30:00,141.15
2025-12-04 18:45:00,132.31
2025-12-04 19:00:00,142.05
2025-12-04 19:15:00,138.96
2025-12-04 19:30:00,125.81
2025-12-04 19:45:00,115.64
2025-12-04 20:00:00,134.01
2025-12-04 20:15:00,125.27
2025-12-04 20:30:00,115.47
2025-12-04 20:45:00,109.44
2025-12-04 21:00:00,117.66
2025-12-04 21:15:00,116.96
2025-12-04 21:30:00,113.07
2025-12-04 21:45:00,105.98
2025-12-04 22:00:00,110.51
2025-12-04 22:15:00,105.72
2025-12-04 22:30:00,99.16
2025-12-04 22:45:00,89.83
2025-12-04 23:00:00,106.71
2025-12-04 23:15:00,101.85
2025-12-04 23:30:00,99.06
2025-12-04 23:45:00,94.59
2025-12-05 00:00:00,103.55
2025-12-05 00:15:00,100.34
2025-12-05 00:30:00,97.91
2025-12-05 00:45:00,95.24
2025-12-05 01:00:00,96.16
2025-12-05 01:15:00,96.48
2025-12-05 01:30:00,96.73
2025-12-05 01:45:00,91.5
2025-12-05 02:00:00,90.7
2025-12-05 02:15:00,93.43
2025-12-05 02:30:00,94.7
2025-12-05 02:45:00,101.23
2025-12-05 03:00:00,96.25
2025-12-05 03:15:00,96.92
2025-12-05 03:30:00,102.49
2025-12-05 03:45:00,105.41
2025-12-05 04:00:00,96.0
2025-12-05 04:15:00,101.43
2025-12-05 04:30:00,106.77
2025-12-05 04:45:00,119.14
2025-12-05 05:00:00,98.32
2025-12-05 05:15:00,114.97
2025-12-05 05:30:00,129.58
2025-12-05 05:45:00,162.97
2025-12-05 06:00:00,138.31
2025-12-05 06:15:00,151.28
2025-12-05 06:30:00,157.66
2025-12-05 06:45:00,159.68
2025-12-05 07:00:00,158.7
2025-12-05 07:15:00,174.66
2025-12-05 07:30:00,190.83
2025-12-05 07:45:00,191.21
2025-12-05 08:00:00,193.8
2025-12-05 08:15:00,182.33
2025-12-05 08:30:00,169.12
2025-12-05 08:45:00,162.06
2025-12-05 09:00:00,171.85
2025-12-05 09:15:00,172.4
2025-12-05 09:30:00,166.36
2025-12-05 09:45:00,160.0
2025-12-05 10:00:00,168.47
2025-12-05 10:15:00,165.35
2025-12-05 10:30:00,162.58
2025-12-05 10:45:00,154.97
2025-12-05 11:00:00,162.18
2025-12-05 11:15:00,153.83
2025-12-05 11:30:00,151.2
2025-12-05 11:45:00,149.51
2025-12-05 12:00:00,150.59
2025-12-05 12:15:00,150.68
2025-12-05 12:30:00,150.0
2025-12-05 12:45:00,145.46
2025-12-05 13:00:00,145.22
2025-12-05 13:15:00,146.08
2025-12-05 13:30:00,153.99
2025-12-05 13:45:00,155.72
2025-12-05 14:00:00,143.57
2025-12-05 14:15:00,143.3
2025-12-05 14:30:00,155.1
2025-12-05 14:45:00,155.72
2025-12-05 15:00:00,144.19
2025-12-05 15:15:00,154.13
2025-12-05 15:30:00,157.89
2025-12-05 15:45:00,159.55
2025-12-05 16:00:00,154.16
2025-12-05 16:15:00,150.0
2025-12-05 16:30:00,150.39
2025-12-05 16:45:00,139.29
2025-12-05 17:00:00,150.5
2025-12-05 17:15:00,142.52
2025-12-05 17:30:00,137.86
2025-12-05 17:45:00,123.28
2025-12-05 18:00:00,139.25
2025-12-05 18:15:00,130.0
2025-12-05 18:30:00,124.2
2025-12-05 18:45:00,108.12
2025-12-05 19:00:00,120.08
2025-12-05 19:15:00,117.33
2025-12-05 19:30:00,108.99
2025-12-05 19:45:00,98.16
2025-12-05 20:00:00,111.04
2025-12-05 20:15:00,105.26
2025-12-05 20:30:00,99.12
2025-12-05 20:45:00,92.05
2025-12-05 21:00:00,104.32
2025-12-05 21:15:00,100.01
2025-12-05 21:30:00,94.09
2025-12-05 21:45:00,90.61
2025-12-05 22:00:00,101.58
2025-12-05 22:15:00,91.34
2025-12-05 22:30:00,80.59
2025-12-05 22:45:00,72.75
2025-12-05 23:00:00,97.06
2025-12-05 23:15:00,84.43
2025-12-05 23:30:00,80.42
2025-12-05 23:45:00,79.86
2025-12-06 00:00:00,89.67
2025-12-06 00:15:00,82.63
2025-12-06 00:30:00,79.56
2025-12-06 00:45:00,71.45
2025-12-06 01:00:00,83.45
2025-12-06 01:15:00,79.4
2025-12-06 01:30:00,74.49
2025-12-06 01:45:00,72.71
2025-12-06 02:00:00,79.54
2025-12-06 02:15:00,80.16
2025-12-06 02:30:00,79.97
2025-12-06 02:45:00,82.37
2025-12-06 03:00:00,81.14
2025-12-06 03:15:00,82.15
2025-12-06 03:30:00,87.14
2025-12-06 03:45:00,86.66
2025-12-06 04:00:00,88.45
2025-12-06 04:15:00,86.12
2025-12-06 04:30:00,87.37
2025-12-06 04:45:00,89.87
2025-12-06 05:00:00,81.63
2025-12-06 05:15:00,93.26
2025-12-06 05:30:00,98.84
2025-12-06 05:45:00,104.37
2025-12-06 06:00:00,95.31
2025-12-06 06:15:00,99.35
2025-12-06 06:30:00,105.95
2025-12-06 06:45:00,110.48
2025-12-06 07:00:00,108.4
2025-12-06 07:15:00,109.37
2025-12-06 07:30:00,110.63
2025-12-06 07:45:00,110.36
2025-12-06 08:00:00,111.27
2025-12-06 08:15:00,108.93
2025-12-06 08:30:00,107.04
2025-12-06 08:45:00,103.63
2025-12-06 09:00:00,103.84
2025-12-06 09:15:00,103.7
2025-12-06 09:30:00,102.09
2025-12-06 09:45:00,99.4
2025-12-06 10:00:00,103.65
2025-12-06 10:15:00,103.8
2025-12-06 10:30:00,100.68
2025-12-06 10:45:00,99.61
2025-12-06 11:00:00,103.98
2025-12-06 11:15:00,98.98
2025-12-06 11:30:00,97.05
2025-12-06 11:45:00,99.01
2025-12-06 12:00:00,99.47
2025-12-06 12:15:00,99.81
2025-12-06 12:30:00,102.14
2025-12-06 12:45:00,104.96
2025-12-06 13:00:00,99.75
2025-12-06 13:15:00,103.86
2025-12-06 13:30:00,107.43
2025-12-06 13:45:00,116.59
2025-12-06 14:00:00,108.27
2025-12-06 14:15:00,111.77
2025-12-06 14:30:00,114.32
2025-12-06 14:45:00,120.77
2025-12-06 15:00:00,114.32
2025-12-06 15:15:00,121.1
2025-12-06 15:30:00,123.16
2025-12-06 15:45:00,127.08
2025-12-06 16:00:00,120.95
2025-12-06 16:15:00,121.16
2025-12-06 16:30:00,121.43
2025-12-06 16:45:00,121.14
2025-12-06 17:00:00,120.82
2025-12-06 17:15:00,120.82
2025-12-06 17:30:00,121.92
2025-12-06 17:45:00,118.23
2025-12-06 18:00:00,124.83
2025-12-06 18:15:00,120.83
2025-12-06 18:30:00,120.82
2025-12-06 18:45:00,120.0
2025-12-06 19:00:00,129.78
2025-12-06 19:15:00,120.4
2025-12-06 19:30:00,114.81
2025-12-06 19:45:00,109.8
2025-12-06 20:00:00,111.88
2025-12-06 20:15:00,106.86
2025-12-06 20:30:00,101.43
2025-12-06 20:45:00,93.78
2025-12-06 21:00:00,102.95
2025-12-06 21:15:00,98.4
2025-12-06 21:30:00,95.54
2025-12-06 21:45:00,92.26
2025-12-06 22:00:00,98.62
2025-12-06 22:15:00,95.67
2025-12-06 22:30:00,89.65
2025-12-06 22:45:00,82.75
2025-12-06 23:00:00,94.01
2025-12-06 23:15:00,87.94
2025-12-06 23:30:00,87.12
2025-12-06 23:45:00,84.34
2025-12-07 00:00:00,86.84
2025-12-07 00:15:00,85.35
2025-12-07 00:30:00,83.15
2025-12-07 00:45:00,86.58
2025-12-07 01:00:00,87.57
2025-12-07 01:15:00,85.95
2025-12-07 01:30:00,82.55
2025-12-07 01:45:00,82.43
2025-12-07 02:00:00,80.54
2025-12-07 02:15:00,78.99
2025-12-07 02:30:00,76.56
2025-12-07 02:45:00,78.16
2025-12-07 03:00:00,81.86
2025-12-07 03:15:00,80.73
2025-12-07 03:30:00,77.33
2025-12-07 03:45:00,81.04
2025-12-07 04:00:00,81.03
2025-12-07 04:15:00,80.59
2025-12-07 04:30:00,80.43
2025-12-07 04:45:00,79.93
2025-12-07 05:00:00,79.33
2025-12-07 05:15:00,83.06
2025-12-07 05:30:00,86.72
2025-12-07 05:45:00,88.18
2025-12-07 06:00:00,86.35
2025-12-07 06:15:00,88.93
2025-12-07 06:30:00,90.09
2025-12-07 06:45:00,93.82
2025-12-07 07:00:00,89.17
2025-12-07 07:15:00,90.6
2025-12-07 07:30:00,90.35
2025-12-07 07:45:00,93.25
2025-12-07 08:00:00,93.74
2025-12-07 08:15:00,96.36
2025-12-07 08:30:00,90.99
2025-12-07 08:45:00,90.52
2025-12-07 09:00:00,98.14
2025-12-07 09:15:00,97.52
2025-12-07 09:30:00,94.2
2025-12-07 09:45:00,97.92
2025-12-07 10:00:00,93.79
2025-12-07 10:15:00,97.5
2025-12-07 10:30:00,98.92
2025-12-07 10:45:00,102.36
2025-12-07 11:00:00,101.7
2025-12-07 11:15:00,100.76
2025-12-07 11:30:00,102.52
2025-12-07 11:45:00,101.78
2025-12-07 12:00:00,101.73
2025-12-07 12:15:00,101.28
2025-12-07 12:30:00,104.56
2025-12-07 12:45:00,110.87
2025-12-07 13:00:00,104.97
2025-12-07 13:15:00,108.82
2025-12-07 13:30:00,110.16
2025-12-07 13:45:00,115.88
2025-12-07 14:00:00,110.36
2025-12-07 14:15:00,113.13
2025-12-07 14:30:00,113.95
2025-12-07 14:45:00,116.25
2025-12-07 15:00:00,114.05
2025-12-07 15:15:00,114.87
2025-12-07 15:30:00,116.78
2025-12-07 15:45:00,122.86
2025-12-07 16:00:00,106.12
2025-12-07 16:15:00,105.4
2025-12-07 16:30:00,100.9
2025-12-07 16:45:00,97.65
2025-12-07 17:00:00,112.96
2025-12-07 17:15:00,110.04
2025-12-07 17:30:00,107.42
2025-12-07 17:45:00,102.8
2025-12-07 18:00:00,107.5
2025-12-07 18:15:00,108.34
2025-12-07 18:30:00,108.82
2025-12-07 18:45:00,111.49
2025-12-07 19:00:00,113.85
2025-12-07 19:15:00,113.27
2025-12-07 19:30:00,108.51
2025-12-07 19:45:00,96.27
2025-12-07 20:00:00,106.31
2025-12-07 20:15:00,105.21
2025-12-07 20:30:00,90.61
2025-12-07 20:45:00,86.82
2025-12-07 21:00:00,102.11
2025-12-07 21:15:00,95.36
2025-12-07 21:30:00,85.48
2025-12-07 21:45:00,83.13
2025-12-07 22:00:00,88.99
2025-12-07 22:15:00,84.73
2025-12-07 22:30:00,78.96
2025-12-07 22:45:00,67.77
2025-12-07 23:00:00,88.53
2025-12-07 23:15:00,85.14
2025-12-07 23:30:00,82.14
2025-12-07 23:45:00,79.87
2025-12-08 00:00:00,86.38
2025-12-08 00:15:00,86.48
2025-12-08 00:30:00,81.96
2025-12-08 00:45:00,77.89
2025-12-08 01:00:00,78.42
2025-12-08 01:15:00,81.2
2025-12-08 01:30:00,81.53
2025-12-08 01:45:00,72.37
2025-12-08 02:00:00,81.85
2025-12-08 02:15:00,79.54
2025-12-08 02:30:00,82.64
2025-12-08 02:45:00,82.8
2025-12-08 03:00:00,79.09
2025-12-08 03:15:00,81.49
2025-12-08 03:30:00,82.67
2025-12-08 03:45:00,81.49
2025-12-08 04:00:00,74.79
2025-12-08 04:15:00,85.2
2025-12-08 04:30:00,87.97
2025-12-08 04:45:00,104.32
2025-12-08 05:00:00,82.32
2025-12-08 05:15:00,97.78
2025-12-08 05:30:00,110.0
2025-12-08 05:45:00,120.0
2025-12-08 06:00:00,107.49
2025-12-08 06:15:00,118.05
2025-12-08 06:30:00,121.65
2025-12-08 06:45:00,121.89
2025-12-08 07:00:00,118.05
2025-12-08 07:15:00,120.08
2025-12-08 07:30:00,118.78
2025-12-08 07:45:00,116.84
2025-12-08 08:00:00,117.95
2025-12-08 08:15:00,117.98
2025-12-08 08:30:00,111.25
2025-12-08 08:45:00,101.73
2025-12-08 09:00:00,119.89
2025-12-08 09:15:00,107.81
2025-12-08 09:30:00,101.24
2025-12-08 09:45:00,97.77
2025-12-08 10:00:00,106.64
2025-12-08 10:15:00,104.74
2025-12-08 10:30:00,101.82
2025-12-08 10:45:00,102.48
2025-12-08 11:00:00,100.98
2025-12-08 11:15:00,100.09
2025-12-08 11:30:00,102.47
2025-12-08 11:45:00,109.6
2025-12-08 12:00:00,102.02
2025-12-08 12:15:00,108.05
2025-12-08 12:30:00,111.27
2025-12-08 12:45:00,111.38
2025-12-08 13:00:00,96.99
2025-12-08 13:15:00,115.59
2025-12-08 13:30:00,127.05
2025-12-08 13:45:00,123.34
2025-12-08 14:00:00,112.6
2025-12-08 14:15:00,117.07
2025-12-08 14:30:00,119.74
2025-12-08 14:45:00,123.86
2025-12-08 15:00:00,121.35
2025-12-08 15:15:00,131.15
2025-12-08 15:30:00,131.75
2025-12-08 15:45:00,130.22
2025-12-08 16:00:00,137.22
2025-12-08 16:15:00,126.98
2025-12-08 16:30:00,122.34
2025-12-08 16:45:00,121.77
2025-12-08 17:00:00,123.51
2025-12-08 17:15:00,120.9
2025-12-08 17:30:00,120.49
2025-12-08 17:45:00,120.36
2025-12-08 18:00:00,123.8
2025-12-08 18:15:00,123.71
2025-12-08 18:30:00,122.34
2025-12-08 18:45:00,121.84
2025-12-08 19:00:00,125.24
2025-12-08 19:15:00,120.83
2025-12-08 19:30:00,116.78
2025-12-08 19:45:00,108.69
2025-12-08 20:00:00,118.85
2025-12-08 20:15:00,115.0
2025-12-08 20:30:00,114.36
2025-12-08 20:45:00,101.52
2025-12-08 21:00:00,114.36
2025-12-08 21:15:00,110.0
2025-12-08 21:30:00,100.8
2025-12-08 21:45:00,91.57
2025-12-08 22:00:00,100.17
2025-12-08 22:15:00,92.77
2025-12-08 22:30:00,88.29
2025-12-08 22:45:00,85.98
2025-12-08 23:00:00,94.21
2025-12-08 23:15:00,90.91
2025-12-08 23:30:00,84.13
2025-12-08 23:45:00,84.07
2025-12-09 00:00:00,89.64
2025-12-09 00:15:00,87.95
2025-12-09 00:30:00,86.19
2025-12-09 00:45:00,84.39
2025-12-09 01:00:00,91.12
2025-12-09 01:15:00,87.39
2025-12-09 01:30:00,85.49
2025-12-09 01:45:00,84.46
2025-12-09 02:00:00,86.1
2025-12-09 02:15:00,85.65
2025-12-09 02:30:00,86.45
2025-12-09 02:45:00,86.32
2025-12-09 03:00:00,87.16
2025-12-09 03:15:00,88.09
2025-12-09 03:30:00,91.29
2025-12-09 03:45:00,96.55
2025-12-09 04:00:00,85.14
2025-12-09 04:15:00,94.48
2025-12-09 04:30:00,102.65
2025-12-09 04:45:00,121.7
2025-12-09 05:00:00,104.97
2025-12-09 05:15:00,116.96
2025-12-09 05:30:00,133.87
2025-12-09 05:45:00,151.05
2025-12-09 06:00:00,118.17
2025-12-09 06:15:00,127.58
2025-12-09 06:30:00,135.37
2025-12-09 06:45:00,138.89
2025-12-09 07:00:00,137.34
2025-12-09 07:15:00,135.58
2025-12-09 07:30:00,126.99
2025-12-09 07:45:00,119.32
2025-12-09 08:00:00,130.79
2025-12-09 08:15:00,119.32
2025-12-09 08:30:00,116.4
2025-12-09 08:45:00,115.28
2025-12-09 09:00:00,122.8
2025-12-09 09:15:00,114.58
2025-12-09 09:30:00,114.36
2025-12-09 09:45:00,111.75
2025-12-09 10:00:00,114.92
2025-12-09 10:15:00,114.11
2025-12-09 10:30:00,113.95
2025-12-09 10:45:00,112.49
2025-12-09 11:00:00,116.94
2025-12-09 11:15:00,117.03
2025-12-09 11:30:00,112.13
2025-12-09 11:45:00,111.34
2025-12-09 12:00:00,118.07
2025-12-09 12:15:00,118.05
2025-12-09 12:30:00,118.93
2025-12-09 12:45:00,121.3
2025-12-09 13:00:00,117.05
2025-12-09 13:15:00,132.7
2025-12-09 13:30:00,139.02
2025-12-09 13:45:00,140.74
2025-12-09 14:00:00,116.13
2025-12-09 14:15:00,125.23
2025-12-09 14:30:00,129.64
2025-12-09 14:45:00,147.76
2025-12-09 15:00:00,126.72
2025-12-09 15:15:00,137.64
2025-12-09 15:30:00,142.55
2025-12-09 15:45:00,149.73
2025-12-09 16:00:00,140.86
2025-12-09 16:15:00,135.56
2025-12-09 16:30:00,132.52
2025-12-09 16:45:00,129.87
2025-12-09 17:00:00,133.77
2025-12-09 17:15:00,129.9
2025-12-09 17:30:00,133.95
2025-12-09 17:45:00,131.21
2025-12-09 18:00:00,134.32
2025-12-09 18:15:00,139.0
2025-12-09 18:30:00,130.0
2025-12-09 18:45:00,120.0
2025-12-09 19:00:00,139.98
2025-12-09 19:15:00,124.59
2025-12-09 19:30:00,118.17
2025-12-09 19:45:00,112.44
2025-12-09 20:00:00,127.25
2025-12-09 20:15:00,122.84
2025-12-09 20:30:00,117.32
2025-12-09 20:45:00,105.39
2025-12-09 21:00:00,117.4
2025-12-09 21:15:00,112.22
2025-12-09 21:30:00,108.54
2025-12-09 21:45:00,101.28
2025-12-09 22:00:00,103.62
2025-12-09 22:15:00,90.41
2025-12-09 22:30:00,85.39
2025-12-09 22:45:00,77.87
2025-12-09 23:00:00,87.44
2025-12-09 23:15:00,90.0
2025-12-09 23:30:00,89.14
2025-12-09 23:45:00,86.12
2025-12-10 00:00:00,88.32
2025-12-10 00:15:00,86.9
2025-12-10 00:30:00,86.7
2025-12-10 00:45:00,86.54
2025-12-10 01:00:00,85.34
2025-12-10 01:15:00,85.96
2025-12-10 01:30:00,86.53
2025-12-10 01:45:00,85.61
2025-12-10 02:00:00,86.6
2025-12-10 02:15:00,87.87
2025-12-10 02:30:00,87.07
2025-12-10 02:45:00,87.08
2025-12-10 03:00:00,86.23
2025-12-10 03:15:00,87.39
2025-12-10 03:30:00,89.03
2025-12-10 03:45:00,93.23
2025-12-10 04:00:00,83.81
2025-12-10 04:15:00,90.9
2025-12-10 04:30:00,95.61
2025-12-10 04:45:00,110.0
2025-12-10 05:00:00,86.67
2025-12-10 05:15:00,104.48
2025-12-10 05:30:00,121.62
2025-12-10 05:45:00,140.0
2025-12-10 06:00:00,123.02
2025-12-10 06:15:00,132.65
2025-12-10 06:30:00,140.33
2025-12-10 06:45:00,142.21
2025-12-10 07:00:00,132.98
2025-12-10 07:15:00,131.85
2025-12-10 07:30:00,139.42
2025-12-10 07:45:00,127.9
2025-12-10 08:00:00,144.88
2025-12-10 08:15:00,131.44
2025-12-10 08:30:00,117.24
2025-12-10 08:45:00,107.42
2025-12-10 09:00:00,127.42
2025-12-10 09:15:00,117.8
2025-12-10 09:30:00,110.26
2025-12-10 09:45:00,102.93
2025-12-10 10:00:00,109.34
2025-12-10 10:15:00,102.85
2025-12-10 10:30:00,100.86
2025-12-10 10:45:00,100.87
2025-12-10 11:00:00,100.92
2025-12-10 11:15:00,98.21
2025-12-10 11:30:00,99.34
2025-12-10 11:45:00,99.44
2025-12-10 12:00:00,102.69
2025-12-10 12:15:00,104.14
2025-12-10 12:30:00,104.47
2025-12-10 12:45:00,108.82
2025-12-10 13:00:00,106.49
2025-12-10 13:15:00,115.02
2025-12-10 13:30:00,120.5
2025-12-10 13:45:00,134.91
2025-12-10 14:00:00,114.76
2025-12-10 14:15:00,121.29
2025-12-10 14:30:00,134.35
2025-12-10 14:45:00,140.0
2025-12-10 15:00:00,128.05
2025-12-10 15:15:00,136.01
2025-12-10 15:30:00,137.66
2025-12-10 15:45:00,142.02
2025-12-10 16:00:00,131.85
2025-12-10 16:15:00,133.37
2025-12-10 16:30:00,136.53
2025-12-10 16:45:00,136.01
2025-12-10 17:00:00,133.96
2025-12-10 17:15:00,134.33
2025-12-10 17:30:00,135.16
2025-12-10 17:45:00,134.5
2025-12-10 18:00:00,140.13
2025-12-10 18:15:00,137.35
2025-12-10 18:30:00,131.95
2025-12-10 18:45:00,123.85
2025-12-10 19:00:00,140.0
2025-12-10 19:15:00,132.77
2025-12-10 19:30:00,125.08
2025-12-10 19:45:00,112.68
2025-12-10 20:00:00,136.0
2025-12-10 20:15:00,129.92
2025-12-10 20:30:00,117.62
2025-12-10 20:45:00,109.72
2025-12-10 21:00:00,121.43
2025-12-10 21:15:00,114.53
2025-12-10 21:30:00,113.74
2025-12-10 21:45:00,94.64
2025-12-10 22:00:00,110.65
2025-12-10 22:15:00,104.07
2025-12-10 22:30:00,96.2
2025-12-10 22:45:00,85.43
2025-12-10 23:00:00,101.54
2025-12-10 23:15:00,98.68
2025-12-10 23:30:00,94.34
2025-12-10 23:45:00,91.46
2025-12-11 00:00:00,92.62
2025-12-11 00:15:00,92.06
2025-12-11 00:30:00,92.44
2025-12-11 00:45:00,91.82
2025-12-11 01:00:00,92.26
2025-12-11 01:15:00,91.0
2025-12-11 01:30:00,89.09
2025-12-11 01:45:00,87.67
2025-12-11 02:00:00,90.01
2025-12-11 02:15:00,88.93
2025-12-11 02:30:00,90.24
2025-12-11 02:45:00,90.24
2025-12-11 03:00:00,91.22
2025-12-11 03:15:00,91.63
2025-12-11 03:30:00,91.65
2025-12-11 03:45:00,92.98
2025-12-11 04:00:00,87.33
2025-12-11 04:15:00,95.01
2025-12-11 04:30:00,100.63
2025-12-11 04:45:00,110.98
2025-12-11 05:00:00,100.71
2025-12-11 05:15:00,113.99
2025-12-11 05:30:00,123.66
2025-12-11 05:45:00,131.23
2025-12-11 06:00:00,114.97
2025-12-11 06:15:00,125.29
2025-12-11 06:30:00,129.23
2025-12-11 06:45:00,133.12
2025-12-11 07:00:00,135.11
2025-12-11 07:15:00,134.22
2025-12-11 07:30:00,129.51
2025-12-11 07:45:00,121.74
2025-12-11 08:00:00,135.76
2025-12-11 08:15:00,130.0
2025-12-11 08:30:00,124.03
2025-12-11 08:45:00,119.01
2025-12-11 09:00:00,129.53
2025-12-11 09:15:00,123.18
2025-12-11 09:30:00,122.0
2025-12-11 09:45:00,113.69
2025-12-11 10:00:00,116.57
2025-12-11 10:15:00,113.84
2025-12-11 10:30:00,112.45
2025-12-11 10:45:00,112.25
2025-12-11 11:00:00,111.28
2025-12-11 11:15:00,110.33
2025-12-11 11:30:00,106.47
2025-12-11 11:45:00,105.95
2025-12-11 12:00:00,111.46
2025-12-11 12:15:00,111.86
2025-12-11 12:30:00,112.29
2025-12-11 12:45:00,112.45
2025-12-11 13:00:00,112.45
2025-12-11 13:15:00,114.97
2025-12-11 13:30:00,123.9
2025-12-11 13:45:00,135.21
2025-12-11 14:00:00,115.22
2025-12-11 14:15:00,125.29
2025-12-11 14:30:00,130.3
2025-12-11 14:45:00,169.92
2025-12-11 15:00:00,128.25
2025-12-11 15:15:00,132.64
2025-12-11 15:30:00,133.37
2025-12-11 15:45:00,136.0
2025-12-11 16:00:00,130.03
2025-12-11 16:15:00,131.87
2025-12-11 16:30:00,129.92
2025-12-11 16:45:00,130.97
2025-12-11 17:00:00,127.8
2025-12-11 17:15:00,125.08
2025-12-11 17:30:00,129.3
2025-12-11 17:45:00,130.0
2025-12-11 18:00:00,133.14
2025-12-11 18:15:00,128.68
2025-12-11 18:30:00,126.48
2025-12-11 18:45:00,122.94
2025-12-11 19:00:00,131.87
2025-12-11 19:15:00,127.68
2025-12-11 19:30:00,119.83
2025-12-11 19:45:00,115.1
2025-12-11 20:00:00,125.29
2025-12-11 20:15:00,118.8
2025-12-11 20:30:00,114.01
2025-12-11 20:45:00,103.88
2025-12-11 21:00:00,115.22
2025-12-11 21:15:00,107.69
2025-12-11 21:30:00,107.18
2025-12-11 21:45:00,97.13
2025-12-11 22:00:00,107.89
2025-12-11 22:15:00,97.72
2025-12-11 22:30:00,92.32
2025-12-11 22:45:00,87.59
2025-12-11 23:00:00,100.54
2025-12-11 23:15:00,99.77
2025-12-11 23:30:00,95.75
2025-12-11 23:45:00,93.77
2025-12-12 00:00:00,98.85
2025-12-12 00:15:00,95.15
2025-12-12 00:30:00,96.18
2025-12-12 00:45:00,95.98
2025-12-12 01:00:00,98.11
2025-12-12 01:15:00,96.03
2025-12-12 01:30:00,97.13
2025-12-12 01:45:00,97.66
2025-12-12 02:00:00,96.87
2025-12-12 02:15:00,96.36
2025-12-12 02:30:00,93.67
2025-12-12 02:45:00,97.13
2025-12-12 03:00:00,90.67
2025-12-12 03:15:00,96.01
2025-12-12 03:30:00,98.0
2025-12-12 03:45:00,97.27
2025-12-12 04:00:00,93.28
2025-12-12 04:15:00,98.33
2025-12-12 04:30:00,102.81
2025-12-12 04:45:00,109.12
2025-12-12 05:00:00,105.47
2025-12-12 05:15:00,128.66
2025-12-12 05:30:00,138.52
2025-12-12 05:45:00,139.37
2025-12-12 06:00:00,124.41
2025-12-12 06:15:00,130.1
2025-12-12 06:30:00,134.73
2025-12-12 06:45:00,137.73
2025-12-12 07:00:00,134.46
2025-12-12 07:15:00,137.74
2025-12-12 07:30:00,135.32
2025-12-12 07:45:00,131.0
2025-12-12 08:00:00,134.93
2025-12-12 08:15:00,127.95
2025-12-12 08:30:00,126.61
2025-12-12 08:45:00,123.97
2025-12-12 09:00:00,130.75
2025-12-12 09:15:00,128.99
2025-12-12 09:30:00,120.95
2025-12-12 09:45:00,116.1
2025-12-12 10:00:00,124.81
2025-12-12 10:15:00,121.07
2025-12-12 10:30:00,120.73
2025-12-12 10:45:00,117.71
2025-12-12 11:00:00,113.45
2025-12-12 11:15:00,115.13
2025-12-12 11:30:00,115.35
2025-12-12 11:45:00,116.96
2025-12-12 12:00:00,116.4
2025-12-12 12:15:00,118.14
2025-12-12 12:30:00,124.21
2025-12-12 12:45:00,127.86
2025-12-12 13:00:00,118.06
2025-12-12 13:15:00,125.38
2025-12-12 13:30:00,137.69
2025-12-12 13:45:00,142.99
2025-12-12 14:00:00,126.08
2025-12-12 14:15:00,130.84
2025-12-12 14:30:00,141.51
2025-12-12 14:45:00,146.1
2025-12-12 15:00:00,140.79
2025-12-12 15:15:00,150.46
2025-12-12 15:30:00,166.05
2025-12-12 15:45:00,173.82
2025-12-12 16:00:00,143.6
2025-12-12 16:15:00,147.28
2025-12-12 16:30:00,140.55
2025-12-12 16:45:00,137.05
2025-12-12 17:00:00,135.1
2025-12-12 17:15:00,133.0
2025-12-12 17:30:00,133.0
2025-12-12 17:45:00,133.0
2025-12-12 18:00:00,134.8
2025-12-12 18:15:00,131.0
2025-12-12 18:30:00,130.0
2025-12-12 18:45:00,124.2
2025-12-12 19:00:00,135.32
2025-12-12 19:15:00,125.49
2025-12-12 19:30:00,120.14
2025-12-12 19:45:00,109.66
2025-12-12 20:00:00,129.55
2025-12-12 20:15:00,116.71
2025-12-12 20:30:00,109.62
2025-12-12 20:45:00,104.28
2025-12-12 21:00:00,114.32
2025-12-12 21:15:00,110.85
2025-12-12 21:30:00,108.38
2025-12-12 21:45:00,98.3
2025-12-12 22:00:00,107.75
2025-12-12 22:15:00,102.69
2025-12-12 22:30:00,93.87
2025-12-12 22:45:00,88.19
2025-12-12 23:00:00,110.0
2025-12-12 23:15:00,106.38
2025-12-12 23:30:00,103.68
2025-12-12 23:45:00,89.47
2025-12-13 00:00:00,103.55
2025-12-13 00:15:00,101.25
2025-12-13 00:30:00,97.21
2025-12-13 00:45:00,93.66
2025-12-13 01:00:00,100.33
2025-12-13 01:15:00,94.5
2025-12-13 01:30:00,95.0
2025-12-13 01:45:00,91.78
2025-12-13 02:00:00,96.27
2025-12-13 02:15:00,89.26
2025-12-13 02:30:00,91.36
2025-12-13 02:45:00,87.78
2025-12-13 03:00:00,90.1
2025-12-13 03:15:00,91.98
2025-12-13 03:30:00,92.15
2025-12-13 03:45:00,94.26
2025-12-13 04:00:00,93.65
2025-12-13 04:15:00,95.0
2025-12-13 04:30:00,99.56
2025-12-13 04:45:00,100.33
2025-12-13 05:00:00,93.94
2025-12-13 05:15:00,97.96
2025-12-13 05:30:00,107.6
2025-12-13 05:45:00,109.67
2025-12-13 06:00:00,110.15
2025-12-13 06:15:00,110.45
2025-12-13 06:30:00,108.54
2025-12-13 06:45:00,112.5
2025-12-13 07:00:00,109.62
2025-12-13 07:15:00,108.93
2025-12-13 07:30:00,114.87
2025-12-13 07:45:00,111.84
2025-12-13 08:00:00,110.15
2025-12-13 08:15:00,110.5
2025-12-13 08:30:00,110.15
2025-12-13 08:45:00,106.69
2025-12-13 09:00:00,110.33
2025-12-13 09:15:00,107.92
2025-12-13 09:30:00,103.7
2025-12-13 09:45:00,99.48
2025-12-13 10:00:00,105.13
2025-12-13 10:15:00,102.98
2025-12-13 10:30:00,101.32
2025-12-13 10:45:00,96.8
2025-12-13 11:00:00,102.49
2025-12-13 11:15:00,98.71
2025-12-13 11:30:00,98.0
2025-12-13 11:45:00,96.37
2025-12-13 12:00:00,100.26
2025-12-13 12:15:00,99.07
2025-12-13 12:30:00,99.51
2025-12-13 12:45:00,101.21
2025-12-13 13:00:00,95.0
2025-12-13 13:15:00,98.23
2025-12-13 13:30:00,108.24
2025-12-13 13:45:00,114.91
2025-12-13 14:00:00,108.87
2025-12-13 14:15:00,118.99
2025-12-13 14:30:00,122.63
2025-12-13 14:45:00,125.08
2025-12-13 15:00:00,117.06
2025-12-13 15:15:00,121.19
2025-12-13 15:30:00,125.0
2025-12-13 15:45:00,127.41
2025-12-13 16:00:00,122.79
2025-12-13 16:15:00,123.85
2025-12-13 16:30:00,123.0
2025-12-13 16:45:00,122.41
2025-12-13 17:00:00,119.99
2025-12-13 17:15:00,119.02
2025-12-13 17:30:00,123.24
2025-12-13 17:45:00,120.94
2025-12-13 18:00:00,123.64
2025-12-13 18:15:00,120.39
2025-12-13 18:30:00,118.62
2025-12-13 18:45:00,115.41
2025-12-13 19:00:00,126.41
2025-12-13 19:15:00,116.86
2025-12-13 19:30:00,110.04
2025-12-13 19:45:00,103.32
2025-12-13 20:00:00,119.37
2025-12-13 20:15:00,109.92
2025-12-13 20:30:00,104.86
2025-12-13 20:45:00,95.43
2025-12-13 21:00:00,115.0
2025-12-13 21:15:00,109.37
2025-12-13 21:30:00,101.0
2025-12-13 21:45:00,88.36
2025-12-13 22:00:00,103.09
2025-12-13 22:15:00,99.29
2025-12-13 22:30:00,91.8
2025-12-13 22:45:00,86.06
2025-12-13 23:00:00,97.5
2025-12-13 23:15:00,91.92
2025-12-13 23:30:00,89.97
2025-12-13 23:45:00,89.01
2025-12-14 00:00:00,100.19
2025-12-14 00:15:00,96.99
2025-12-14 00:30:00,87.21
2025-12-14 00:45:00,83.51
2025-12-14 01:00:00,90.87
2025-12-14 01:15:00,85.83
2025-12-14 01:30:00,84.57
2025-12-14 01:45:00,83.96
2025-12-14 02:00:00,82.47
2025-12-14 02:15:00,82.94
2025-12-14 02:30:00,82.0
2025-12-14 02:45:00,81.73
2025-12-14 03:00:00,85.99
2025-12-14 03:15:00,86.29
2025-12-14 03:30:00,86.87
2025-12-14 03:45:00,87.43
2025-12-14 04:00:00,83.14
2025-12-14 04:15:00,85.98
2025-12-14 04:30:00,89.34
2025-12-14 04:45:00,91.25
2025-12-14 05:00:00,80.01
2025-12-14 05:15:00,84.8
2025-12-14 05:30:00,89.78
2025-12-14 05:45:00,99.62
2025-12-14 06:00:00,96.31
2025-12-14 06:15:00,91.04
2025-12-14 06:30:00,89.85
2025-12-14 06:45:00,90.19
2025-12-14 07:00:00,87.5
2025-12-14 07:15:00,88.41
2025-12-14 07:30:00,99.13
2025-12-14 07:45:00,101.72
2025-12-14 08:00:00,103.3
2025-12-14 08:15:00,107.34
2025-12-14 08:30:00,101.68
2025-12-14 08:45:00,99.98
2025-12-14 09:00:00,102.79
2025-12-14 09:15:00,102.71
2025-12-14 09:30:00,102.11
2025-12-14 09:45:00,98.61
2025-12-14 10:00:00,101.0
2025-12-14 10:15:00,101.0
2025-12-14 10:30:00,100.37
2025-12-14 10:45:00,98.51
2025-12-14 11:00:00,99.4
2025-12-14 11:15:00,96.07
2025-12-14 11:30:00,93.96
2025-12-14 11:45:00,93.45
2025-12-14 12:00:00,93.14
2025-12-14 12:15:00,95.82
2025-12-14 12:30:00,94.96
2025-12-14 12:45:00,96.07
2025-12-14 13:00:00,89.81
2025-12-14 13:15:00,91.0
2025-12-14 13:30:00,96.07
2025-12-14 13:45:00,102.61
2025-12-14 14:00:00,92.58
2025-12-14 14:15:00,100.6
2025-12-14 14:30:00,110.74
2025-12-14 14:45:00,114.11
2025-12-14 15:00:00,112.94
2025-12-14 15:15:00,114.11
2025-12-14 15:30:00,117.17
2025-12-14 15:45:00,122.97
2025-12-14 16:00:00,118.0
2025-12-14 16:15:00,118.9
2025-12-14 16:30:00,115.39
2025-12-14 16:45:00,115.31
2025-12-14 17:00:00,120.0
2025-12-14 17:15:00,117.02
2025-12-14 17:30:00,114.77
2025-12-14 17:45:00,116.78
2025-12-14 18:00:00,122.04
2025-12-14 18:15:00,117.37
2025-12-14 18:30:00,119.52
2025-12-14 18:45:00,112.73
2025-12-14 19:00:00,117.99
2025-12-14 19:15:00,112.79
2025-12-14 19:30:00,110.95
2025-12-14 19:45:00,105.03
2025-12-14 20:00:00,116.58
2025-12-14 20:15:00,110.01
2025-12-14 20:30:00,100.84
2025-12-14 20:45:00,91.78
2025-12-14 21:00:00,107.06
2025-12-14 21:15:00,104.3
2025-12-14 21:30:00,95.52
2025-12-14 21:45:00,88.79
2025-12-14 22:00:00,99.87
2025-12-14 22:15:00,94.67
2025-12-14 22:30:00,91.14
2025-12-14 22:45:00,82.0
2025-12-14 23:00:00,91.37
2025-12-14 23:15:00,89.59
2025-12-14 23:30:00,86.72
2025-12-14 23:45:00,88.11
2025-12-15 00:00:00,87.7
2025-12-15 00:15:00,86.3
2025-12-15 00:30:00,85.88
2025-12-15 00:45:00,86.24
2025-12-15 01:00:00,85.96
2025-12-15 01:15:00,86.59
2025-12-15 01:30:00,87.26
2025-12-15 01:45:00,87.27
2025-12-15 02:00:00,86.8
2025-12-15 02:15:00,85.27
2025-12-15 02:30:00,87.2
2025-12-15 02:45:00,87.53
2025-12-15 03:00:00,86.0
2025-12-15 03:15:00,87.64
2025-12-15 03:30:00,89.14
2025-12-15 03:45:00,95.05
2025-12-15 04:00:00,75.25
2025-12-15 04:15:00,87.79
2025-12-15 04:30:00,103.79
2025-12-15 04:45:00,110.75
2025-12-15 05:00:00,108.1
2025-12-15 05:15:00,116.26
2025-12-15 05:30:00,129.52
2025-12-15 05:45:00,139.43
2025-12-15 06:00:00,123.68
2025-12-15 06:15:00,127.15
2025-12-15 06:30:00,133.04
2025-12-15 06:45:00,139.98
2025-12-15 07:00:00,140.75
2025-12-15 07:15:00,138.91
2025-12-15 07:30:00,133.92
2025-12-15 07:45:00,127.65
2025-12-15 08:00:00,152.65
2025-12-15 08:15:00,137.89
2025-12-15 08:30:00,119.06
2025-12-15 08:45:00,112.22
2025-12-15 09:00:00,131.44
2025-12-15 09:15:00,118.9
2025-12-15 09:30:00,117.3
2025-12-15 09:45:00,115.11
2025-12-15 10:00:00,116.68
2025-12-15 10:15:00,120.45
2025-12-15 10:30:00,110.84
2025-12-15 10:45:00,110.45
2025-12-15 11:00:00,106.28
2025-12-15 11:15:00,104.85
2025-12-15 11:30:00,106.26
2025-12-15 11:45:00,111.38
2025-12-15 12:00:00,112.78
2025-12-15 12:15:00,118.75
2025-12-15 12:30:00,123.65
2025-12-15 12:45:00,126.93
2025-12-15 13:00:00,110.7
2025-12-15 13:15:00,118.49
2025-12-15 13:30:00,140.9
2025-12-15 13:45:00,164.52
2025-12-15 14:00:00,122.77
2025-12-15 14:15:00,169.31
2025-12-15 14:30:00,149.02
2025-12-15 14:45:00,161.8
2025-12-15 15:00:00,162.16
2025-12-15 15:15:00,153.63
2025-12-15 15:30:00,157.36
2025-12-15 15:45:00,161.94
2025-12-15 16:00:00,133.7
2025-12-15 16:15:00,132.41
2025-12-15 16:30:00,137.56
2025-12-15 16:45:00,135.43
2025-12-15 17:00:00,136.64
2025-12-15 17:15:00,135.46
2025-12-15 17:30:00,138.15
2025-12-15 17:45:00,132.56
2025-12-15 18:00:00,138.74
2025-12-15 18:15:00,135.32
2025-12-15 18:30:00,129.72
2025-12-15 18:45:00,126.97
2025-12-15 19:00:00,132.62
2025-12-15 19:15:00,126.37
2025-12-15 19:30:00,123.17
2025-12-15 19:45:00,116.26
2025-12-15 20:00:00,123.37
2025-12-15 20:15:00,119.0
2025-12-15 20:30:00,114.1
2025-12-15 20:45:00,97.52
2025-12-15 21:00:00,116.26
2025-12-15 21:15:00,116.26
2025-12-15 21:30:00,114.11
2025-12-15 21:45:00,99.66
2025-12-15 22:00:00,110.0
2025-12-15 22:15:00,106.04
2025-12-15 22:30:00,98.69
2025-12-15 22:45:00,88.84
2025-12-15 23:00:00,99.08
2025-12-15 23:15:00,103.19
2025-12-15 23:30:00,102.0
2025-12-15 23:45:00,99.16
2025-12-16 00:00:00,99.16
2025-12-16 00:15:00,98.82
2025-12-16 00:30:00,95.98
2025-12-16 00:45:00,94.72
2025-12-16 01:00:00,95.19
2025-12-16 01:15:00,95.41
2025-12-16 01:30:00,95.8
2025-12-16 01:45:00,99.16
2025-12-16 02:00:00,95.53
2025-12-16 02:15:00,97.47
2025-12-16 02:30:00,97.82
2025-12-16 02:45:00,100.5
2025-12-16 03:00:00,99.16
2025-12-16 03:15:00,96.83
2025-12-16 03:30:00,98.31
2025-12-16 03:45:00,99.16
2025-12-16 04:00:00,99.16
2025-12-16 04:15:00,101.21
2025-12-16 04:30:00,119.06
2025-12-16 04:45:00,138.47
2025-12-16 05:00:00,116.24
2025-12-16 05:15:00,141.71
2025-12-16 05:30:00,156.17
2025-12-16 05:45:00,170.84
2025-12-16 06:00:00,164.98
2025-12-16 06:15:00,170.1
2025-12-16 06:30:00,163.67
2025-12-16 06:45:00,149.24
2025-12-16 07:00:00,141.1
2025-12-16 07:15:00,136.92
2025-12-16 07:30:00,131.77
2025-12-16 07:45:00,129.0
2025-12-16 08:00:00,135.06
2025-12-16 08:15:00,129.07
2025-12-16 08:30:00,124.74
2025-12-16 08:45:00,116.23
2025-12-16 09:00:00,131.0
2025-12-16 09:15:00,124.55
2025-12-16 09:30:00,121.41
2025-12-16 09:45:00,112.92
2025-12-16 10:00:00,124.0
2025-12-16 10:15:00,118.22
2025-12-16 10:30:00,113.52
2025-12-16 10:45:00,112.11
2025-12-16 11:00:00,118.76
2025-12-16 11:15:00,113.17
2025-12-16 11:30:00,117.15
2025-12-16 11:45:00,120.21
2025-12-16 12:00:00,118.91
2025-12-16 12:15:00,121.16
2025-12-16 12:30:00,127.68
2025-12-16 12:45:00,139.49
2025-12-16 13:00:00,121.67
2025-12-16 13:15:00,133.55
2025-12-16 13:30:00,149.1
2025-12-16 13:45:00,151.49
2025-12-16 14:00:00,130.0
2025-12-16 14:15:00,138.78
2025-12-16 14:30:00,161.0
2025-12-16 14:45:00,178.27
2025-12-16 15:00:00,153.11
2025-12-16 15:15:00,165.67
2025-12-16 15:30:00,172.93
2025-12-16 15:45:00,182.29
2025-12-16 16:00:00,166.03
2025-12-16 16:15:00,165.53
2025-12-16 16:30:00,162.9
2025-12-16 16:45:00,157.71
2025-12-16 17:00:00,159.09
2025-12-16 17:15:00,164.68
2025-12-16 17:30:00,148.64
2025-12-16 17:45:00,151.63
2025-12-16 18:00:00,153.35
2025-12-16 18:15:00,150.27
2025-12-16 18:30:00,138.91
2025-12-16 18:45:00,133.5
2025-12-16 19:00:00,144.36
2025-12-16 19:15:00,140.27
2025-12-16 19:30:00,129.72
2025-12-16 19:45:00,119.98
2025-12-16 20:00:00,135.79
2025-12-16 20:15:00,124.5
2025-12-16 20:30:00,116.77
2025-12-16 20:45:00,104.4
2025-12-16 21:00:00,131.01
2025-12-16 21:15:00,118.66
2025-12-16 21:30:00,114.2
2025-12-16 21:45:00,107.23
2025-12-16 22:00:00,115.71
2025-12-16 22:15:00,108.61
2025-12-16 22:30:00,103.13
2025-12-16 22:45:00,93.17
2025-12-16 23:00:00,107.97
2025-12-16 23:15:00,104.93
2025-12-16 23:30:00,103.3
2025-12-16 23:45:00,95.81
2025-12-17 00:00:00,99.69
2025-12-17 00:15:00,97.28
2025-12-17 00:30:00,95.51
2025-12-17 00:45:00,96.22
2025-12-17 01:00:00,94.7
2025-12-17 01:15:00,96.05
2025-12-17 01:30:00,94.97
2025-12-17 01:45:00,95.28
2025-12-17 02:00:00,93.68
2025-12-17 02:15:00,95.29
2025-12-17 02:30:00,95.35
2025-12-17 02:45:00,100.55
2025-12-17 03:00:00,94.53
2025-12-17 03:15:00,97.43
2025-12-17 03:30:00,101.65
2025-12-17 03:45:00,104.89
2025-12-17 04:00:00,92.76
2025-12-17 04:15:00,101.04
2025-12-17 04:30:00,105.66
2025-12-17 04:45:00,109.78
2025-12-17 05:00:00,103.38
2025-12-17 05:15:00,114.84
2025-12-17 05:30:00,133.58
2025-12-17 05:45:00,163.76
2025-12-17 06:00:00,130.86
2025-12-17 06:15:00,140.18
2025-12-17 06:30:00,149.55
2025-12-17 06:45:00,152.93
2025-12-17 07:00:00,146.48
2025-12-17 07:15:00,142.07
2025-12-17 07:30:00,139.31
2025-12-17 07:45:00,136.3
2025-12-17 08:00:00,145.31
2025-12-17 08:15:00,135.39
2025-12-17 08:30:00,132.0
2025-12-17 08:45:00,122.67
2025-12-17 09:00:00,139.19
2025-12-17 09:15:00,131.63
2025-12-17 09:30:00,126.4
2025-12-17 09:45:00,121.56
2025-12-17 10:00:00,129.34
2025-12-17 10:15:00,126.06
2025-12-17 10:30:00,124.6
2025-12-17 10:45:00,124.41
2025-12-17 11:00:00,126.29
2025-12-17 11:15:00,126.0
2025-12-17 11:30:00,125.93
2025-12-17 11:45:00,126.41
2025-12-17 12:00:00,132.31
2025-12-17 12:15:00,127.48
2025-12-17 12:30:00,132.3
2025-12-17 12:45:00,132.6
2025-12-17 13:00:00,124.31
2025-12-17 13:15:00,128.3
2025-12-17 13:30:00,136.14
2025-12-17 13:45:00,155.05
2025-12-17 14:00:00,127.39
2025-12-17 14:15:00,135.7
2025-12-17 14:30:00,142.03
2025-12-17 14:45:00,155.83
2025-12-17 15:00:00,130.34
2025-12-17 15:15:00,136.3
2025-12-17 15:30:00,152.05
2025-12-17 15:45:00,147.78
2025-12-17 16:00:00,152.32
2025-12-17 16:15:00,156.47
2025-12-17 16:30:00,150.02
2025-12-17 16:45:00,149.57
2025-12-17 17:00:00,160.01
2025-12-17 17:15:00,174.66
2025-12-17 17:30:00,174.46
2025-12-17 17:45:00,161.02
2025-12-17 18:00:00,177.32
2025-12-17 18:15:00,161.04
2025-12-17 18:30:00,145.06
2025-12-17 18:45:00,131.08
2025-12-17 19:00:00,150.95
2025-12-17 19:15:00,133.75
2025-12-17 19:30:00,126.32
2025-12-17 19:45:00,123.18
2025-12-17 20:00:00,128.0
2025-12-17 20:15:00,121.3
2025-12-17 20:30:00,115.58
2025-12-17 20:45:00,111.18
2025-12-17 21:00:00,120.69
2025-12-17 21:15:00,125.15
2025-12-17 21:30:00,116.99
2025-12-17 21:45:00,109.54
2025-12-17 22:00:00,112.99
2025-12-17 22:15:00,109.81
2025-12-17 22:30:00,103.67
2025-12-17 22:45:00,98.75
2025-12-17 23:00:00,109.16
2025-12-17 23:15:00,104.7
2025-12-17 23:30:00,94.86
2025-12-17 23:45:00,96.26
2025-12-18 00:00:00,105.52
2025-12-18 00:15:00,97.23
2025-12-18 00:30:00,101.66
2025-12-18 00:45:00,100.82
2025-12-18 01:00:00,102.03
2025-12-18 01:15:00,106.36
2025-12-18 01:30:00,106.0
2025-12-18 01:45:00,100.03
2025-12-18 02:00:00,100.9
2025-12-18 02:15:00,100.5
2025-12-18 02:30:00,100.55
2025-12-18 02:45:00,101.53
2025-12-18 03:00:00,101.65
2025-12-18 03:15:00,107.0
2025-12-18 03:30:00,105.24
2025-12-18 03:45:00,106.36
2025-12-18 04:00:00,107.0
2025-12-18 04:15:00,110.87
2025-12-18 04:30:00,112.0
2025-12-18 04:45:00,120.43
2025-12-18 05:00:00,112.79
2025-12-18 05:15:00,127.89
2025-12-18 05:30:00,138.53
2025-12-18 05:45:00,149.56
2025-12-18 06:00:00,136.74
2025-12-18 06:15:00,145.85
2025-12-18 06:30:00,154.57
2025-12-18 06:45:00,161.68
2025-12-18 07:00:00,148.62
2025-12-18 07:15:00,138.35
2025-12-18 07:30:00,134.26
2025-12-18 07:45:00,131.19
2025-12-18 08:00:00,144.12
2025-12-18 08:15:00,129.38
2025-12-18 08:30:00,126.72
2025-12-18 08:45:00,120.93
2025-12-18 09:00:00,134.07
2025-12-18 09:15:00,126.89
2025-12-18 09:30:00,120.1
2025-12-18 09:45:00,115.63
2025-12-18 10:00:00,123.64
2025-12-18 10:15:00,118.26
2025-12-18 10:30:00,118.0
2025-12-18 10:45:00,111.01
2025-12-18 11:00:00,116.06
2025-12-18 11:15:00,110.92
2025-12-18 11:30:00,113.03
2025-12-18 11:45:00,112.99
2025-12-18 12:00:00,112.99
2025-12-18 12:15:00,115.02
2025-12-18 12:30:00,120.38
2025-12-18 12:45:00,128.41
2025-12-18 13:00:00,115.02
2025-12-18 13:15:00,123.87
2025-12-18 13:30:00,139.4
2025-12-18 13:45:00,140.49
2025-12-18 14:00:00,130.59
2025-12-18 14:15:00,145.18
2025-12-18 14:30:00,172.37
2025-12-18 14:45:00,180.47
2025-12-18 15:00:00,179.96
2025-12-18 15:15:00,193.06
2025-12-18 15:30:00,190.39
2025-12-18 15:45:00,185.3
2025-12-18 16:00:00,175.44
2025-12-18 16:15:00,173.42
2025-12-18 16:30:00,161.35
2025-12-18 16:45:00,161.1
2025-12-18 17:00:00,183.35
2025-12-18 17:15:00,174.69
2025-12-18 17:30:00,172.44
2025-12-18 17:45:00,159.16
2025-12-18 18:00:00,187.24
2025-12-18 18:15:00,157.98
2025-12-18 18:30:00,156.43
2025-12-18 18:45:00,140.93
2025-12-18 19:00:00,147.38
2025-12-18 19:15:00,142.34
2025-12-18 19:30:00,136.92
2025-12-18 19:45:00,126.62
2025-12-18 20:00:00,146.07
2025-12-18 20:15:00,134.44
2025-12-18 20:30:00,122.21
2025-12-18 20:45:00,116.0
2025-12-18 21:00:00,125.44
2025-12-18 21:15:00,120.6
2025-12-18 21:30:00,115.99
2025-12-18 21:45:00,110.18
2025-12-18 22:00:00,115.84
2025-12-18 22:15:00,111.84
2025-12-18 22:30:00,100.16
2025-12-18 22:45:00,97.11
2025-12-18 23:00:00,98.59
2025-12-18 23:15:00,94.56
2025-12-18 23:30:00,96.06
2025-12-18 23:45:00,101.66
2025-12-19 00:00:00,99.79
2025-12-19 00:15:00,97.05
2025-12-19 00:30:00,93.4
2025-12-19 00:45:00,90.22
2025-12-19 01:00:00,91.84
2025-12-19 01:15:00,98.86
2025-12-19 01:30:00,96.05
2025-12-19 01:45:00,91.62
2025-12-19 02:00:00,84.99
2025-12-19 02:15:00,92.93
2025-12-19 02:30:00,92.9
2025-12-19 02:45:00,87.8
2025-12-19 03:00:00,94.58
2025-12-19 03:15:00,91.77
2025-12-19 03:30:00,90.46
2025-12-19 03:45:00,94.78
2025-12-19 04:00:00,96.4
2025-12-19 04:15:00,100.22
2025-12-19 04:30:00,110.96
2025-12-19 04:45:00,112.02
2025-12-19 05:00:00,106.69
2025-12-19 05:15:00,113.28
2025-12-19 05:30:00,131.77
2025-12-19 05:45:00,150.08
2025-12-19 06:00:00,139.47
2025-12-19 06:15:00,138.55
2025-12-19 06:30:00,133.33
2025-12-19 06:45:00,136.82
2025-12-19 07:00:00,135.0
2025-12-19 07:15:00,136.02
2025-12-19 07:30:00,134.4
2025-12-19 07:45:00,130.0
2025-12-19 08:00:00,137.28
2025-12-19 08:15:00,135.9
2025-12-19 08:30:00,127.82
2025-12-19 08:45:00,116.34
2025-12-19 09:00:00,129.35
2025-12-19 09:15:00,120.34
2025-12-19 09:30:00,118.78
2025-12-19 09:45:00,114.96
2025-12-19 10:00:00,120.34
2025-12-19 10:15:00,120.34
2025-12-19 10:30:00,115.0
2025-12-19 10:45:00,114.96
2025-12-19 11:00:00,114.96
2025-12-19 11:15:00,112.43
2025-12-19 11:30:00,112.43
2025-12-19 11:45:00,112.43
2025-12-19 12:00:00,112.28
2025-12-19 12:15:00,112.43
2025-12-19 12:30:00,116.0
2025-12-19 12:45:00,120.59
2025-12-19 13:00:00,114.96
2025-12-19 13:15:00,128.25
2025-12-19 13:30:00,128.0
2025-12-19 13:45:00,138.24
2025-12-19 14:00:00,120.34
2025-12-19 14:15:00,131.73
2025-12-19 14:30:00,153.16
2025-12-19 14:45:00,157.13
2025-12-19 15:00:00,145.09
2025-12-19 15:15:00,166.37
2025-12-19 15:30:00,162.5
2025-12-19 15:45:00,158.31
2025-12-19 16:00:00,135.54
2025-12-19 16:15:00,138.72
2025-12-19 16:30:00,148.76
2025-12-19 16:45:00,142.12
2025-12-19 17:00:00,137.24
2025-12-19 17:15:00,135.03
2025-12-19 17:30:00,143.28
2025-12-19 17:45:00,137.95
2025-12-19 18:00:00,151.33
2025-12-19 18:15:00,139.68
2025-12-19 18:30:00,130.93
2025-12-19 18:45:00,129.23
2025-12-19 19:00:00,148.64
2025-12-19 19:15:00,134.95
2025-12-19 19:30:00,129.7
2025-12-19 19:45:00,119.35
2025-12-19 20:00:00,119.62
2025-12-19 20:15:00,116.66
2025-12-19 20:30:00,115.23
2025-12-19 20:45:00,111.32
2025-12-19 21:00:00,120.4
2025-12-19 21:15:00,118.7
2025-12-19 21:30:00,112.28
2025-12-19 21:45:00,107.86
2025-12-19 22:00:00,112.23
2025-12-19 22:15:00,109.29
2025-12-19 22:30:00,101.67
2025-12-19 22:45:00,89.51
2025-12-19 23:00:00,102.98
2025-12-19 23:15:00,100.09
2025-12-19 23:30:00,94.3
2025-12-19 23:45:00,93.04
2025-12-20 00:00:00,100.79
2025-12-20 00:15:00,96.05
2025-12-20 00:30:00,89.71
2025-12-20 00:45:00,89.47
2025-12-20 01:00:00,89.8
2025-12-20 01:15:00,94.77
2025-12-20 01:30:00,89.83
2025-12-20 01:45:00,88.37
2025-12-20 02:00:00,87.73
2025-12-20 02:15:00,87.34
2025-12-20 02:30:00,90.0
2025-12-20 02:45:00,92.27
2025-12-20 03:00:00,88.72
2025-12-20 03:15:00,89.2
2025-12-20 03:30:00,90.81
2025-12-20 03:45:00,94.63
2025-12-20 04:00:00,88.81
2025-12-20 04:15:00,87.61
2025-12-20 04:30:00,91.75
2025-12-20 04:45:00,101.09
2025-12-20 05:00:00,94.69
2025-12-20 05:15:00,97.0
2025-12-20 05:30:00,99.16
2025-12-20 05:45:00,107.7
2025-12-20 06:00:00,102.64
2025-12-20 06:15:00,106.53
2025-12-20 06:30:00,107.79
2025-12-20 06:45:00,113.15
2025-12-20 07:00:00,111.45
2025-12-20 07:15:00,113.52
2025-12-20 07:30:00,118.97
2025-12-20 07:45:00,121.67
2025-12-20 08:00:00,117.79
2025-12-20 08:15:00,120.48
2025-12-20 08:30:00,117.7
2025-12-20 08:45:00,116.51
2025-12-20 09:00:00,117.65
2025-12-20 09:15:00,118.87
2025-12-20 09:30:00,115.7
2025-12-20 09:45:00,113.15
2025-12-20 10:00:00,117.26
2025-12-20 10:15:00,114.54
2025-12-20 10:30:00,115.31
2025-12-20 10:45:00,114.8
2025-12-20 11:00:00,113.19
2025-12-20 11:15:00,112.12
2025-12-20 11:30:00,115.81
2025-12-20 11:45:00,118.58
2025-12-20 12:00:00,114.61
2025-12-20 12:15:00,117.73
2025-12-20 12:30:00,124.7
2025-12-20 12:45:00,128.1
2025-12-20 13:00:00,120.92
2025-12-20 13:15:00,128.28
2025-12-20 13:30:00,126.98
2025-12-20 13:45:00,128.39
2025-12-20 14:00:00,122.95
2025-12-20 14:15:00,127.1
2025-12-20 14:30:00,132.25
2025-12-20 14:45:00,133.98
2025-12-20 15:00:00,125.94
2025-12-20 15:15:00,132.52
2025-12-20 15:30:00,135.34
2025-12-20 15:45:00,135.86
2025-12-20 16:00:00,133.02
2025-12-20 16:15:00,130.31
2025-12-20 16:30:00,126.36
2025-12-20 16:45:00,124.86
2025-12-20 17:00:00,134.49
2025-12-20 17:15:00,125.15
2025-12-20 17:30:00,128.59
2025-12-20 17:45:00,121.05
2025-12-20 18:00:00,130.34
2025-12-20 18:15:00,119.87
2025-12-20 18:30:00,117.74
2025-12-20 18:45:00,117.3
2025-12-20 19:00:00,120.35
2025-12-20 19:15:00,119.41
2025-12-20 19:30:00,116.14
2025-12-20 19:45:00,106.97
2025-12-20 20:00:00,121.82
2025-12-20 20:15:00,111.43
2025-12-20 20:30:00,107.9
2025-12-20 20:45:00,104.67
2025-12-20 21:00:00,115.64
2025-12-20 21:15:00,106.87
2025-12-20 21:30:00,105.17
2025-12-20 21:45:00,97.82
2025-12-20 22:00:00,108.59
2025-12-20 22:15:00,97.33
2025-12-20 22:30:00,90.41
2025-12-20 22:45:00,84.99
2025-12-20 23:00:00,108.2
2025-12-20 23:15:00,102.36
2025-12-20 23:30:00,98.46
2025-12-20 23:45:00,92.6
2025-12-21 00:00:00,102.54
2025-12-21 00:15:00,92.72
2025-12-21 00:30:00,89.06
2025-12-21 00:45:00,88.08
2025-12-21 01:00:00,94.08
2025-12-21 01:15:00,91.0
2025-12-21 01:30:00,90.04
2025-12-21 01:45:00,91.96
2025-12-21 02:00:00,90.11
2025-12-21 02:15:00,94.27
2025-12-21 02:30:00,94.07
2025-12-21 02:45:00,89.71
2025-12-21 03:00:00,90.37
2025-12-21 03:15:00,89.4
2025-12-21 03:30:00,92.16
2025-12-21 03:45:00,90.82
2025-12-21 04:00:00,92.7
2025-12-21 04:15:00,91.67
2025-12-21 04:30:00,92.16
2025-12-21 04:45:00,91.73
2025-12-21 05:00:00,89.07
2025-12-21 05:15:00,94.51
2025-12-21 05:30:00,96.23
2025-12-21 05:45:00,100.42
2025-12-21 06:00:00,95.95
2025-12-21 06:15:00,99.56
2025-12-21 06:30:00,102.88
2025-12-21 06:45:00,105.04
2025-12-21 07:00:00,102.58
2025-12-21 07:15:00,106.35
2025-12-21 07:30:00,106.97
2025-12-21 07:45:00,108.06
2025-12-21 08:00:00,110.59
2025-12-21 08:15:00,114.22
2025-12-21 08:30:00,111.38
2025-12-21 08:45:00,110.22
2025-12-21 09:00:00,116.25
2025-12-21 09:15:00,112.09
2025-12-21 09:30:00,107.92
2025-12-21 09:45:00,104.11
2025-12-21 10:00:00,111.31
2025-12-21 10:15:00,110.78
2025-12-21 10:30:00,107.94
2025-12-21 10:45:00,106.98
2025-12-21 11:00:00,109.63
2025-12-21 11:15:00,107.28
2025-12-21 11:30:00,106.35
2025-12-21 11:45:00,106.35
2025-12-21 12:00:00,108.69
2025-12-21 12:15:00,108.04
2025-12-21 12:30:00,105.14
2025-12-21 12:45:00,109.78
2025-12-21 13:00:00,106.35
2025-12-21 13:15:00,107.83
2025-12-21 13:30:00,111.12
2025-12-21 13:45:00,122.64
2025-12-21 14:00:00,108.13
2025-12-21 14:15:00,112.89
2025-12-21 14:30:00,113.76
2025-12-21 14:45:00,118.99
2025-12-21 15:00:00,110.82
2025-12-21 15:15:00,112.94
2025-12-21 15:30:00,118.24
2025-12-21 15:45:00,124.79
2025-12-21 16:00:00,118.95
2025-12-21 16:15:00,119.16
2025-12-21 16:30:00,118.08
2025-12-21 16:45:00,120.43
2025-12-21 17:00:00,116.85
2025-12-21 17:15:00,116.6
2025-12-21 17:30:00,115.75
2025-12-21 17:45:00,119.07
2025-12-21 18:00:00,117.23
2025-12-21 18:15:00,121.64
2025-12-21 18:30:00,117.31
2025-12-21 18:45:00,112.55
2025-12-21 19:00:00,118.72
2025-12-21 19:15:00,117.23
2025-12-21 19:30:00,112.6
2025-12-21 19:45:00,107.52
2025-12-21 20:00:00,121.86
2025-12-21 20:15:00,115.68
2025-12-21 20:30:00,110.82
2025-12-21 20:45:00,107.72
2025-12-21 21:00:00,110.82
2025-12-21 21:15:00,110.82
2025-12-21 21:30:00,100.96
2025-12-21 21:45:00,94.97
2025-12-21 22:00:00,103.65
2025-12-21 22:15:00,97.2
2025-12-21 22:30:00,93.09
2025-12-21 22:45:00,84.28
2025-12-21 23:00:00,95.65
2025-12-21 23:15:00,91.84
2025-12-21 23:30:00,90.83
2025-12-21 23:45:00,89.32
2025-12-22 00:00:00,89.14
2025-12-22 00:15:00,89.01
2025-12-22 00:30:00,89.86
2025-12-22 00:45:00,89.31
2025-12-22 01:00:00,90.56
2025-12-22 01:15:00,87.94
2025-12-22 01:30:00,87.65
2025-12-22 01:45:00,86.42
2025-12-22 02:00:00,83.18
2025-12-22 02:15:00,83.72
2025-12-22 02:30:00,84.9
2025-12-22 02:45:00,86.63
2025-12-22 03:00:00,85.67
2025-12-22 03:15:00,86.71
2025-12-22 03:30:00,85.54
2025-12-22 03:45:00,89.34
2025-12-22 04:00:00,83.12
2025-12-22 04:15:00,91.4
2025-12-22 04:30:00,95.36
2025-12-22 04:45:00,105.3
2025-12-22 05:00:00,87.72
2025-12-22 05:15:00,99.04
2025-12-22 05:30:00,105.93
2025-12-22 05:45:00,115.72
2025-12-22 06:00:00,108.39
2025-12-22 06:15:00,116.87
2025-12-22 06:30:00,126.03
2025-12-22 06:45:00,128.55
2025-12-22 07:00:00,122.21
2025-12-22 07:15:00,123.81
2025-12-22 07:30:00,128.19
2025-12-22 07:45:00,125.25
2025-12-22 08:00:00,122.28
2025-12-22 08:15:00,136.05
2025-12-22 08:30:00,121.63
2025-12-22 08:45:00,119.54
2025-12-22 09:00:00,127.33
2025-12-22 09:15:00,119.82
2025-12-22 09:30:00,119.34
2025-12-22 09:45:00,113.87
2025-12-22 10:00:00,119.0
2025-12-22 10:15:00,119.82
2025-12-22 10:30:00,117.41
2025-12-22 10:45:00,116.99
2025-12-22 11:00:00,116.99
2025-12-22 11:15:00,116.99
2025-12-22 11:30:00,118.37
2025-12-22 11:45:00,118.15
2025-12-22 12:00:00,120.88
2025-12-22 12:15:00,117.1
2025-12-22 12:30:00,122.4
2025-12-22 12:45:00,128.23
2025-12-22 13:00:00,115.82
2025-12-22 13:15:00,120.73
2025-12-22 13:30:00,137.08
2025-12-22 13:45:00,128.19
2025-12-22 14:00:00,124.27
2025-12-22 14:15:00,123.8
2025-12-22 14:30:00,122.8
2025-12-22 14:45:00,126.81
2025-12-22 15:00:00,122.89
2025-12-22 15:15:00,129.06
2025-12-22 15:30:00,133.15
2025-12-22 15:45:00,134.94
2025-12-22 16:00:00,127.04
2025-12-22 16:15:00,126.73
2025-12-22 16:30:00,125.0
2025-12-22 16:45:00,133.09
2025-12-22 17:00:00,123.78
2025-12-22 17:15:00,123.23
2025-12-22 17:30:00,121.72
2025-12-22 17:45:00,126.03
2025-12-22 18:00:00,126.03
2025-12-22 18:15:00,128.15
2025-12-22 18:30:00,121.41
2025-12-22 18:45:00,119.82
2025-12-22 19:00:00,127.38
2025-12-22 19:15:00,120.17
2025-12-22 19:30:00,114.75
2025-12-22 19:45:00,109.28
2025-12-22 20:00:00,122.81
2025-12-22 20:15:00,115.51
2025-12-22 20:30:00,98.77
2025-12-22 20:45:00,90.22
2025-12-22 21:00:00,112.95
2025-12-22 21:15:00,107.49
2025-12-22 21:30:00,94.04
2025-12-22 21:45:00,88.96
2025-12-22 22:00:00,103.21
2025-12-22 22:15:00,91.35
2025-12-22 22:30:00,84.27
2025-12-22 22:45:00,79.63
2025-12-22 23:00:00,84.38
2025-12-22 23:15:00,82.98
2025-12-22 23:30:00,80.44
2025-12-22 23:45:00,82.08
2025-12-23 00:00:00,84.51
2025-12-23 00:15:00,75.23
2025-12-23 00:30:00,79.59
2025-12-23 00:45:00,67.43
2025-12-23 01:00:00,80.29
2025-12-23 01:15:00,83.92
2025-12-23 01:30:00,75.14
2025-12-23 01:45:00,69.66
2025-12-23 02:00:00,79.69
2025-12-23 02:15:00,76.22
2025-12-23 02:30:00,70.43
2025-12-23 02:45:00,72.14
2025-12-23 03:00:00,81.01
2025-12-23 03:15:00,69.64
2025-12-23 03:30:00,75.71
2025-12-23 03:45:00,69.87
2025-12-23 04:00:00,68.72
2025-12-23 04:15:00,79.31
2025-12-23 04:30:00,83.04
2025-12-23 04:45:00,95.56
2025-12-23 05:00:00,69.46
2025-12-23 05:15:00,91.95
2025-12-23 05:30:00,104.11
2025-12-23 05:45:00,115.67
2025-12-23 06:00:00,92.64
2025-12-23 06:15:00,100.76
2025-12-23 06:30:00,113.28
2025-12-23 06:45:00,121.37
2025-12-23 07:00:00,113.21
2025-12-23 07:15:00,113.99
2025-12-23 07:30:00,117.93
2025-12-23 07:45:00,116.52
2025-12-23 08:00:00,117.07
2025-12-23 08:15:00,120.26
2025-12-23 08:30:00,116.12
2025-12-23 08:45:00,115.72
2025-12-23 09:00:00,120.55
2025-12-23 09:15:00,116.05
2025-12-23 09:30:00,115.45
2025-12-23 09:45:00,114.6
2025-12-23 10:00:00,112.28
2025-12-23 10:15:00,113.44
2025-12-23 10:30:00,120.29
2025-12-23 10:45:00,112.57
2025-12-23 11:00:00,114.38
2025-12-23 11:15:00,108.56
2025-12-23 11:30:00,109.75
2025-12-23 11:45:00,113.57
2025-12-23 12:00:00,114.87
2025-12-23 12:15:00,111.47
2025-12-23 12:30:00,110.6
2025-12-23 12:45:00,113.45
2025-12-23 13:00:00,107.84
2025-12-23 13:15:00,113.53
2025-12-23 13:30:00,119.36
2025-12-23 13:45:00,121.57
2025-12-23 14:00:00,108.49
2025-12-23 14:15:00,118.08
2025-12-23 14:30:00,122.39
2025-12-23 14:45:00,126.72
2025-12-23 15:00:00,116.58
2025-12-23 15:15:00,123.45
2025-12-23 15:30:00,130.0
2025-12-23 15:45:00,130.01
2025-12-23 16:00:00,130.01
2025-12-23 16:15:00,127.24
2025-12-23 16:30:00,122.93
2025-12-23 16:45:00,118.87
2025-12-23 17:00:00,122.68
2025-12-23 17:15:00,121.26
2025-12-23 17:30:00,119.33
2025-12-23 17:45:00,119.52
2025-12-23 18:00:00,128.72
2025-12-23 18:15:00,128.82
2025-12-23 18:30:00,118.57
2025-12-23 18:45:00,109.02
2025-12-23 19:00:00,128.22
2025-12-23 19:15:00,121.38
2025-12-23 19:30:00,110.99
2025-12-23 19:45:00,99.91
2025-12-23 20:00:00,118.21
2025-12-23 20:15:00,110.03
2025-12-23 20:30:00,96.55
2025-12-23 20:45:00,88.25
2025-12-23 21:00:00,108.46
2025-12-23 21:15:00,103.46
2025-12-23 21:30:00,98.26
2025-12-23 21:45:00,82.64
2025-12-23 22:00:00,105.04
2025-12-23 22:15:00,92.59
2025-12-23 22:30:00,84.08
2025-12-23 22:45:00,72.17
2025-12-23 23:00:00,100.62
2025-12-23 23:15:00,92.86
2025-12-23 23:30:00,86.21
2025-12-23 23:45:00,70.69
2025-12-24 00:00:00,89.22
2025-12-24 00:15:00,81.28
2025-12-24 00:30:00,77.76
2025-12-24 00:45:00,69.74
2025-12-24 01:00:00,79.31
2025-12-24 01:15:00,84.33
2025-12-24 01:30:00,78.69
2025-12-24 01:45:00,78.65
2025-12-24 02:00:00,78.25
2025-12-24 02:15:00,77.57
2025-12-24 02:30:00,78.9
2025-12-24 02:45:00,69.18
2025-12-24 03:00:00,65.13
2025-12-24 03:15:00,70.45
2025-12-24 03:30:00,70.78
2025-12-24 03:45:00,79.54
2025-12-24 04:00:00,64.25
2025-12-24 04:15:00,77.14
2025-12-24 04:30:00,85.11
2025-12-24 04:45:00,89.81
2025-12-24 05:00:00,75.06
2025-12-24 05:15:00,76.68
2025-12-24 05:30:00,80.94
2025-12-24 05:45:00,92.93
2025-12-24 06:00:00,72.48
2025-12-24 06:15:00,83.1
2025-12-24 06:30:00,97.62
2025-12-24 06:45:00,113.51
2025-12-24 07:00:00,86.73
2025-12-24 07:15:00,87.54
2025-12-24 07:30:00,104.74
2025-12-24 07:45:00,112.63
2025-12-24 08:00:00,107.63
2025-12-24 08:15:00,104.23
2025-12-24 08:30:00,101.28
2025-12-24 08:45:00,105.4
2025-12-24 09:00:00,108.4
2025-12-24 09:15:00,109.48
2025-12-24 09:30:00,110.27
2025-12-24 09:45:00,100.44
2025-12-24 10:00:00,113.63
2025-12-24 10:15:00,111.79
2025-12-24 10:30:00,109.65
2025-12-24 10:45:00,104.27
2025-12-24 11:00:00,109.68
2025-12-24 11:15:00,106.73
2025-12-24 11:30:00,100.48
2025-12-24 11:45:00,99.99
2025-12-24 12:00:00,108.42
2025-12-24 12:15:00,105.87
2025-12-24 12:30:00,100.29
2025-12-24 12:45:00,104.79
2025-12-24 13:00:00,97.38
2025-12-24 13:15:00,98.55
2025-12-24 13:30:00,103.54
2025-12-24 13:45:00,112.59
2025-12-24 14:00:00,86.79
2025-12-24 14:15:00,105.84
2025-12-24 14:30:00,113.74
2025-12-24 14:45:00,119.49
2025-12-24 15:00:00,109.47
2025-12-24 15:15:00,120.91
2025-12-24 15:30:00,121.02
2025-12-24 15:45:00,109.59
2025-12-24 16:00:00,120.45
2025-12-24 16:15:00,115.84
2025-12-24 16:30:00,110.81
2025-12-24 16:45:00,94.57
2025-12-24 17:00:00,105.69
2025-12-24 17:15:00,95.07
2025-12-24 17:30:00,85.1
2025-12-24 17:45:00,80.56
2025-12-24 18:00:00,91.32
2025-12-24 18:15:00,85.3
2025-12-24 18:30:00,81.65
2025-12-24 18:45:00,81.55
2025-12-24 19:00:00,88.53
2025-12-24 19:15:00,86.33
2025-12-24 19:30:00,84.2
2025-12-24 19:45:00,77.49
2025-12-24 20:00:00,90.78
2025-12-24 20:15:00,88.76
2025-12-24 20:30:00,85.52
2025-12-24 20:45:00,78.26
2025-12-24 21:00:00,96.23
2025-12-24 21:15:00,88.74
2025-12-24 21:30:00,76.62
2025-12-24 21:45:00,69.69
2025-12-24 22:00:00,73.96
2025-12-24 22:15:00,74.39
2025-12-24 22:30:00,67.86
2025-12-24 22:45:00,56.33
2025-12-24 23:00:00,75.22
2025-12-24 23:15:00,69.64
2025-12-24 23:30:00,77.97
2025-12-24 23:45:00,79.4
2025-12-25 00:00:00,67.39
2025-12-25 00:15:00,70.04
2025-12-25 00:30:00,70.27
2025-12-25 00:45:00,60.6
2025-12-25 01:00:00,70.6
2025-12-25 01:15:00,67.73
2025-12-25 01:30:00,70.95
2025-12-25 01:45:00,59.96
2025-12-25 02:00:00,70.28
2025-12-25 02:15:00,75.07
2025-12-25 02:30:00,78.0
2025-12-25 02:45:00,64.44
2025-12-25 03:00:00,64.35
2025-12-25 03:15:00,67.62
2025-12-25 03:30:00,65.24
2025-12-25 03:45:00,70.23
2025-12-25 04:00:00,63.72
2025-12-25 04:15:00,73.6
2025-12-25 04:30:00,77.29
2025-12-25 04:45:00,81.91
2025-12-25 05:00:00,66.23
2025-12-25 05:15:00,57.72
2025-12-25 05:30:00,70.33
2025-12-25 05:45:00,75.2
2025-12-25 06:00:00,47.66
2025-12-25 06:15:00,82.09
2025-12-25 06:30:00,87.09
2025-12-25 06:45:00,94.71
2025-12-25 07:00:00,80.95
2025-12-25 07:15:00,81.79
2025-12-25 07:30:00,85.02
2025-12-25 07:45:00,85.37
2025-12-25 08:00:00,87.09
2025-12-25 08:15:00,85.68
2025-12-25 08:30:00,81.7
2025-12-25 08:45:00,78.59
2025-12-25 09:00:00,80.35
2025-12-25 09:15:00,78.11
2025-12-25 09:30:00,81.2
2025-12-25 09:45:00,78.92
2025-12-25 10:00:00,80.66
2025-12-25 10:15:00,81.74
2025-12-25 10:30:00,77.74
2025-12-25 10:45:00,73.54
2025-12-25 11:00:00,84.89
2025-12-25 11:15:00,80.11
2025-12-25 11:30:00,75.67
2025-12-25 11:45:00,69.6
2025-12-25 12:00:00,76.23
2025-12-25 12:15:00,75.7
2025-12-25 12:30:00,77.24
2025-12-25 12:45:00,83.91
2025-12-25 13:00:00,67.82
2025-12-25 13:15:00,88.0
2025-12-25 13:30:00,93.11
2025-12-25 13:45:00,108.84
2025-12-25 14:00:00,87.52
2025-12-25 14:15:00,96.2
2025-12-25 14:30:00,107.76
2025-12-25 14:45:00,110.09
2025-12-25 15:00:00,99.54
2025-12-25 15:15:00,99.23
2025-12-25 15:30:00,106.96
2025-12-25 15:45:00,106.74
2025-12-25 16:00:00,100.54
2025-12-25 16:15:00,101.58
2025-12-25 16:30:00,107.58
2025-12-25 16:45:00,102.65
2025-12-25 17:00:00,103.67
2025-12-25 17:15:00,102.93
2025-12-25 17:30:00,109.79
2025-12-25 17:45:00,103.85
2025-12-25 18:00:00,105.11
2025-12-25 18:15:00,101.58
2025-12-25 18:30:00,103.82
2025-12-25 18:45:00,114.29
2025-12-25 19:00:00,114.76
2025-12-25 19:15:00,110.7
2025-12-25 19:30:00,106.5
2025-12-25 19:45:00,100.67
2025-12-25 20:00:00,114.35
2025-12-25 20:15:00,106.1
2025-12-25 20:30:00,103.91
2025-12-25 20:45:00,104.63
2025-12-25 21:00:00,120.72
2025-12-25 21:15:00,108.57
2025-12-25 21:30:00,99.19
2025-12-25 21:45:00,93.06
2025-12-25 22:00:00,111.83
2025-12-25 22:15:00,96.47
2025-12-25 22:30:00,90.53
2025-12-25 22:45:00,88.01
2025-12-25 23:00:00,106.45
2025-12-25 23:15:00,99.96
2025-12-25 23:30:00,91.46
2025-12-25 23:45:00,90.53
2025-12-26 00:00:00,95.66
2025-12-26 00:15:00,91.35
2025-12-26 00:30:00,90.74
2025-12-26 00:45:00,86.46
2025-12-26 01:00:00,90.74
2025-12-26 01:15:00,86.4
2025-12-26 01:30:00,84.66
2025-12-26 01:45:00,81.74
2025-12-26 02:00:00,85.0
2025-12-26 02:15:00,83.11
2025-12-26 02:30:00,82.47
2025-12-26 02:45:00,82.71
2025-12-26 03:00:00,80.75
2025-12-26 03:15:00,82.82
2025-12-26 03:30:00,84.12
2025-12-26 03:45:00,85.68
2025-12-26 04:00:00,82.09
2025-12-26 04:15:00,82.25
2025-12-26 04:30:00,84.24
2025-12-26 04:45:00,87.52
2025-12-26 05:00:00,80.86
2025-12-26 05:15:00,81.38
2025-12-26 05:30:00,88.17
2025-12-26 05:45:00,90.56
2025-12-26 06:00:00,90.79
2025-12-26 06:15:00,92.29
2025-12-26 06:30:00,96.33
2025-12-26 06:45:00,101.22
2025-12-26 07:00:00,95.08
2025-12-26 07:15:00,97.6
2025-12-26 07:30:00,102.8
2025-12-26 07:45:00,102.39
2025-12-26 08:00:00,104.07
2025-12-26 08:15:00,104.17
2025-12-26 08:30:00,94.82
2025-12-26 08:45:00,85.23
2025-12-26 09:00:00,96.0
2025-12-26 09:15:00,91.22
2025-12-26 09:30:00,86.9
2025-12-26 09:45:00,82.88
2025-12-26 10:00:00,89.0
2025-12-26 10:15:00,85.28
2025-12-26 10:30:00,83.71
2025-12-26 10:45:00,81.98
2025-12-26 11:00:00,83.11
2025-12-26 11:15:00,82.0
2025-12-26 11:30:00,81.83
2025-12-26 11:45:00,82.31
2025-12-26 12:00:00,80.0
2025-12-26 12:15:00,80.68
2025-12-26 12:30:00,86.42
2025-12-26 12:45:00,86.33
2025-12-26 13:00:00,75.13
2025-12-26 13:15:00,86.59
2025-12-26 13:30:00,95.43
2025-12-26 13:45:00,119.42
2025-12-26 14:00:00,92.16
2025-12-26 14:15:00,111.12
2025-12-26 14:30:00,120.28
2025-12-26 14:45:00,125.33
2025-12-26 15:00:00,113.84
2025-12-26 15:15:00,120.36
2025-12-26 15:30:00,121.5
2025-12-26 15:45:00,123.43
2025-12-26 16:00:00,122.24
2025-12-26 16:15:00,124.19
2025-12-26 16:30:00,124.15
2025-12-26 16:45:00,121.52
2025-12-26 17:00:00,121.3
2025-12-26 17:15:00,119.14
2025-12-26 17:30:00,119.37
2025-12-26 17:45:00,114.83
2025-12-26 18:00:00,119.59
2025-12-26 18:15:00,117.78
2025-12-26 18:30:00,118.15
2025-12-26 18:45:00,116.09
2025-12-26 19:00:00,123.95
2025-12-26 19:15:00,119.27
2025-12-26 19:30:00,112.74
2025-12-26 19:45:00,106.67
2025-12-26 20:00:00,120.99
2025-12-26 20:15:00,117.82
2025-12-26 20:30:00,110.77
2025-12-26 20:45:00,104.25
2025-12-26 21:00:00,120.75
2025-12-26 21:15:00,115.55
2025-12-26 21:30:00,105.73
2025-12-26 21:45:00,96.49
2025-12-26 22:00:00,112.36
2025-12-26 22:15:00,105.15
2025-12-26 22:30:00,94.71
2025-12-26 22:45:00,88.27
2025-12-26 23:00:00,103.8
2025-12-26 23:15:00,99.66
2025-12-26 23:30:00,94.52
2025-12-26 23:45:00,90.44
2025-12-27 00:00:00,103.47
2025-12-27 00:15:00,91.44
2025-12-27 00:30:00,88.77
2025-12-27 00:45:00,84.61
2025-12-27 01:00:00,88.61
2025-12-27 01:15:00,85.83
2025-12-27 01:30:00,84.41
2025-12-27 01:45:00,81.55
2025-12-27 02:00:00,86.09
2025-12-27 02:15:00,84.32
2025-12-27 02:30:00,83.53
2025-12-27 02:45:00,81.42
2025-12-27 03:00:00,85.52
2025-12-27 03:15:00,85.77
2025-12-27 03:30:00,85.26
2025-12-27 03:45:00,85.01
2025-12-27 04:00:00,80.42
2025-12-27 04:15:00,82.88
2025-12-27 04:30:00,84.34
2025-12-27 04:45:00,90.39
2025-12-27 05:00:00,78.44
2025-12-27 05:15:00,87.04
2025-12-27 05:30:00,92.91
2025-12-27 05:45:00,100.97
2025-12-27 06:00:00,95.56
2025-12-27 06:15:00,99.08
2025-12-27 06:30:00,105.87
2025-12-27 06:45:00,107.99
2025-12-27 07:00:00,106.96
2025-12-27 07:15:00,106.65
2025-12-27 07:30:00,105.84
2025-12-27 07:45:00,95.86
2025-12-27 08:00:00,110.1
2025-12-27 08:15:00,104.64
2025-12-27 08:30:00,87.84
2025-12-27 08:45:00,74.9
2025-12-27 09:00:00,102.99
2025-12-27 09:15:00,77.67
2025-12-27 09:30:00,71.15
2025-12-27 09:45:00,69.27
2025-12-27 10:00:00,78.32
2025-12-27 10:15:00,77.64
2025-12-27 10:30:00,75.79
2025-12-27 10:45:00,71.51
2025-12-27 11:00:00,78.39
2025-12-27 11:15:00,71.25
2025-12-27 11:30:00,74.43
2025-12-27 11:45:00,75.07
2025-12-27 12:00:00,71.74
2025-12-27 12:15:00,76.75
2025-12-27 12:30:00,82.52
2025-12-27 12:45:00,90.94
2025-12-27 13:00:00,69.25
2025-12-27 13:15:00,86.75
2025-12-27 13:30:00,102.56
2025-12-27 13:45:00,112.01
2025-12-27 14:00:00,89.49
2025-12-27 14:15:00,102.59
2025-12-27 14:30:00,110.81
2025-12-27 14:45:00,137.11
2025-12-27 15:00:00,108.73
2025-12-27 15:15:00,116.78
2025-12-27 15:30:00,125.97
2025-12-27 15:45:00,122.4
2025-12-27 16:00:00,123.79
2025-12-27 16:15:00,119.31
2025-12-27 16:30:00,115.97
2025-12-27 16:45:00,116.17
2025-12-27 17:00:00,127.45
2025-12-27 17:15:00,119.69
2025-12-27 17:30:00,113.25
2025-12-27 17:45:00,113.94
2025-12-27 18:00:00,127.46
2025-12-27 18:15:00,121.09
2025-12-27 18:30:00,113.1
2025-12-27 18:45:00,112.7
2025-12-27 19:00:00,138.66
2025-12-27 19:15:00,121.73
2025-12-27 19:30:00,104.99
2025-12-27 19:45:00,95.88
2025-12-27 20:00:00,108.67
2025-12-27 20:15:00,101.5
2025-12-27 20:30:00,98.83
2025-12-27 20:45:00,93.81
2025-12-27 21:00:00,109.56
2025-12-27 21:15:00,104.73
2025-12-27 21:30:00,96.69
2025-12-27 21:45:00,93.81
2025-12-27 22:00:00,104.42
2025-12-27 22:15:00,96.42
2025-12-27 22:30:00,91.44
2025-12-27 22:45:00,85.87
2025-12-27 23:00:00,106.65
2025-12-27 23:15:00,96.15
2025-12-27 23:30:00,87.64
2025-12-27 23:45:00,79.97
2025-12-28 00:00:00,91.22
2025-12-28 00:15:00,85.54
2025-12-28 00:30:00,86.6
2025-12-28 00:45:00,85.63
2025-12-28 01:00:00,87.91
2025-12-28 01:15:00,83.75
2025-12-28 01:30:00,84.04
2025-12-28 01:45:00,84.33
2025-12-28 02:00:00,83.71
2025-12-28 02:15:00,82.18
2025-12-28 02:30:00,83.99
2025-12-28 02:45:00,83.99
2025-12-28 03:00:00,82.59
2025-12-28 03:15:00,83.48
2025-12-28 03:30:00,83.99
2025-12-28 03:45:00,86.66
2025-12-28 04:00:00,84.21
2025-12-28 04:15:00,85.18
2025-12-28 04:30:00,86.69
2025-12-28 04:45:00,92.92
2025-12-28 05:00:00,82.52
2025-12-28 05:15:00,86.4
2025-12-28 05:30:00,90.88
2025-12-28 05:45:00,97.74
2025-12-28 06:00:00,91.59
2025-12-28 06:15:00,93.54
2025-12-28 06:30:00,98.16
2025-12-28 06:45:00,104.77
2025-12-28 07:00:00,94.84
2025-12-28 07:15:00,99.6
2025-12-28 07:30:00,101.47
2025-12-28 07:45:00,100.37
2025-12-28 08:00:00,92.83
2025-12-28 08:15:00,86.94
2025-12-28 08:30:00,81.47
2025-12-28 08:45:00,73.58
2025-12-28 09:00:00,101.29
2025-12-28 09:15:00,90.22
2025-12-28 09:30:00,83.82
2025-12-28 09:45:00,81.1
2025-12-28 10:00:00,79.07
2025-12-28 10:15:00,77.95
2025-12-28 10:30:00,78.03
2025-12-28 10:45:00,74.84
2025-12-28 11:00:00,82.95
2025-12-28 11:15:00,78.74
2025-12-28 11:30:00,79.55
2025-12-28 11:45:00,79.09
2025-12-28 12:00:00,76.6
2025-12-28 12:15:00,77.72
2025-12-28 12:30:00,81.81
2025-12-28 12:45:00,85.59
2025-12-28 13:00:00,80.52
2025-12-28 13:15:00,82.34
2025-12-28 13:30:00,88.21
2025-12-28 13:45:00,98.95
2025-12-28 14:00:00,88.27
2025-12-28 14:15:00,97.46
2025-12-28 14:30:00,114.01
2025-12-28 14:45:00,110.65
2025-12-28 15:00:00,104.51
2025-12-28 15:15:00,113.02
2025-12-28 15:30:00,116.19
2025-12-28 15:45:00,117.34
2025-12-28 16:00:00,113.74
2025-12-28 16:15:00,116.28
2025-12-28 16:30:00,115.54
2025-12-28 16:45:00,115.14
2025-12-28 17:00:00,123.4
2025-12-28 17:15:00,117.44
2025-12-28 17:30:00,114.39
2025-12-28 17:45:00,107.78
2025-12-28 18:00:00,116.91
2025-12-28 18:15:00,110.84
2025-12-28 18:30:00,107.88
2025-12-28 18:45:00,105.76
2025-12-28 19:00:00,108.44
2025-12-28 19:15:00,107.0
2025-12-28 19:30:00,103.66
2025-12-28 19:45:00,100.94
2025-12-28 20:00:00,101.08
2025-12-28 20:15:00,100.01
2025-12-28 20:30:00,99.04
2025-12-28 20:45:00,95.98
2025-12-28 21:00:00,100.01
2025-12-28 21:15:00,98.7
2025-12-28 21:30:00,98.22
2025-12-28 21:45:00,96.2
2025-12-28 22:00:00,97.74
2025-12-28 22:15:00,93.69
2025-12-28 22:30:00,90.39
2025-12-28 22:45:00,84.1
2025-12-28 23:00:00,102.83
2025-12-28 23:15:00,94.69
2025-12-28 23:30:00,85.01
2025-12-28 23:45:00,79.07
2025-12-29 00:00:00,93.07
2025-12-29 00:15:00,84.06
2025-12-29 00:30:00,86.59
2025-12-29 00:45:00,85.99
2025-12-29 01:00:00,89.89
2025-12-29 01:15:00,85.28
2025-12-29 01:30:00,81.48
2025-12-29 01:45:00,82.86
2025-12-29 02:00:00,84.38
2025-12-29 02:15:00,82.0
2025-12-29 02:30:00,81.05
2025-12-29 02:45:00,81.33
2025-12-29 03:00:00,81.82
2025-12-29 03:15:00,81.68
2025-12-29 03:30:00,84.79
2025-12-29 03:45:00,88.1
2025-12-29 04:00:00,84.67
2025-12-29 04:15:00,89.0
2025-12-29 04:30:00,92.0
2025-12-29 04:45:00,97.5
2025-12-29 05:00:00,87.64
2025-12-29 05:15:00,95.17
2025-12-29 05:30:00,97.3
2025-12-29 05:45:00,105.22
2025-12-29 06:00:00,111.25
2025-12-29 06:15:00,105.85
2025-12-29 06:30:00,106.62
2025-12-29 06:45:00,109.77
2025-12-29 07:00:00,119.18
2025-12-29 07:15:00,113.83
2025-12-29 07:30:00,112.5
2025-12-29 07:45:00,110.0
2025-12-29 08:00:00,120.05
2025-12-29 08:15:00,112.26
2025-12-29 08:30:00,109.29
2025-12-29 08:45:00,100.7
2025-12-29 09:00:00,107.94
2025-12-29 09:15:00,103.95
2025-12-29 09:30:00,95.27
2025-12-29 09:45:00,85.05
2025-12-29 10:00:00,95.44
2025-12-29 10:15:00,86.45
2025-12-29 10:30:00,91.23
2025-12-29 10:45:00,88.0
2025-12-29 11:00:00,88.63
2025-12-29 11:15:00,87.16
2025-12-29 11:30:00,88.48
2025-12-29 11:45:00,88.57
2025-12-29 12:00:00,87.81
2025-12-29 12:15:00,88.5
2025-12-29 12:30:00,87.84
2025-12-29 12:45:00,91.23
2025-12-29 13:00:00,90.38
2025-12-29 13:15:00,94.27
2025-12-29 13:30:00,103.39
2025-12-29 13:45:00,120.5
2025-12-29 14:00:00,96.86
2025-12-29 14:15:00,105.79
2025-12-29 14:30:00,123.31
2025-12-29 14:45:00,132.97
2025-12-29 15:00:00,118.17
2025-12-29 15:15:00,129.32
2025-12-29 15:30:00,133.96
2025-12-29 15:45:00,132.0
2025-12-29 16:00:00,128.95
2025-12-29 16:15:00,124.03
2025-12-29 16:30:00,119.94
2025-12-29 16:45:00,122.28
2025-12-29 17:00:00,131.13
2025-12-29 17:15:00,125.36
2025-12-29 17:30:00,121.39
2025-12-29 17:45:00,121.46
2025-12-29 18:00:00,131.63
2025-12-29 18:15:00,125.51
2025-12-29 18:30:00,130.72
2025-12-29 18:45:00,114.32
2025-12-29 19:00:00,129.18
2025-12-29 19:15:00,116.44
2025-12-29 19:30:00,107.91
2025-12-29 19:45:00,92.98
2025-12-29 20:00:00,123.69
2025-12-29 20:15:00,105.22
2025-12-29 20:30:00,102.34
2025-12-29 20:45:00,88.69
2025-12-29 21:00:00,114.09
2025-12-29 21:15:00,96.56
2025-12-29 21:30:00,94.19
2025-12-29 21:45:00,89.98
2025-12-29 22:00:00,93.19
2025-12-29 22:15:00,87.69
2025-12-29 22:30:00,85.0
2025-12-29 22:45:00,77.23
2025-12-29 23:00:00,88.51
2025-12-29 23:15:00,82.52
2025-12-29 23:30:00,78.3
2025-12-29 23:45:00,74.15
2025-12-30 00:00:00,80.86
2025-12-30 00:15:00,77.6
2025-12-30 00:30:00,77.32
2025-12-30 00:45:00,77.66
2025-12-30 01:00:00,81.37
2025-12-30 01:15:00,80.97
2025-12-30 01:30:00,77.74
2025-12-30 01:45:00,76.93
2025-12-30 02:00:00,77.38
2025-12-30 02:15:00,76.33
2025-12-30 02:30:00,73.1
2025-12-30 02:45:00,71.47
2025-12-30 03:00:00,79.94
2025-12-30 03:15:00,77.98
2025-12-30 03:30:00,76.35
2025-12-30 03:45:00,71.3
2025-12-30 04:00:00,79.33
2025-12-30 04:15:00,82.65
2025-12-30 04:30:00,76.41
2025-12-30 04:45:00,79.29
2025-12-30 05:00:00,71.65
2025-12-30 05:15:00,80.93
2025-12-30 05:30:00,87.69
2025-12-30 05:45:00,98.85
2025-12-30 06:00:00,89.31
2025-12-30 06:15:00,92.82
2025-12-30 06:30:00,96.39
2025-12-30 06:45:00,94.93
2025-12-30 07:00:00,93.18
2025-12-30 07:15:00,99.0
2025-12-30 07:30:00,95.35
2025-12-30 07:45:00,91.98
2025-12-30 08:00:00,104.6
2025-12-30 08:15:00,99.87
2025-12-30 08:30:00,93.55
2025-12-30 08:45:00,79.55
2025-12-30 09:00:00,96.73
2025-12-30 09:15:00,86.34
2025-12-30 09:30:00,81.14
2025-12-30 09:45:00,79.07
2025-12-30 10:00:00,81.4
2025-12-30 10:15:00,80.23
2025-12-30 10:30:00,79.0
2025-12-30 10:45:00,76.89
2025-12-30 11:00:00,78.97
2025-12-30 11:15:00,76.99
2025-12-30 11:30:00,76.11
2025-12-30 11:45:00,72.55
2025-12-30 12:00:00,72.83
2025-12-30 12:15:00,74.76
2025-12-30 12:30:00,75.17
2025-12-30 12:45:00,85.84
2025-12-30 13:00:00,71.7
2025-12-30 13:15:00,87.98
2025-12-30 13:30:00,95.66
2025-12-30 13:45:00,107.32
2025-12-30 14:00:00,92.65
2025-12-30 14:15:00,98.78
2025-12-30 14:30:00,113.79
2025-12-30 14:45:00,117.61
2025-12-30 15:00:00,104.17
2025-12-30 15:15:00,110.41
2025-12-30 15:30:00,110.19
2025-12-30 15:45:00,123.39
2025-12-30 16:00:00,111.99
2025-12-30 16:15:00,116.39
2025-12-30 16:30:00,110.81
2025-12-30 16:45:00,112.1
2025-12-30 17:00:00,116.75
2025-12-30 17:15:00,111.38
2025-12-30 17:30:00,107.29
2025-12-30 17:45:00,107.49
2025-12-30 18:00:00,109.05
2025-12-30 18:15:00,108.16
2025-12-30 18:30:00,106.92
2025-12-30 18:45:00,107.13
2025-12-30 19:00:00,107.38
2025-12-30 19:15:00,105.94
2025-12-30 19:30:00,102.74
2025-12-30 19:45:00,95.88
2025-12-30 20:00:00,104.15
2025-12-30 20:15:00,96.04
2025-12-30 20:30:00,93.02
2025-12-30 20:45:00,88.05
2025-12-30 21:00:00,106.15
2025-12-30 21:15:00,94.92
2025-12-30 21:30:00,89.92
2025-12-30 21:45:00,84.21
2025-12-30 22:00:00,94.86
2025-12-30 22:15:00,88.45
2025-12-30 22:30:00,82.19
2025-12-30 22:45:00,77.8
2025-12-30 23:00:00,94.87
2025-12-30 23:15:00,90.31
2025-12-30 23:30:00,86.19
2025-12-30 23:45:00,82.74
2025-12-31 00:00:00,90.11
2025-12-31 00:15:00,83.48
2025-12-31 00:30:00,83.03
2025-12-31 00:45:00,82.56
2025-12-31 01:00:00,83.54
2025-12-31 01:15:00,81.06
2025-12-31 01:30:00,79.39
2025-12-31 01:45:00,77.0
2025-12-31 02:00:00,80.0
2025-12-31 02:15:00,76.19
2025-12-31 02:30:00,75.03
2025-12-31 02:45:00,75.1
2025-12-31 03:00:00,74.41
2025-12-31 03:15:00,75.01
2025-12-31 03:30:00,74.71
2025-12-31 03:45:00,75.6
2025-12-31 04:00:00,75.05
2025-12-31 04:15:00,75.62
2025-12-31 04:30:00,78.1
2025-12-31 04:45:00,80.74
2025-12-31 05:00:00,77.82
2025-12-31 05:15:00,82.36
2025-12-31 05:30:00,82.92
2025-12-31 05:45:00,84.66
2025-12-31 06:00:00,84.74
2025-12-31 06:15:00,85.67
2025-12-31 06:30:00,88.02
2025-12-31 06:45:00,92.31
2025-12-31 07:00:00,94.87
2025-12-31 07:15:00,98.39
2025-12-31 07:30:00,97.09
2025-12-31 07:45:00,96.91
2025-12-31 08:00:00,104.25
2025-12-31 08:15:00,100.38
2025-12-31 08:30:00,94.61
2025-12-31 08:45:00,85.17
2025-12-31 09:00:00,98.38
2025-12-31 09:15:00,89.82
2025-12-31 09:30:00,87.24
2025-12-31 09:45:00,82.74
2025-12-31 10:00:00,87.93
2025-12-31 10:15:00,83.93
2025-12-31 10:30:00,82.06
2025-12-31 10:45:00,80.0
2025-12-31 11:00:00,83.3
2025-12-31 11:15:00,82.0
2025-12-31 11:30:00,82.0
2025-12-31 11:45:00,84.89
2025-12-31 12:00:00,83.1
2025-12-31 12:15:00,84.14
2025-12-31 12:30:00,85.0
2025-12-31 12:45:00,88.44
2025-12-31 13:00:00,84.79
2025-12-31 13:15:00,91.67
2025-12-31 13:30:00,94.83
2025-12-31 13:45:00,120.82
2025-12-31 14:00:00,94.71
2025-12-31 14:15:00,104.66
2025-12-31 14:30:00,115.35
2025-12-31 14:45:00,146.66
2025-12-31 15:00:00,112.79
2025-12-31 15:15:00,120.18
2025-12-31 15:30:00,131.33
2025-12-31 15:45:00,136.25
2025-12-31 16:00:00,126.37
2025-12-31 16:15:00,121.33
2025-12-31 16:30:00,123.07
2025-12-31 16:45:00,125.97
2025-12-31 17:00:00,145.02
2025-12-31 17:15:00,123.93
2025-12-31 17:30:00,116.17
2025-12-31 17:45:00,109.67
2025-12-31 18:00:00,121.74
2025-12-31 18:15:00,113.01
2025-12-31 18:30:00,116.8
2025-12-31 18:45:00,99.53
2025-12-31 19:00:00,126.51
2025-12-31 19:15:00,109.24
2025-12-31 19:30:00,100.0
2025-12-31 19:45:00,91.73
2025-12-31 20:00:00,120.46
2025-12-31 20:15:00,109.58
2025-12-31 20:30:00,97.62
2025-12-31 20:45:00,91.31
2025-12-31 21:00:00,118.13
2025-12-31 21:15:00,111.77
2025-12-31 21:30:00,99.39
2025-12-31 21:45:00,89.05
2025-12-31 22:00:00,99.91
2025-12-31 22:15:00,90.24
2025-12-31 22:30:00,85.13
2025-12-31 22:45:00,79.24
